VNDNBR,VndCode,VNDNAME,VNDTYPE,INV_YEAR, INVPAYAMT , INV_AMOUNT ,DPTNBR,DIV,DEPT,DEPT_CODE
C8002134,8002134,เชียงใหม่ เฮิร์บส์ เทรดดิ้ง บจก. Capex (BJMP),CAPEX,2023,"  1,341,672.81 ","  41,339.01 ",21310,02,10,0210
C8002134,8002134,เชียงใหม่ เฮิร์บส์ เทรดดิ้ง บจก. Capex (BJMP),CAPEX,2023,"  1,341,672.81 ","  712,920.00 ",21840,06,20,0620
M0100007,0100007,กรีนแลนด์มาร์เก็ตติ้ง บจก.,FOOD-MERCHANDISE,2023,"  23,473,056.25 ","  21,937,435.67 ",21620,04,20,0420
M0101006,0101006,แกรนด์ไลท์ เอ็นเตอร์ไพรส์ บจก. (HL),NONFOOD-MERCHANDISE,2023,"  24,392,708.65 ","  22,749,959.97 ",21330,02,30,0230
M0101205,0101205,กลุ่มเกษตรมาร์เก็ตติ้ง บจก.,FOOD-MERCHANDISE,2023,"  51,073,525.00 ","  51,073,525.00 ",21630,04,30,0430
M0400050,0400050,เค.ที.วาย. ฟู๊ด อินเตอร์เนชั่นแนล บจก.,FOOD-MERCHANDISE,2023,"  39,431,533.42 ","  36,851,900.40 ",21610,04,10,0410
M0400124,0400124,โคฟี่ บจก.,FOOD-MERCHANDISE,2023,"  5,694,900.35 ","  5,322,336.78 ",21640,04,40,0440
M0400579,0400579,แคปปิตัล เทรดดิ้ง บจก.,FOOD-MERCHANDISE,2023,"  14,714,043.05 ","  13,751,442.07 ",21620,04,20,0420
M0100556,0100556,ก๊กเลี้ยงฟาร์มาซี หจก..,FOOD-MERCHANDISE,2023,"  90,700.99 ","  57,792.00 ",21662,04,62,0462
M0101006,0101006,แกรนด์ไลท์ เอ็นเตอร์ไพรส์ บจก. (HL),NONFOOD-MERCHANDISE,2023,  -   ,  -   ,21790,05,70,0570
M0400039,0400039,คอลเกต-ปาล์มโอลีฟ (ประเทศไทย) บจก.,FOOD-MERCHANDISE,2023,"  86,692.47 ",  -   ,21630,04,30,0430
M0400039,0400039,คอลเกต-ปาล์มโอลีฟ (ประเทศไทย) บจก.,FOOD-MERCHANDISE,2023,"  840,411,049.51 ","  785,170,621.10 ",21660,04,60,0460
M0400566,0400566,คิมเบอร์ลี่ย์-คล๊าค ประเทศไทย บจก. (DF),FOOD-MERCHANDISE,2023,"  380,665,266.00 ","  354,833,359.49 ",21672,04,72,0472
M0100240,0100240,กรไทย  บจก.,FOOD-MERCHANDISE,2023,"  2,070,891.95 ","  1,932,480.00 ",21630,04,30,0430
M0100296,0100296,กรุงเทพวิทยา (1988) บจก.,NONFOOD-MERCHANDISE,2023,"  814,611.33 ","  761,319.00 ",21350,02,50,0250
M0100556,0100556,ก๊กเลี้ยงฟาร์มาซี หจก..,FOOD-MERCHANDISE,2023,"  1,177,643.72 ","  834,536.74 ",21661,04,61,0461
M0101006,0101006,แกรนด์ไลท์ เอ็นเตอร์ไพรส์ บจก. (HL),NONFOOD-MERCHANDISE,2023,"  20,710,590.09 ","  19,345,633.86 ",21510,01,10,0110
M0400068,0400068,ควีนโปรดักส์  บจก.,FOOD-MERCHANDISE,2023,"  5,084,274.06 ","  4,751,658.00 ",21640,04,40,0440
M0400354,0400354,คอฟฟี่ เซลส์ บจก. (1),FOOD-MERCHANDISE,2023,"  90,603,184.24 ","  84,675,873.23 ",21610,04,10,0410
M0100126,0100126,มิตซูบิชิ อีเล็คทริค กันยงวัฒนา บจก.,NONFOOD-MERCHANDISE,2023,"  268,328,746.03 ","  250,774,529.00 ",21512,01,12,0112
M0100385,0100385,กิจไกร อิมปอร์ต-เอ็กซ์ปอร์ต หจก. (Old),NONFOOD-MERCHANDISE,2023,"  1,530,394.25 ","  1,430,275.00 ",21240,03,40,0340
M0100556,0100556,ก๊กเลี้ยงฟาร์มาซี หจก..,FOOD-MERCHANDISE,2023,"  14,108,557.05 ","  13,164,523.10 ",21660,04,60,0460
M0101084,0101084,กีโต้ (ประเทศไทย) บจก.,NONFOOD-MERCHANDISE,2023,"  18,515,058.42 ","  17,303,792.93 ",21250,03,50,0350
M0400798,0400798,เค.เอ็ม.จี.การ์เม้นท์ บจก.,NONFOOD-MERCHANDISE,2023,"  13,662,015.73 ","  12,768,239.00 ",21110,03,80,0380
M0400799,0400799,เคไอเจ มาร์เก็ตติ้ง บจก.,NONFOOD-MERCHANDISE,2023,"  4,242,779.54 ","  3,965,214.56 ",21310,02,10,0210
M0400737,0400737,เค.ที.แอล.มาร์เก็ตติ้ง  บจก.,NONFOOD-MERCHANDISE,2023,"  4,636,192.80 ","  4,332,890.45 ",21310,02,10,0210
M0400742,0400742,เค.แอนด์เอ็น ฟู้ดส์ บจก.,FOOD-MERCHANDISE,2023,"  3,970,691.00 ","  3,710,926.11 ",21740,05,40,0540
M0800096,0800096,จอมธนา บจก.,FOOD-MERCHANDISE,2023,"  14,921,060.22 ","  13,944,916.07 ",21790,05,70,0570
M0800626,0800626,เจริญชัยราชดำริ บจก...,NONFOOD-MERCHANDISE,2023,"  6,152,818.86 ","  5,750,298.00 ",21310,02,10,0210
M0801005,0801005,เจ.ซี.พี.พลาสติก   หจก.,NONFOOD-MERCHANDISE,2023,"  8,596.38 ","  8,034.00 ",21320,02,20,0220
C8002134,8002134,เชียงใหม่ เฮิร์บส์ เทรดดิ้ง บจก. Capex (BJMP),CAPEX,2023,"  1,341,672.81 ","  114,673.46 ",21250,03,50,0350
M0100042,0100042,กรีนสปอต บจก.,FOOD-MERCHANDISE,2023,"  232,848,972.50 ","  217,615,862.29 ",21640,04,40,0440
M0100352,0100352,แกรนด์มาร์เก็ตติ้ง บจก.,NONFOOD-MERCHANDISE,2023,"  23,769,690.53 ","  22,214,664.13 ",21330,02,30,0230
M0100576,0100576,กลอบอล รีช บจก. (HL),NONFOOD-MERCHANDISE,2023,"  4,962,238.66 ","  4,637,605.33 ",21560,01,60,0160
M0400566,0400566,คิมเบอร์ลี่ย์-คล๊าค ประเทศไทย บจก. (DF),FOOD-MERCHANDISE,2023,"  32,690,867.15 ","  1,547,220.73 ",21670,04,70,0470
M0400681,0400681,คิวรอน บจก.,NONFOOD-MERCHANDISE,2023,"  17,309,650.65 ","  16,177,243.42 ",21510,01,10,0110
M0400699,0400699,เคนโด้อีเล็คทริค บจก.,NONFOOD-MERCHANDISE,2023,"  1,162,549.65 ","  1,086,495.00 ",21510,01,10,0110
M0400759,0400759,ครีเดนซ์ บจก.,FOOD-MERCHANDISE,2023,"  26,147,821.51 ","  24,437,216.27 ",21672,04,72,0472
M0400776,0400776,ครีเดนซ์   บจก.,FOOD-MERCHANDISE,2023,"  136,937,779.12 ","  127,979,232.50 ",21630,04,30,0430
M0400784,0400784,คราวน์มาสเตอร์ บจก.,FOOD-MERCHANDISE,2023,"  269,126.40 ","  251,520.00 ",21750,05,50,0550
M0801005,0801005,เจ.ซี.พี.พลาสติก   หจก.,NONFOOD-MERCHANDISE,2023,"  20,827,101.20 ","  19,464,580.53 ",21310,02,10,0210
M0400789,0400789,เค.ที.ยูเทนซิล บจก. (HOL),NONFOOD-MERCHANDISE,2023,"  8,481,763.74 ","  7,926,882.00 ",21310,02,10,0210
M0800132,0800132,เจ.บี.อินเตอร์โปรดักส์ บจก.,FOOD-MERCHANDISE,2023,"  22,458,957.60 ","  20,989,680.00 ",21620,04,20,0420
M0801038,0801038,เจียเม้งมาร์เก็ตติ้ง บจก.,FOOD-MERCHANDISE,2023,"  196,226,019.77 ","  196,212,365.15 ",21630,04,30,0430
M0801064,0801064,เจอาร์ เอฟ แอนด์ บี บจก.,FOOD-MERCHANDISE,2023,"  1,748,842.85 ","  1,495,096.14 ",21620,04,20,0420
M1000027,1000027,ชาญธวัช หจก.,NONFOOD-MERCHANDISE,2023,"  84,029.48 ","  78,532.44 ",21310,02,10,0210
M1100015,1100015,ซีโน-แปซิฟิค เทรดดิ้ง (ไทยแลนด์)  บจก.,FOOD-MERCHANDISE,2023,"  896,020,435.57 ","  835,871,995.58 ",21620,04,20,0420
M1100015,1100015,ซีโน-แปซิฟิค เทรดดิ้ง (ไทยแลนด์)  บจก.,FOOD-MERCHANDISE,2023,"  2,415,341.31 ","  219,173.98 ",21631,04,31,0431
M1100015,1100015,ซีโน-แปซิฟิค เทรดดิ้ง (ไทยแลนด์)  บจก.,FOOD-MERCHANDISE,2023,"  34,562,135.04 ","  30,188,170.86 ",21640,04,40,0440
M1100136,1100136,ซี.พี.คอนซูเมอร์ โพรดักส์ บจก.,FOOD-MERCHANDISE,2023,"  385,558.24 ","  359,944.74 ",21661,04,61,0461
M1100136,1100136,ซี.พี.คอนซูเมอร์ โพรดักส์ บจก.,FOOD-MERCHANDISE,2023,"  9,679,840.12 ","  7,727,133.58 ",21672,04,72,0472
M1100169,1100169,ซากุระโปรดัคส์ (ไทยแลนด์) บจก.,NONFOOD-MERCHANDISE,2023,"  5,613,945.05 ","  5,246,677.63 ",21350,02,50,0250
M0100126,0100126,มิตซูบิชิ อีเล็คทริค กันยงวัฒนา บจก.,NONFOOD-MERCHANDISE,2023,"  8,261,242.09 ","  7,720,787.00 ",21510,01,10,0110
M0101156,0101156,กี วี และคมคม โปรดักส์ บจก.,NONFOOD-MERCHANDISE,2023,"  11,627,228.27 ","  10,872,429.62 ",21310,02,10,0210
M0400519,0400519,เครื่องนอนไทย บจก..,NONFOOD-MERCHANDISE,2023,"  29,595,991.35 ","  27,659,805.00 ",21320,02,20,0220
M0400607,0400607,ครีเดนซ์ บจก. M04,FOOD-MERCHANDISE,2023,"  2,080,286.24 ","  1,944,192.62 ",21630,04,30,0430
M0700009,0700009,ง่วนสูน (1974),FOOD-MERCHANDISE,2023,"  236,192.40 ","  27,510.00 ",21631,04,31,0431
M0801048,0801048,เจ.อาร์.ไอชิ เวิลด์ หจก.,FOOD-MERCHANDISE,2023,"  1,159,248.54 ","  1,095,179.96 ",21790,05,70,0570
M1100339,1100339,ซีพี-เมจิ บจก.,FOOD-MERCHANDISE,2023,"  518,559,939.42 ","  499,592,722.28 ",21760,05,60,0560
M1100616,1100616,เซ่งมุ้ย ลำปาง หจก.,FOOD-MERCHANDISE,2023,"  2,188,244.70 ","  2,045,088.49 ",21650,04,50,0450
M1100710,1100710,ซี.พี.ฟู้ดสโตร์ บจก.,FOOD-MERCHANDISE,2023,"  2,799,439.28 ","  2,616,298.40 ",21610,04,10,0410
M1100716,1100716,เซ็นทรัล ฟลอรา บจก.,NONFOOD-MERCHANDISE,2023,"  1,542,530.19 ","  1,441,617.00 ",21340,02,40,0240
M2000023,2000023,ดี เอช เอ สยามวาลา บจก.,NONFOOD-MERCHANDISE,2023,"  38,261,205.41 ","  35,758,135.66 ",21350,02,50,0250
M2100220,2100220,ต้ากี่ 1950 บจก.,FOOD-MERCHANDISE,2023,"  6,002,238.40 ","  5,435,459.00 ",21630,04,30,0430
M2100267,2100267,โตไกย่า บจก.,FOOD-MERCHANDISE,2023,"  10,846,023.58 ","  10,136,470.50 ",21790,05,70,0570
M2300086,2300086,ไทยซอสเซสมาร์เก็ตติ้ง บจก..,FOOD-MERCHANDISE,2023,"  56,457,444.72 ","  52,763,966.98 ",21760,05,60,0560
M2300571,2300571,ไทยเทพรส บมจ.,FOOD-MERCHANDISE,2023,"  106,525,025.70 ","  99,152,996.70 ",21630,04,30,0430
M2300680,2300680,ไทย เจ.เพรส บจก.,NONFOOD-MERCHANDISE,2023,"  173,890.12 ","  162,514.14 ",21222,03,22,0322
M2300953,2300953,ที.เอ็ม.คอสเมติค หจก.,NONFOOD-MERCHANDISE,2023,"  1,528,550.64 ","  1,428,552.00 ",21250,03,50,0350
C8002134,8002134,เชียงใหม่ เฮิร์บส์ เทรดดิ้ง บจก. Capex (BJMP),CAPEX,2023,"  1,341,672.81 ","  379,243.35 ",21320,02,20,0220
M0100017,0100017,กรุงไทยการไฟฟ้า บจก.,NONFOOD-MERCHANDISE,2023,"  737,500.71 ","  806,098.00 ",21512,01,12,0112
M0100032,0100032,กีฬาไทยพาณิชย์ บจก.,NONFOOD-MERCHANDISE,2023,"  7,981,455.19 ","  7,459,303.90 ",21330,02,30,0230
M0101220,0101220,กิจเจริญการ์เมนท์(1993) บจก.,NONFOOD-MERCHANDISE,2023,"  44,833,455.56 ","  41,900,425.76 ",21110,03,80,0380
M0200455,0200455,ขอนแก่นธีระเทรดดิ้ง  หจก.,TOWN CENTER,2023,"  3,032,733.86 ","  2,834,330.84 ",21790,05,70,0570
C8002134,8002134,เชียงใหม่ เฮิร์บส์ เทรดดิ้ง บจก. Capex (BJMP),CAPEX,2023,"  1,341,672.81 ","  5,724.00 ",21672,04,72,0472
M0100017,0100017,กรุงไทยการไฟฟ้า บจก.,NONFOOD-MERCHANDISE,2023,"  634,210,878.16 ","  592,728,488.88 ",21510,01,10,0110
M0100240,0100240,กรไทย  บจก.,FOOD-MERCHANDISE,2023,"  1,664,574.70 ","  1,554,357.26 ",21610,04,10,0410
M0101089,0101089,โกลด์โรสท์ฟู้ด(ไทย)อินดัสตรี้ส์ บจก,FOOD-MERCHANDISE,2023,"  1,554,704.99 ","  1,452,995.29 ",21610,04,10,0410
M0400039,0400039,คอลเกต-ปาล์มโอลีฟ (ประเทศไทย) บจก.,FOOD-MERCHANDISE,2023,"  5,372,116.90 ","  765,612.24 ",21662,04,62,0462
M0400757,0400757,เครเดิล เวิลด์ หจก.,NONFOOD-MERCHANDISE,2023,"  6,318,013.05 ","  5,904,685.09 ",21240,03,40,0340
M1000987,1000987,ชิกเก้น บูม หจก.,NONFOOD-MERCHANDISE,2023,"  (1,758.59)","  (1,643.54)",21110,03,80,0380
M1100136,1100136,ซี.พี.คอนซูเมอร์ โพรดักส์ บจก.,FOOD-MERCHANDISE,2023,"  13,894,650.53 ","  12,760,071.66 ",21630,04,30,0430
M1100649,1100649,ซี.พี.เค.คิทเช่นคลาส บจก.,NONFOOD-MERCHANDISE,2023,"  9,774.45 ","  7,245.00 ",21320,02,20,0220
M2000041,2000041,ดอกบัวคู่ บจก.,FOOD-MERCHANDISE,2023,"  7,886,162.32 ","  7,352,930.98 ",21610,04,10,0410
M0400039,0400039,คอลเกต-ปาล์มโอลีฟ (ประเทศไทย) บจก.,FOOD-MERCHANDISE,2023,"  101,257.31 ","  34,440.05 ",21661,04,61,0461
M0700009,0700009,ง่วนสูน (1974),FOOD-MERCHANDISE,2023,"  2,116,747.60 ","  2,100,550.00 ",21630,04,30,0430
M0800811,0800811,เจ ที ที บจก.,FOOD-MERCHANDISE,2023,"  14,092,749.01 ","  13,170,793.10 ",21760,05,60,0560
M0801067,0801067,จาโกต้า บราเดอร์ส เทรดดิ้ง บจก.,FOOD-MERCHANDISE,2023,"  6,676,763.14 ","  6,389,745.05 ",21750,05,50,0550
M1000310,1000310,ชัยชนะมาเก็ตติ้ง หจก.,FOOD-MERCHANDISE,2023,"  1,583,195.54 ","  1,479,622.00 ",21760,05,60,0560
M1000587,1000587,โชติโก บจก.,FOOD-MERCHANDISE,2023,"  5,687,850.32 ","  5,687,850.32 ",21790,05,70,0570
M1000966,1000966,ชัยเสรี บจก.,FOOD-MERCHANDISE,2023,"  2,623,668.27 ","  2,452,026.30 ",21630,04,30,0430
M0900046,0900046,ฉัตรอินเตอร์ เอ็นเตอร์ไพรส์ บจก.,NONFOOD-MERCHANDISE,2023,"  11,020,566.65 ","  10,299,595.00 ",21310,02,10,0210
M1000662,1000662,โชคลาภบุญไชย บจก.,NONFOOD-MERCHANDISE,2023,"  28,450,444.00 ","  26,593,660.00 ",21320,02,20,0220
M1100015,1100015,ซีโน-แปซิฟิค เทรดดิ้ง (ไทยแลนด์)  บจก.,FOOD-MERCHANDISE,2023,"  109,851,667.98 ","  98,482,506.71 ",21630,04,30,0430
M1100015,1100015,ซีโน-แปซิฟิค เทรดดิ้ง (ไทยแลนด์)  บจก.,FOOD-MERCHANDISE,2023,"  280,018.97 ","  261,700.02 ",21840,06,20,0620
M1100653,1100653,ซีพีแรม บจก.,FOOD-MERCHANDISE,2023,"  27,690,263.05 ","  25,881,091.74 ",21790,05,70,0570
M0801064,0801064,เจอาร์ เอฟ แอนด์ บี บจก.,FOOD-MERCHANDISE,2023,"  38,968,998.26 ","  36,285,881.84 ",21610,04,10,0410
M0801064,0801064,เจอาร์ เอฟ แอนด์ บี บจก.,FOOD-MERCHANDISE,2023,"  30,696,671.29 ","  28,649,044.19 ",21630,04,30,0430
M0900095,0900095,เฉาก๊วย ดอนเมือง หจก. (FF),FOOD-MERCHANDISE,2023,"  9,858,033.05 ","  9,213,115.00 ",21760,05,60,0560
M1000961,1000961,เชียงใหม่วนัสนันท์ บจก.,FOOD-MERCHANDISE,2023,"  1,707,450.36 ","  1,596,756.00 ",21760,05,60,0560
M1100136,1100136,ซี.พี.คอนซูเมอร์ โพรดักส์ บจก.,FOOD-MERCHANDISE,2023,"  30,594,817.93 ","  27,698,097.62 ",21670,04,70,0470
M1100357,1100357,ซีเอสพี 1990 บจก.,NONFOOD-MERCHANDISE,2023,"  777,888.35 ","  726,998.40 ",21310,02,10,0210
M2000011,2000011,ดานอน สเปเชียลไลซ์ นิวทริชั่น (ประเทศไทย) บจก.,FOOD-MERCHANDISE,2023,"  60,374,499.82 ",  -   ,21630,04,30,0430
M0800016,0800016,ห้างจุฬา,NONFOOD-MERCHANDISE,2023,"  335,794.92 ","  313,827.08 ",21240,03,40,0340
M0800446,0800446,แจ๊กเจียอุตสาหกรรม (ไทย) บมจ.,FOOD-MERCHANDISE,2023,"  2,764,191.86 ","  2,583,356.88 ",21660,04,60,0460
M0801070,0801070,จิระพาณิชย์เพชรบุรี หจก.,FOOD-MERCHANDISE,2023,"  6,335,994.42 ","  5,921,489.96 ",21650,04,50,0450
M1000662,1000662,โชคลาภบุญไชย บจก.,NONFOOD-MERCHANDISE,2023,"  21,494.16 ",  -   ,21360,02,60,0260
M1100440,1100440,ซี แอนด์ เอ แปซิฟิค บจก.,NONFOOD-MERCHANDISE,2023,"  1,272,366.96 ","  1,189,128.00 ",21340,02,40,0240
M2000264,2000264,ดีอาร์.มาร์เก็ตติ้ง บจก.,NONFOOD-MERCHANDISE,2023,"  4,841,843.36 ","  4,525,086.20 ",21240,03,40,0340
M2002806,2002806,ดีจี อาร์ต แอนด์ คราฟท์ บจก.,NONFOOD-MERCHANDISE,2023,"  315,615.76 ","  294,968.00 ",21350,02,50,0250
M1100015,1100015,ซีโน-แปซิฟิค เทรดดิ้ง (ไทยแลนด์)  บจก.,FOOD-MERCHANDISE,2023,"  79,802.50 ","  74,581.80 ",21750,05,50,0550
M1100136,1100136,ซี.พี.คอนซูเมอร์ โพรดักส์ บจก.,FOOD-MERCHANDISE,2023,"  16,465,978.10 ","  15,388,764.56 ",21840,06,20,0620
M1100649,1100649,ซี.พี.เค.คิทเช่นคลาส บจก.,NONFOOD-MERCHANDISE,2023,"  18,950,548.30 ","  17,710,462.80 ",21310,02,10,0210
M1100710,1100710,ซี.พี.ฟู้ดสโตร์ บจก.,FOOD-MERCHANDISE,2023,"  12,556,755.08 ","  12,556,755.08 ",21740,05,40,0540
M1600024,1600024,ฐานะภัณฑ์ บจก.,NONFOOD-MERCHANDISE,2023,"  885,899.01 ","  827,943.00 ",21320,02,20,0220
M2000007,2000007,ดี ไทย บจก.,FOOD-MERCHANDISE,2023,"  889,977.60 ","  831,754.79 ",21650,04,50,0450
M2000041,2000041,ดอกบัวคู่ บจก.,FOOD-MERCHANDISE,2023,"  48,119,936.60 ","  44,914,801.78 ",21660,04,60,0460
M2100006,2100006,ตังหมง หจก.,FOOD-MERCHANDISE,2023,"  4,642,103.29 ","  4,333,729.56 ",21660,04,60,0460
M2002824,2002824,ดีเอสจี อินเตอร์เนชั่นแนล (ประเทศไทย) บมจ.,NONFOOD-MERCHANDISE,2023,"  202,088,136.37 ","  188,867,417.08 ",21672,04,72,0472
M2300086,2300086,ไทยซอสเซสมาร์เก็ตติ้ง บจก..,FOOD-MERCHANDISE,2023,"  200,090.00 ","  187,000.00 ",21750,05,50,0550
M2300307,2300307,ไทยชูรส บจก.,FOOD-MERCHANDISE,2023,"  11,324,857.50 ","  10,536,876.04 ",21630,04,30,0430
M2300752,2300752,ทองการ์เด้น  บจก.,FOOD-MERCHANDISE,2023,"  59,256,498.73 ","  55,379,905.23 ",21620,04,20,0420
M2301069,2301069,ไทซันฟูดส์ บจก.,FOOD-MERCHANDISE,2023,"  6,279,703.74 ","  5,868,882.00 ",21620,04,20,0420
M2301080,2301080,ลอรีอัล (ประเทศไทย) บจก.,FOOD-MERCHANDISE,2023,"  267,678,523.61 ","  236,149,394.17 ",21660,04,60,0460
M2348458,2348458,ทานตะวันอุตสาหกรรม บมจ.,FOOD-MERCHANDISE,2023,"  10,851,507.35 ","  10,141,595.71 ",21310,02,10,0210
M2348527,2348527,ที.อาร์.กรีน บจก.,NONFOOD-MERCHANDISE,2023,"  1,399,229.70 ","  1,373,007.42 ",21340,02,40,0240
M2400013,2400013,ธารธนา  บจก.,NONFOOD-MERCHANDISE,2023,"  16,685,798.85 ","  15,629,022.26 ",21270,03,70,0370
M1100653,1100653,ซีพีแรม บจก.,FOOD-MERCHANDISE,2023,"  168,992.31 ","  155,156.88 ",21740,05,40,0540
M1100678,1100678,ซันเมอรี่ บจก.,FOOD-MERCHANDISE,2023,"  89,029,582.67 ","  83,205,217.29 ",21750,05,50,0550
M2300307,2300307,ไทยชูรส บจก.,FOOD-MERCHANDISE,2023,"  746,186.62 ","  480,449.49 ",21631,04,31,0431
M2300680,2300680,ไทย เจ.เพรส บจก.,NONFOOD-MERCHANDISE,2023,"  2,433,833.44 ","  2,274,610.71 ",21110,03,80,0380
M2300971,2300971,ไทย อกริ ฟู้ดส์ บมจ. (M2300971),FOOD-MERCHANDISE,2023,"  3,804,864.33 ","  3,555,948.08 ",21790,05,70,0570
M2300993,2300993,ยูอาร์ซี (ประเทศไทย) บจก.,FOOD-MERCHANDISE,2023,"  216,538,661.22 ","  202,372,580.31 ",21620,04,20,0420
M2301080,2301080,ลอรีอัล (ประเทศไทย) บจก.,FOOD-MERCHANDISE,2023,"  1,802,348.03 ",  -   ,21630,04,30,0430
M2301157,2301157,ไทยซัมซุง อิเลคโทรนิคส์ บจก..,NONFOOD-MERCHANDISE,2023,"  646,472,417.57 ","  604,631,153.11 ",21512,01,12,0112
M2400283,2400283,ธรรมมงคล บจก.,NONFOOD-MERCHANDISE,2023,"  9,479,378.18 ","  8,859,231.55 ",21310,02,10,0210
M1100710,1100710,ซี.พี.ฟู้ดสโตร์ บจก.,FOOD-MERCHANDISE,2023,"  901,809,478.02 ","  901,809,478.02 ",21630,04,30,0430
M2000011,2000011,ดานอน สเปเชียลไลซ์ นิวทริชั่น (ประเทศไทย) บจก.,FOOD-MERCHANDISE,2023,"  343,106,474.11 ","  346,035,945.56 ",21640,04,40,0440
M2000315,2000315,ดัชมิลล์ บจก.,FOOD-MERCHANDISE,2023,"  419,277,090.65 ","  395,550,421.41 ",21760,05,60,0560
M2100006,2100006,ตังหมง หจก.,FOOD-MERCHANDISE,2023,"  697,045.76 ","  649,840.68 ",21672,04,72,0472
M2100050,2100050,โตชิบา ไทยแลนด์ บจก.,NONFOOD-MERCHANDISE,2023,"  301,774,114.91 ","  281,925,839.83 ",21512,01,12,0112
M2100220,2100220,ต้ากี่ 1950 บจก.,FOOD-MERCHANDISE,2023,"  2,000,069.30 ","  1,314,581.60 ",21631,04,31,0431
M2300040,2300040,ไทยสเตนเลสสตีล บจก..,NONFOOD-MERCHANDISE,2023,  -   ,  -   ,21110,03,80,0380
M2300040,2300040,ไทยสเตนเลสสตีล บจก..,NONFOOD-MERCHANDISE,2023,"  71,126.98 ","  66,473.82 ",21510,01,10,0110
M2300182,2300182,เทพผดุงพร มะพร้าว บจก.,FOOD-MERCHANDISE,2023,"  1,335,305.94 ","  1,247,949.48 ",21630,04,30,0430
M2300182,2300182,เทพผดุงพร มะพร้าว บจก.,FOOD-MERCHANDISE,2023,"  715,639.66 ","  668,822.12 ",21740,05,40,0540
M2300559,2300559,เทพวรรณ สปอร์ตกรุ๊ป  บจก.,NONFOOD-MERCHANDISE,2023,"  13,126,344.73 ","  12,267,611.89 ",21330,02,30,0230
M2300571,2300571,ไทยเทพรส บมจ.,FOOD-MERCHANDISE,2023,"  4,315,051.86 ","  1,850,049.02 ",21631,04,31,0431
M2300680,2300680,ไทย เจ.เพรส บจก.,NONFOOD-MERCHANDISE,2023,"  13,749,049.62 ","  12,849,579.07 ",21220,03,20,0320
M2300040,2300040,ไทยสเตนเลสสตีล บจก..,NONFOOD-MERCHANDISE,2023,"  2,183,361.36 ",  -   ,21360,02,60,0260
M2301080,2301080,ลอรีอัล (ประเทศไทย) บจก.,FOOD-MERCHANDISE,2023,"  432,145,735.63 ","  394,640,517.62 ",21661,04,61,0461
M2301157,2301157,ไทยซัมซุง อิเลคโทรนิคส์ บจก..,NONFOOD-MERCHANDISE,2023,"  57,964,182.32 ","  54,408,399.01 ",21510,01,10,0110
M2301157,2301157,ไทยซัมซุง อิเลคโทรนิคส์ บจก..,NONFOOD-MERCHANDISE,2023,"  328,565,731.13 ","  307,157,270.39 ",21520,01,20,0120
M2348555,2348555,ที เอส พี แดรี่โปรดักส์ บจก.,FOOD-MERCHANDISE,2023,"  1,134,702.03 ","  1,060,469.22 ",21790,05,70,0570
M2348569,2348569,ไทยซัมมิท มาร์เก็ตติ้ง บจก. (FF),FOOD-MERCHANDISE,2023,"  141,519,998.05 ","  141,519,998.05 ",21710,05,10,0510
M2500008,2500008,นานมี บจก.,NONFOOD-MERCHANDISE,2023,"  7,094,089.44 ","  6,629,990.12 ",21350,02,50,0250
M2100110,2100110,ตราแม่ครัว บจก.,FOOD-MERCHANDISE,2023,"  3,500,994.91 ","  2,425,447.41 ",21631,04,31,0431
M2301069,2301069,ไทซันฟูดส์ บจก.,FOOD-MERCHANDISE,2023,"  1,454,042.53 ","  1,358,918.21 ",21630,04,30,0430
M2301021,2301021,ท็อปเปอร์อินดัสเตรียล บจก.,NONFOOD-MERCHANDISE,2023,"  5,265,311.64 ","  4,920,852.00 ",21310,02,10,0210
M2400088,2400088,ธนมงคล หจก.,NONFOOD-MERCHANDISE,2023,"  11,792,530.81 ","  11,021,641.83 ",21220,03,20,0320
M2500016,2500016,นิวซิตี้(กรุงเทพฯ ) บมจ.,NONFOOD-MERCHANDISE,2023,"  183,888.32 ","  171,858.24 ",21212,03,12,0312
M2500016,2500016,นิวซิตี้(กรุงเทพฯ ) บมจ.,NONFOOD-MERCHANDISE,2023,"  4,115,846.31 ","  1,215,925.76 ",21220,03,20,0320
M2500957,2500957,นิวเชาว์ไทย เทรดดิ้ง บจก.,NONFOOD-MERCHANDISE,2023,"  1,719,011.28 ","  1,607,064.00 ",21350,02,50,0250
M2600413,2600413,บางกอกแร้นซ์  บมจ.,FOOD-MERCHANDISE,2023,"  152,999.83 ","  142,990.40 ",21760,05,60,0560
M0801064,0801064,เจอาร์ เอฟ แอนด์ บี บจก.,FOOD-MERCHANDISE,2023,"  111,412.68 ","  104,124.00 ",21640,04,40,0440
M1000592,1000592,ชูชอบ เอ็นเตอร์ไพรส์  หจก.,NONFOOD-MERCHANDISE,2023,"  1,446,113.31 ","  1,351,507.77 ",21240,03,40,0340
M1100015,1100015,ซีโน-แปซิฟิค เทรดดิ้ง (ไทยแลนด์)  บจก.,FOOD-MERCHANDISE,2023,"  88,012,815.69 ","  75,220,387.30 ",21610,04,10,0410
M1100136,1100136,ซี.พี.คอนซูเมอร์ โพรดักส์ บจก.,FOOD-MERCHANDISE,2023,"  217,017.22 ","  31,850.16 ",21631,04,31,0431
M1100136,1100136,ซี.พี.คอนซูเมอร์ โพรดักส์ บจก.,FOOD-MERCHANDISE,2023,"  1,637,452.03 ","  785,013.45 ",21671,04,71,0471
M1100588,1100588,ซัมมิท ฟุตแวร์ บจก.,NONFOOD-MERCHANDISE,2023,"  23,865,597.28 ","  22,304,296.20 ",21250,03,50,0350
M1100716,1100716,เซ็นทรัล ฟลอรา บจก.,NONFOOD-MERCHANDISE,2023,"  77,450.88 ","  72,384.00 ",21310,02,10,0210
M2600410,2600410,ใบว่าน หจก.,FOOD-MERCHANDISE,2023,"  1,664,516.24 ","  1,555,622.64 ",21660,04,60,0460
M2600442,2600442,บี.เค.วาย.  บจก.,FOOD-MERCHANDISE,2023,"  23,938,104.47 ","  22,372,060.03 ",21620,04,20,0420
M2600990,2600990,บางกอก ลิกเกอร์ บจก.,FOOD-MERCHANDISE,2023,"  8,807,794.77 ","  8,257,562.67 ",21650,04,50,0450
M2700360,2700360,ป.ณรงค์แอนด์พี.เอ็น.ไอ บจก.,NONFOOD-MERCHANDISE,2023,"  1,084,766.00 ","  1,013,800.00 ",21340,02,40,0240
M2700643,2700643,ปวีณ์มล  บจก.,FOOD-MERCHANDISE,2023,"  7,748,512.26 ","  7,219,605.81 ",21661,04,61,0461
M2800099,2800099,ผลไม้แปรรูปวรพร บจก.,FOOD-MERCHANDISE,2023,"  9,631,972.51 ","  9,001,842.85 ",21760,05,60,0560
M2301165,2301165,ไทยโตชิบาไลท์ติ้ง บจก.,NONFOOD-MERCHANDISE,2023,"  2,016,702.02 ","  1,884,768.21 ",21340,02,40,0240
M2348588,2348588,ท๊อป ไอ  บจก.,NONFOOD-MERCHANDISE,2023,  12.81 ,  12.81 ,21350,02,50,0250
M2400146,2400146,ธูปหอมนพมาศ หจก.,NONFOOD-MERCHANDISE,2023,"  1,046,335.88 ","  977,884.00 ",21310,02,10,0210
M2500262,2500262,นิวคอนเซพท์ โปรดัคท์  บจก.,FOOD-MERCHANDISE,2023,"  29,392,571.01 ","  27,469,692.48 ",21610,04,10,0410
M2500642,2500642,นาป้า  บจก.,NONFOOD-MERCHANDISE,2023,"  1,443,716.55 ","  1,339,847.80 ",21340,02,40,0240
M2600413,2600413,บางกอกแร้นซ์  บมจ.,FOOD-MERCHANDISE,2023,"  11,608,319.82 ","  10,971,115.02 ",21790,05,70,0570
M2700643,2700643,ปวีณ์มล  บจก.,FOOD-MERCHANDISE,2023,"  1,772,589.58 ","  1,604,855.52 ",21660,04,60,0460
M2400088,2400088,ธนมงคล หจก.,NONFOOD-MERCHANDISE,2023,  (353.13),  (330.03),21210,03,10,0310
M2500016,2500016,นิวซิตี้(กรุงเทพฯ ) บมจ.,NONFOOD-MERCHANDISE,2023,"  10,427,618.25 ","  8,752,427.29 ",21210,03,10,0310
M2500642,2500642,นาป้า  บจก.,NONFOOD-MERCHANDISE,2023,"  2,943,414.70 ","  2,748,327.00 ",21310,02,10,0210
M2500792,2500792,เน็กซ์ โปรดักส์ บจก.,NONFOOD-MERCHANDISE,2023,"  8,954,852.47 ","  8,369,021.00 ",21340,02,40,0240
M2500801,2500801,เนสท์เล่ (ไทย) บจก.,FOOD-MERCHANDISE,2023,"  14,293,257.19 ","  13,360,083.01 ",21790,05,70,0570
M2600126,2600126,บริหารการขายและบริการ  บจก.,FOOD-MERCHANDISE,2023,"  3,942,974.82 ","  4,700,942.80 ",21610,04,10,0410
M2600938,2600938,นีโอ คอร์ปอเรท บจก. (DF),FOOD-MERCHANDISE,2023,"  27,599,313.66 ","  4,244,315.59 ",21672,04,72,0472
M2700957,2700957,ปิคนิคพลาส อินดัสเทรียล บจก.,NONFOOD-MERCHANDISE,2023,"  4,224,981.16 ","  3,948,580.47 ",21240,03,40,0340
M2600056,2600056,บางกอกแฮมโปรดักส์ซัพพลาย  บจก.,FOOD-MERCHANDISE,2023,"  2,730,351.54 ","  2,551,730.39 ",21760,05,60,0560
M3000027,3000027,พิริยพูล อินเตอร์เนชั่นแนล  บจก.,FOOD-MERCHANDISE,2023,"  516,099.58 ","  376,768.18 ",21630,04,30,0430
M3001450,3001450,แพน ราชเทวี กรุ๊ป บมจ.,FOOD-MERCHANDISE,2023,"  6,810,622.71 ","  6,365,068.01 ",21661,04,61,0461
M3001713,3001713,พี.เอช.ฟู้ดส์ บจก.,FOOD-MERCHANDISE,2023,"  14,954,490.67 ","  13,976,147.82 ",21620,04,20,0420
M2800077,2800077,ผลิตภัณฑ์อาหารกว้างไพศาล  บมจ.,FOOD-MERCHANDISE,2023,"  1,383,754.75 ","  1,248,202.80 ",21620,04,20,0420
M3000278,3000278,เพรซิเดนท์เบเกอรี่ บมจ. (FF),FOOD-MERCHANDISE,2023,"  813,195.40 ","  759,995.72 ",21610,04,10,0410
M3001474,3001474,เพียวฟู้ดส์ บจก. (FF),FOOD-MERCHANDISE,2023,"  10,495,188.55 ","  13,554,998.88 ",21740,05,40,0540
M3001509,3001509,พาราวิจัย บจก.,NONFOOD-MERCHANDISE,2023,"  3,172,252.86 ","  2,964,722.26 ",21250,03,50,0350
M3001672,3001672,พี.เอส.กรุ๊ป ออฟ แอพพาเรลส์  หจก.,NONFOOD-MERCHANDISE,2023,"  1,497,143.91 ","  1,399,199.91 ",21220,03,20,0320
M3100028,3100028,ซิกนิฟาย คอมเมอร์เชียล (ประเทศไทย) บจก.,NONFOOD-MERCHANDISE,2023,"  7,100,345.85 ","  (517,200.87)",21360,02,60,0260
M3100204,3100204,แฟชั่นฟู้ด บจก.,FOOD-MERCHANDISE,2023,"  15,975,888.51 ","  14,930,736.80 ",21620,04,20,0420
M2300555,2300555,ไทยลิลลี่เท็กซ์ไทล์ บจก.,NONFOOD-MERCHANDISE,2023,"  13,184,880.54 ",  0.10 ,21360,02,60,0260
M2301058,2301058,ไทย-เยอรมัน มีทโปรดักท์ บจก.,FOOD-MERCHANDISE,2023,"  111,952.42 ","  104,628.33 ",21760,05,60,0560
M2348489,2348489,ที เอ พี เทรดดิ้ง บจก.,FOOD-MERCHANDISE,2023,"  95,325,433.69 ",  -   ,21630,04,30,0430
M3100028,3100028,ซิกนิฟาย คอมเมอร์เชียล (ประเทศไทย) บจก.,NONFOOD-MERCHANDISE,2023,"  11,846,442.31 ","  16,233,694.74 ",21340,02,40,0240
M3100345,3100345,ฟูด เบลสซิ่ง (1988) บจก.,FOOD-MERCHANDISE,2023,"  1,150,592.05 ","  1,038,889.68 ",21630,04,30,0430
M3100359,3100359,ฟ้าใสใส บจก.,FOOD-MERCHANDISE,2023,"  1,698,666.76 ","  1,587,539.31 ",21790,05,70,0570
M3300121,3300121,แมวดำยูเนียน บจก.,NONFOOD-MERCHANDISE,2023,  -   ,  -   ,21240,03,40,0340
M3300221,3300221,แมส มาร์เกตติ้ง  บจก.,FOOD-MERCHANDISE,2023,"  13,648,963.25 ","  12,599,420.03 ",21670,04,70,0470
M3300503,3300503,เอสดี กัทธรี อินเตอร์เนชั่นแนล มรกต บมจ.,FOOD-MERCHANDISE,2023,"  1,144,451,857.49 ","  1,069,581,174.39 ",21630,04,30,0430
M3400455,3400455,ยู แอนด์ วี อินเตอร์เทรด บจก.,FOOD-MERCHANDISE,2023,"  9,434,701.80 ","  9,353,520.00 ",21730,05,30,0530
M3500260,3500260,โรงงานน้ำปลาฉั่วฮะเส็ง (ตราหอยหลอด) บจก.,FOOD-MERCHANDISE,2023,"  621,110.44 ","  462,849.56 ",21631,04,31,0431
M3500262,3500262,ดิอาจิโอ โมเอ็ท เฮนเนสซี่ (ประเทศไทย) บจก.,FOOD-MERCHANDISE,2023,"  227,622,305.38 ","  212,731,126.50 ",21650,04,50,0450
M3500330,3500330,รอซโซ่ บจก.,NONFOOD-MERCHANDISE,2023,"  553,578.41 ","  517,363.00 ",21210,03,10,0310
M3500442,3500442,เรดอน บจก. (M3500442),FOOD-MERCHANDISE,2023,"  2,007.66 ","  1,876.32 ",21213,03,14,0314
M2348489,2348489,ที เอ พี เทรดดิ้ง บจก.,FOOD-MERCHANDISE,2023,"  257,629,175.65 ","  261,702,504.90 ",21650,04,50,0450
M2348490,2348490,ที.อาร์.โปรดักส์ แอนด์มาร์เก็ตติ้ง บจก.,NONFOOD-MERCHANDISE,2023,"  2,568,197.63 ","  2,406,107.92 ",21340,02,40,0240
M2348490,2348490,ที.อาร์.โปรดักส์ แอนด์มาร์เก็ตติ้ง บจก.,NONFOOD-MERCHANDISE,2023,"  31,252.56 ","  28,560.00 ",21670,04,70,0470
M2500012,2500012,น้ำมันบริโภคไทย บจก.,FOOD-MERCHANDISE,2023,"  92,775,564.45 ","  86,706,135.00 ",21630,04,30,0430
M2500626,2500626,นูบูน บจก.,FOOD-MERCHANDISE,2023,"  5,337,001.99 ","  4,987,852.24 ",21760,05,60,0560
M2500946,2500946,นิวลุค โปรดักท์ บจก.,NONFOOD-MERCHANDISE,2023,"  4,372,796.82 ","  4,086,726.00 ",21350,02,50,0250
M2600126,2600126,บริหารการขายและบริการ  บจก.,FOOD-MERCHANDISE,2023,"  3,482,010.85 ","  2,613,909.15 ",21631,04,31,0431
M3300221,3300221,แมส มาร์เกตติ้ง  บจก.,FOOD-MERCHANDISE,2023,"  7,701,319.56 ","  7,156,781.92 ",21610,04,10,0410
M3300221,3300221,แมส มาร์เกตติ้ง  บจก.,FOOD-MERCHANDISE,2023,"  3,898,525.54 ","  3,518,828.40 ",21630,04,30,0430
M3300228,3300228,มาลี เอ็นเตอร์ไพรส์ บจก. (DF),FOOD-MERCHANDISE,2023,"  47,841,075.88 ","  44,580,683.98 ",21640,04,40,0440
M3300246,3300246,เมย์ฟลาวเวอร์(ประเทศไทย) บจก.,NONFOOD-MERCHANDISE,2023,"  1,384,863.71 ","  1,294,265.16 ",21350,02,50,0250
M3300367,3300367,มามี่ บจก.,FOOD-MERCHANDISE,2023,"  16,258,533.72 ","  15,194,891.34 ",21660,04,60,0460
M3300904,3300904,มัลติ ฟู้ด อินเตอร์เนชั่นแนล บจก.,FOOD-MERCHANDISE,2023,"  1,877,066.76 ","  1,754,268.00 ",21760,05,60,0560
M3300945,3300945,โมเดอร์น ฟู้ด เทรดดิ้ง บจก.,FOOD-MERCHANDISE,2023,"  8,240,476.88 ","  7,701,380.26 ",21620,04,20,0420
M3400245,3400245,ยังค์มีดี ฟิวเจอร์ กรุพ บจก.,NONFOOD-MERCHANDISE,2023,"  17,391,441.66 ","  16,253,683.82 ",21340,02,40,0240
M3500864,3500864,ร่วมกำชัย บจก.,FOOD-MERCHANDISE,2023,"  849,240.00 ","  849,240.00 ",21630,04,30,0430
M3600245,3600245,ลัคกี้เฟลม บจก.,NONFOOD-MERCHANDISE,2023,"  13,848,717.89 ","  12,938,059.00 ",21510,01,10,0110
M3600394,3600394,ลัคกี้ แวร์ บจก.,NONFOOD-MERCHANDISE,2023,"  1,571,132.23 ","  1,430,800.38 ",21350,02,50,0250
M3700967,3700967,วัฒนาฟุตแวร์ บจก.,NONFOOD-MERCHANDISE,2023,"  29,049,985.07 ","  27,149,518.75 ",21250,03,50,0350
M3600005,3600005,ล็อกซเล่ย์เทรดดิ้ง บจก.,FOOD-MERCHANDISE,2023,"  8,194,464.16 ","  7,658,377.75 ",21620,04,20,0420
M3600006,3600006,ลอรีส บจก.,FOOD-MERCHANDISE,2023,"  6,562,921.22 ","  6,133,571.20 ",21660,04,60,0460
M3600088,3600088,ลีกูดส์  บจก.,NONFOOD-MERCHANDISE,2023,"  4,102,737.41 ","  3,827,375.04 ",21310,02,10,0210
M3600245,3600245,ลัคกี้เฟลม บจก.,NONFOOD-MERCHANDISE,2023,"  21,905.04 ","  18,672.00 ",21310,02,10,0210
M3600435,3600435,ล่ำสูง (ประเทศไทย) บมจ.,FOOD-MERCHANDISE,2023,"  23,130,922.65 ","  21,604,604.43 ",21610,04,10,0410
M3600444,3600444,แลคตาซอย บจก.,FOOD-MERCHANDISE,2023,"  34,554.18 ","  32,293.63 ",21610,04,10,0410
M3600444,3600444,แลคตาซอย บจก.,FOOD-MERCHANDISE,2023,"  502,909,298.21 ","  470,008,691.81 ",21640,04,40,0440
M3701195,3701195,เวนเจอร์เทค มาร์เก็ตติ้ง บจก..,FOOD-MERCHANDISE,2023,"  35,058,735.78 ","  32,765,172.66 ",21760,05,60,0560
M3800138,3800138,ศรีไทยมาร์เก็ตติ้ง บจก.,NONFOOD-MERCHANDISE,2023,"  23,083,891.02 ","  21,573,728.07 ",21310,02,10,0210
M4000079,4000079,สุขเกษมอินเตอร์เนชั่นแนล บจก.,FOOD-MERCHANDISE,2023,"  5,373,441.50 ","  5,021,907.96 ",21630,04,30,0430
M4000177,4000177,สยามแว็กซี่ แสตนดาร์ด บจก.,NONFOOD-MERCHANDISE,2023,"  8,340,727.98 ","  7,795,072.92 ",21340,02,40,0240
M4001182,4001182,สตรองโปรมาร์ท บจก.,FOOD-MERCHANDISE,2023,"  2,149,664.48 ","  2,007,952.32 ",21661,04,61,0461
M4002892,4002892,เสริมมิตรรุ่งเรือง บจก.,FOOD-MERCHANDISE,2023,"  4,043,284.00 ","  4,043,284.00 ",21730,05,30,0530
M2400013,2400013,ธารธนา  บจก.,NONFOOD-MERCHANDISE,2023,"  1,318,060.96 ","  1,348,164.41 ",21210,03,10,0310
M2400214,2400214,ธเนศกรุ๊ป บจก.,NONFOOD-MERCHANDISE,2023,"  4,204,157.33 ","  3,929,119.00 ",21520,01,20,0120
M2400402,2400402,ธนาคม 195 บจก.,NONFOOD-MERCHANDISE,2023,"  2,319,267.80 ","  2,170,140.00 ",21250,03,50,0350
M2500016,2500016,นิวซิตี้(กรุงเทพฯ ) บมจ.,NONFOOD-MERCHANDISE,2023,"  4,830.41 ","  4,514.40 ",21222,03,22,0322
M2500262,2500262,นิวคอนเซพท์ โปรดัคท์  บจก.,FOOD-MERCHANDISE,2023,"  1,600,017.24 ","  1,495,343.17 ",21840,06,20,0620
M2500939,2500939,นครสวรรค์พงศ์ไทย(1993) บจก.,FOOD-MERCHANDISE,2023,"  1,276,664.34 ","  1,206,077.45 ",21790,05,70,0570
M2600118,2600118,แบลค แอนด์ เด็กค์เคอร์ (ประเทศไทย)  บจก.,NONFOOD-MERCHANDISE,2023,"  3,258,340.57 ","  3,045,178.08 ",21340,02,40,0240
M2600387,2600387,บางกอก ดิสทริบิวเตอร์ บจก.,FOOD-MERCHANDISE,2023,"  260,637,087.06 ","  243,586,062.46 ",21620,04,20,0420
M2600413,2600413,บางกอกแร้นซ์  บมจ.,FOOD-MERCHANDISE,2023,"  7,453,505.12 ","  7,450,765.12 ",21710,05,10,0510
M3000027,3000027,พิริยพูล อินเตอร์เนชั่นแนล  บจก.,FOOD-MERCHANDISE,2023,"  2,310,941.97 ","  2,155,551.84 ",21661,04,61,0461
M3000214,3000214,ไพโรจน์(ทั่งซังฮะ) บจก.,FOOD-MERCHANDISE,2023,"  5,564,772.85 ","  3,129,907.97 ",21631,04,31,0431
M3000445,3000445,พี.วาย.กิจศิริ,FOOD-MERCHANDISE,2023,"  916,252.14 ","  856,311.76 ",21670,04,70,0470
M3001474,3001474,เพียวฟู้ดส์ บจก. (FF),FOOD-MERCHANDISE,2023,"  18,725.00 ","  17,500.00 ",21720,05,20,0520
M3100094,3100094,ฟรีสแลนด์คัมพิน่า (ประเทศไทย) บมจ.,FOOD-MERCHANDISE,2023,"  483,542.78 ",  -   ,21630,04,30,0430
M3300228,3300228,มาลี เอ็นเตอร์ไพรส์ บจก. (DF),FOOD-MERCHANDISE,2023,"  37,129,224.91 ","  34,669,088.81 ",21610,04,10,0410
M2000011,2000011,ดานอน สเปเชียลไลซ์ นิวทริชั่น (ประเทศไทย) บจก.,FOOD-MERCHANDISE,2023,"  731,548,599.46 ","  683,690,279.75 ",21610,04,10,0410
M2000012,2000012,เดโชโกรเซอรี่ หจก.,FOOD-MERCHANDISE,2023,"  932,108.10 ","  871,129.02 ",21610,04,10,0410
M2000012,2000012,เดโชโกรเซอรี่ หจก.,FOOD-MERCHANDISE,2023,"  485,549.58 ","  453,784.64 ",21630,04,30,0430
M2000353,2000353,เดโช บจก.,FOOD-MERCHANDISE,2023,"  144,279,159.19 ","  134,840,335.71 ",21620,04,20,0420
M2100050,2100050,โตชิบา ไทยแลนด์ บจก.,NONFOOD-MERCHANDISE,2023,"  129,485,316.55 ","  121,046,099.23 ",21510,01,10,0110
M2100110,2100110,ตราแม่ครัว บจก.,FOOD-MERCHANDISE,2023,"  134,272,338.21 ","  125,020,110.26 ",21630,04,30,0430
M2300040,2300040,ไทยสเตนเลสสตีล บจก..,NONFOOD-MERCHANDISE,2023,"  41,613,278.26 ","  39,380,547.74 ",21310,02,10,0210
M2300182,2300182,เทพผดุงพร มะพร้าว บจก.,FOOD-MERCHANDISE,2023,"  1,577,394.79 ","  1,474,200.69 ",21760,05,60,0560
M2300555,2300555,ไทยลิลลี่เท็กซ์ไทล์ บจก.,NONFOOD-MERCHANDISE,2023,"  27,697,501.97 ","  32,936,557.04 ",21320,02,20,0220
M2301069,2301069,ไทซันฟูดส์ บจก.,FOOD-MERCHANDISE,2023,"  2,893,170.08 ","  2,703,897.20 ",21640,04,40,0440
M2301130,2301130,ทีวันเซน หจก.,FOOD-MERCHANDISE,2023,"  2,407,259.25 ","  2,249,775.00 ",21620,04,20,0420
M3300856,3300856,มาร์เก็ตติ้ง แมน  บจก.,FOOD-MERCHANDISE,2023,"  735,304.00 ","  687,200.00 ",21740,05,40,0540
M3500596,3500596,เรืองวาแสตนดาร์ดอินดัสตรี้ บจก.,NONFOOD-MERCHANDISE,2023,"  3,423,012.39 ","  3,199,077.00 ",21310,02,10,0210
M3500922,3500922,โรงน้ำแข็งปักธงชัย หจก.,FOOD-MERCHANDISE,2023,"  473,052.16 ","  442,105.19 ",21790,05,70,0570
M3600088,3600088,ลีกูดส์  บจก.,NONFOOD-MERCHANDISE,2023,"  807,388.98 ","  744,545.04 ",21320,02,20,0220
M2500556,2500556,น้อมจิตต์ แมนนูแฟกเจอร์ริ่ง บจก.,NONFOOD-MERCHANDISE,2023,"  32,503,530.39 ","  30,377,131.21 ",21110,03,80,0380
M2500646,2500646,นานมี อุตสาหกรรม บจก.,NONFOOD-MERCHANDISE,2023,"  18,802,027.33 ","  17,571,988.24 ",21350,02,50,0250
M2600126,2600126,บริหารการขายและบริการ  บจก.,FOOD-MERCHANDISE,2023,"  15,667,753.37 ","  11,462,284.92 ",21630,04,30,0430
M2600413,2600413,บางกอกแร้นซ์  บมจ.,FOOD-MERCHANDISE,2023,"  5,556,540.00 ","  5,556,540.00 ",21740,05,40,0540
M2600442,2600442,บี.เค.วาย.  บจก.,FOOD-MERCHANDISE,2023,"  1,085,448.66 ","  1,014,438.00 ",21610,04,10,0410
M2600918,2600918,บางกอก คริสมัส เด็คโคเรชั่น เอ็กซปอร์ต บจก.,NONFOOD-MERCHANDISE,2023,"  (565,061.61)","  (408,426.34)",21330,02,30,0230
M2700766,2700766,เป๊ปซี่-โคล่า (ไทย) เทรดดิ้ง บจก.,FOOD-MERCHANDISE,2023,"  691,834,803.73 ","  645,505,870.18 ",21620,04,20,0420
M2800077,2800077,ผลิตภัณฑ์อาหารกว้างไพศาล  บมจ.,FOOD-MERCHANDISE,2023,"  50,197,199.66 ","  46,909,294.52 ",21630,04,30,0430
M3000225,3000225,พิบูลย์ชัยน้ำพริกเผาไทยแม่ประนอม  บจก.,FOOD-MERCHANDISE,2023,"  32,451,543.37 ","  30,070,543.71 ",21630,04,30,0430
M3000605,3000605,ห้างพรสินพาณิชย์,FOOD-MERCHANDISE,2023,"  2,176,680.00 ","  2,176,680.00 ",21760,05,60,0560
M3000618,3000618,พูนสินสมบูรณ์ หจก.,NONFOOD-MERCHANDISE,2023,"  2,925,581.16 ","  2,734,188.00 ",21350,02,50,0250
M3600435,3600435,ล่ำสูง (ประเทศไทย) บมจ.,FOOD-MERCHANDISE,2023,"  939,377.32 ","  877,922.66 ",21631,04,31,0431
M3600435,3600435,ล่ำสูง (ประเทศไทย) บมจ.,FOOD-MERCHANDISE,2023,"  6,966,451.36 ","  6,477,457.03 ",21640,04,40,0440
M3700180,3700180,เวลด์เด็คคอเรทีฟโปรดักส์ บจก.,NONFOOD-MERCHANDISE,2023,"  1,514,619.24 ","  1,422,012.01 ",21110,03,80,0380
M3701019,3701019,ไวท์เฮ้าส์คลีนนิ่ง โปรดักส์ บจก.,FOOD-MERCHANDISE,2023,"  12,844,083.26 ","  12,282,335.10 ",21670,04,70,0470
M3701168,3701168,โวคลิฟวิ่ง  บจก.,FOOD-MERCHANDISE,2023,"  8,204,647.31 ","  7,639,593.24 ",21610,04,10,0410
M3701660,3701660,วินเทจ อิมปอร์ต เอ็กซ์ปอร์ต บจก.,NONFOOD-MERCHANDISE,2023,"  8,151,125.18 ","  7,617,874.00 ",21320,02,20,0220
M3800138,3800138,ศรีไทยมาร์เก็ตติ้ง บจก.,NONFOOD-MERCHANDISE,2023,  -   ,  -   ,21520,01,20,0120
M4000043,4000043,สหไทยพัฒนภัณฑ์ บจก.,FOOD-MERCHANDISE,2023,"  9,107,582.86 ","  8,493,952.66 ",21670,04,70,0470
M4000047,4000047,สหพัฒนพิบูล บมจ.,FOOD-MERCHANDISE,2023,"  36,052,681.45 ","  37,556,873.51 ",21620,04,20,0420
M4003165,4003165,สม อินเตอร์มาร์เก็ตติ้ง บจก.,NONFOOD-MERCHANDISE,2023,"  944,088.28 ","  882,325.50 ",21330,02,30,0230
M4003250,4003250,สยามยูนิแคร์ บจก.,NONFOOD-MERCHANDISE,2023,"  2,013,507.81 ","  1,881,783.00 ",21210,03,10,0310
M4003263,4003263,สมูท อี บจก.,FOOD-MERCHANDISE,2023,"  47,883,967.84 ","  34,639,677.72 ",21661,04,61,0461
M4003263,4003263,สมูท อี บจก.,FOOD-MERCHANDISE,2023,"  (382,996.83)","  (357,940.97)",21850,06,30,0630
M4003577,4003577,ส.กิจวัฒนาฟู้ดส์ บจก.,FOOD-MERCHANDISE,2023,"  4,535,366.20 ","  4,238,660.00 ",21630,04,30,0430
M3001164,3001164,พีนัทส์ บจก.,NONFOOD-MERCHANDISE,2023,"  6,511,093.38 ","  6,085,134.00 ",21220,03,20,0320
M3001463,3001463,เพียวกรีน (บจก.),FOOD-MERCHANDISE,2023,"  290,542.52 ","  261,023.64 ",21680,04,80,0480
M3001622,3001622,พี.ที.ทอยส์ บจก.,NONFOOD-MERCHANDISE,2023,"  1,417,826.42 ","  1,326,504.50 ",21330,02,30,0230
M3100204,3100204,แฟชั่นฟู้ด บจก.,FOOD-MERCHANDISE,2023,"  11,237.08 ","  10,501.93 ",21630,04,30,0430
M3300023,3300023,มุ่งพัฒนา อินเตอร์แนชชั่นแนล บมจ.,NONFOOD-MERCHANDISE,2023,"  35,646,399.60 ","  33,314,392.16 ",21240,03,40,0340
M3800285,3800285,ศรีนานาพร มาร์เก็ตติ้ง บมจ.,FOOD-MERCHANDISE,2023,"  3,765,392.91 ","  3,477,793.32 ",21640,04,40,0440
M4000066,4000066,3เอ็ม ประเทศไทย บจก.,NONFOOD-MERCHANDISE,2023,"  6,559,937.86 ","  5,263,378.96 ",21340,02,40,0240
M4000071,4000071,สิทธินันท์ บจก.,FOOD-MERCHANDISE,2023,"  1,131,542.86 ","  418,906.33 ",21631,04,31,0431
M4000654,4000654,สหชัยโปรโมชั่น บจก.,NONFOOD-MERCHANDISE,2023,"  22,084.80 ","  20,640.00 ",21240,03,40,0340
M4003250,4003250,สยามยูนิแคร์ บจก.,NONFOOD-MERCHANDISE,2023,"  5,397,151.69 ","  5,044,067.00 ",21220,03,20,0320
M4300100,4300100,เอิร์ธ (ประเทศไทย) บจก.,FOOD-MERCHANDISE,2023,"  7,276,090.35 ","  6,485,875.92 ",21660,04,60,0460
M4300100,4300100,เอิร์ธ (ประเทศไทย) บจก.,FOOD-MERCHANDISE,2023,"  41,691.55 ","  38,964.08 ",21671,04,71,0471
M4300513,4300513,เอ็ม ที อาร์ กรุ๊ป  บจก.,NONFOOD-MERCHANDISE,2023,"  88,159.44 ",  -   ,21360,02,60,0260
M4300748,4300748,ไอ.พี. วัน บจก.,FOOD-MERCHANDISE,2023,"  28,191,316.35 ","  3,797,311.47 ",21671,04,71,0471
M4300858,4300858,เอส.เอ็ม.พี.ไวร์พลาสท์ บจก.,NONFOOD-MERCHANDISE,2023,"  6,124,059.40 ","  6,155,700.00 ",21310,02,10,0210
M4301204,4301204,อิตาเลเซีย เทรดดิ้ง(ประเทศไทย) บจก.,FOOD-MERCHANDISE,2023,"  31,834,503.50 ","  29,751,872.35 ",21650,04,50,0450
M3400357,3400357,27 กรุ๊ป หจก.,NONFOOD-MERCHANDISE,2023,"  261,422.40 ","  244,320.00 ",21310,02,10,0210
M3500330,3500330,รอซโซ่ บจก.,NONFOOD-MERCHANDISE,2023,"  3,625,317.84 ","  3,398,500.88 ",21110,03,80,0380
M3500491,3500491,โรงงานฟุตบอลล์ไทย สปอร์ตติ้ง กู๊ดส์ บจก. (Credit),NONFOOD-MERCHANDISE,2023,"  1,745,135.76 ","  1,630,968.00 ",21330,02,30,0230
M3500604,3500604,รวมใจโปรดักส์ บจก.,FOOD-MERCHANDISE,2023,"  4,857,369.23 ",  -   ,21630,04,30,0430
M3500604,3500604,รวมใจโปรดักส์ บจก.,FOOD-MERCHANDISE,2023,"  35,646,308.71 ","  34,657,842.50 ",21660,04,60,0460
M3500827,3500827,โรงงานสยามบอลล์สปอร์ต บจก.,NONFOOD-MERCHANDISE,2023,"  1,183,912.20 ","  1,106,588.90 ",21330,02,30,0230
M3600005,3600005,ล็อกซเล่ย์เทรดดิ้ง บจก.,FOOD-MERCHANDISE,2023,"  24,210.75 ","  22,626.93 ",21631,04,31,0431
M4301304,4301304,เอส แอนด์ พี ซินดิเคท  บมจ.,FOOD-MERCHANDISE,2023,"  1,239.57 ",  -   ,21730,05,30,0530
M4301416,4301416,อายิโนะโมะโต๊ะ เซลส์ (ประเทศไทย) บจก..,FOOD-MERCHANDISE,2023,"  8,392,325.33 ","  3,716,448.23 ",21631,04,31,0431
M4301416,4301416,อายิโนะโมะโต๊ะ เซลส์ (ประเทศไทย) บจก..,FOOD-MERCHANDISE,2023,"  263,084,963.78 ","  244,058,399.32 ",21640,04,40,0440
M4301746,4301746,เนเจอร์ คอร์ปอเรชั่น บจก.,NONFOOD-MERCHANDISE,2023,"  946,388.56 ","  884,475.30 ",21670,04,70,0470
M4302468,4302468,อาร์ทลิงค์ บจก.,NONFOOD-MERCHANDISE,2023,"  869,906.79 ","  812,997.00 ",21350,02,50,0250
M4302942,4302942,เอส.ดับบลิว.ฟู้ดเทค  บจก.,FOOD-MERCHANDISE,2023,"  11,912,461.35 ","  11,133,141.85 ",21740,05,40,0540
M4303178,4303178,เอสแอล โฮมโพรดักส์  บจก.,NONFOOD-MERCHANDISE,2023,"  6,317,679.80 ","  5,906,820.00 ",21320,02,20,0220
M4100272,4100272,เอเชี่ยนซี คอร์ปอเรชั่น บมจ. (M4100272),FOOD-MERCHANDISE,2023,"  1,946,378.50 ","  1,821,950.00 ",21720,05,20,0520
M4300028,4300028,ไอ.ซี.ซี.อินเตอร์เนชั่นแนล  บมจ. (Baby Boys&Girls),FOOD-MERCHANDISE,2023,"  59,178,813.42 ","  63,111.42 ",21630,04,30,0430
M4300100,4300100,เอิร์ธ (ประเทศไทย) บจก.,FOOD-MERCHANDISE,2023,"  6,357,319.25 ","  806,214.60 ",21680,04,80,0480
M4300234,4300234,เอส.ซี.เอส.ฟุตแวร์,NONFOOD-MERCHANDISE,2023,"  73,269,138.75 ","  68,475,830.28 ",21250,03,50,0350
M4300421,4300421,โอเชียนกลาส บมจ.,NONFOOD-MERCHANDISE,2023,"  (8,151.75)","  (7,618.46)",21620,04,20,0420
M4300787,4300787,เอส แอนด์ ซันส์ เทรดดิ้ง บจก.,FOOD-MERCHANDISE,2023,"  558,835,926.53 ","  522,276,566.77 ",21610,04,10,0410
M4301140,4301140,เอส.เอส.แมนูแฟคเจอริ่ง บจก. (Credit),NONFOOD-MERCHANDISE,2023,"  6,129,536.46 ","  5,728,538.64 ",21661,04,61,0461
M3600245,3600245,ลัคกี้เฟลม บจก.,NONFOOD-MERCHANDISE,2023,  -   ,  -   ,21110,03,80,0380
M4000047,4000047,สหพัฒนพิบูล บมจ.,FOOD-MERCHANDISE,2023,"  774,475.61 ","  214,107.18 ",21631,04,31,0431
M4000047,4000047,สหพัฒนพิบูล บมจ.,FOOD-MERCHANDISE,2023,"  1,132,725.05 ","  1,067,847.72 ",21670,04,70,0470
M4000066,4000066,3เอ็ม ประเทศไทย บจก.,NONFOOD-MERCHANDISE,2023,"  22,971,935.42 ","  20,587,127.57 ",21350,02,50,0250
M4001302,4001302,สยามเซฟเวย์เทรดดิ้ง บจก.,FOOD-MERCHANDISE,2023,"  925,431.61 ","  864,889.42 ",21661,04,61,0461
M2700766,2700766,เป๊ปซี่-โคล่า (ไทย) เทรดดิ้ง บจก.,FOOD-MERCHANDISE,2023,"  3,334,772.91 ","  3,103,707.80 ",21610,04,10,0410
M3000027,3000027,พิริยพูล อินเตอร์เนชั่นแนล  บจก.,FOOD-MERCHANDISE,2023,"  1,458,785.98 ","  1,357,972.84 ",21660,04,60,0460
M3000119,3000119,พรีเมียร์ มาร์เก็ตติ้ง บมจ. (FOOD),FOOD-MERCHANDISE,2023,"  615,663.45 ","  556,725.95 ",21610,04,10,0410
M3000119,3000119,พรีเมียร์ มาร์เก็ตติ้ง บมจ. (FOOD),FOOD-MERCHANDISE,2023,"  107,662,016.37 ","  100,595,762.45 ",21620,04,20,0420
M3000214,3000214,ไพโรจน์(ทั่งซังฮะ) บจก.,FOOD-MERCHANDISE,2023,"  213,888,429.77 ","  199,453,831.31 ",21630,04,30,0430
M3000268,3000268,พี.แสงอุดมเทรดดิ้ง บจก.,FOOD-MERCHANDISE,2023,"  3,921,262.35 ","  3,664,731.06 ",21620,04,20,0420
M3000595,3000595,แพรรี่ มาร์เก็ตติ้ง บจก.,FOOD-MERCHANDISE,2023,"  76,549,603.20 ","  71,383,636.48 ",21620,04,20,0420
M3000993,3000993,ไพโอเนียอินดัสเตรียลครีเอทีฟ บจก.,NONFOOD-MERCHANDISE,2023,"  3,235.68 ","  3,024.00 ",21320,02,20,0220
M3001463,3001463,เพียวกรีน (บจก.),FOOD-MERCHANDISE,2023,"  3,291,769.31 ","  3,073,413.64 ",21670,04,70,0470
M3100028,3100028,ซิกนิฟาย คอมเมอร์เชียล (ประเทศไทย) บจก.,NONFOOD-MERCHANDISE,2023,"  2,975,433.88 ",  -   ,21530,01,30,0130
M3100094,3100094,ฟรีสแลนด์คัมพิน่า (ประเทศไทย) บมจ.,FOOD-MERCHANDISE,2023,"  9,968,764.21 ","  9,316,601.99 ",21610,04,10,0410
M3100094,3100094,ฟรีสแลนด์คัมพิน่า (ประเทศไทย) บมจ.,FOOD-MERCHANDISE,2023,"  501,566,088.60 ","  477,256,141.32 ",21640,04,40,0440
M3300023,3300023,มุ่งพัฒนา อินเตอร์แนชชั่นแนล บมจ.,NONFOOD-MERCHANDISE,2023,"  650,462.53 ","  600,436.80 ",21610,04,10,0410
M3400477,3400477,ยูนิเท็กซ์ และกาเม้นท์ บจก.,NONFOOD-MERCHANDISE,2023,"  976,969.92 ","  913,056.00 ",21110,03,80,0380
M3500042,3500042,รอแยลฟู้ดส์ บจก.,FOOD-MERCHANDISE,2023,"  273,910,761.14 ","  255,991,365.62 ",21630,04,30,0430
M3500319,3500319,โรงงานผลิตภัณฑ์อาหารไทย บจก.,FOOD-MERCHANDISE,2023,"  333,488,818.66 ","  309,236,547.63 ",21630,04,30,0430
M4303222,4303222,อำพลฟูดส์ โพรเซสซิ่ง บจก.,FOOD-MERCHANDISE,2023,"  55,518,934.54 ","  51,025,598.99 ",21630,04,30,0430
M4400090,4400090,เฮอริเทจ มาร์เก็ตติ้ง บจก,FOOD-MERCHANDISE,2023,"  1,308,170.96 ","  1,264,592.80 ",21610,04,10,0410
M5000995,5000995,เจ.ที.แพ็ค ออฟ ฟู้ดส์  บจก. (Town Center),TOWN CENTER,2023,"  48,361.86 ","  45,198.00 ",33032,09,,09
M6000027,6000027,ซี แอนด์ พี คอนเซสชั่นแนร์ บจก.,FOOD-MERCHANDISE,2023,"  3,459,826.03 ","  3,233,482.25 ",21790,05,70,0570
M6000068,6000068,มโนห์รา มาร์เก็ตติ้ง บจก.,FOOD-MERCHANDISE,2023,"  2,919,809.50 ","  2,680,664.34 ",21630,04,30,0430
M6000193,6000193,พรอคเตอร์ แอนด์ แกมเบิล เทรดดิ้ง (ประเทศไทย) บจก.,FOOD-MERCHANDISE,2023,"  1,044,745,096.17 ","  937,897,256.32 ",21660,04,60,0460
M4300028,4300028,ไอ.ซี.ซี.อินเตอร์เนชั่นแนล  บมจ. (Baby Boys&Girls),FOOD-MERCHANDISE,2023,"  4,458,653.76 ","  4,160,363.48 ",21660,04,60,0460
M4300028,4300028,ไอ.ซี.ซี.อินเตอร์เนชั่นแนล  บมจ. (Baby Boys&Girls),FOOD-MERCHANDISE,2023,"  93,781,848.57 ","  108,696,442.54 ",21670,04,70,0470
M4300234,4300234,เอส.ซี.เอส.ฟุตแวร์,NONFOOD-MERCHANDISE,2023,  (299.40),  (279.81),21350,02,50,0250
M4300748,4300748,ไอ.พี. วัน บจก.,FOOD-MERCHANDISE,2023,"  23,351,479.14 ","  21,234,792.22 ",21640,04,40,0440
M4300858,4300858,เอส.เอ็ม.พี.ไวร์พลาสท์ บจก.,NONFOOD-MERCHANDISE,2023,"  472,220.96 ",  -   ,21360,02,60,0260
M4301124,4301124,อุตสาหกรรมวุ้นเส้นไทย บจก.,FOOD-MERCHANDISE,2023,"  8,444,017.85 ","  7,891,605.48 ",21630,04,30,0430
M4301257,4301257,เอ็มเอ็มพี คอร์ปอเรชั่น บจก.,FOOD-MERCHANDISE,2023,"  9,181,232.41 ","  8,580,591.00 ",21310,02,10,0210
M4301304,4301304,เอส แอนด์ พี ซินดิเคท  บมจ.,FOOD-MERCHANDISE,2023,"  39,862,978.19 ","  37,255,974.33 ",21790,05,70,0570
M4301416,4301416,อายิโนะโมะโต๊ะ เซลส์ (ประเทศไทย) บจก..,FOOD-MERCHANDISE,2023,"  106,937,236.73 ","  98,221,906.87 ",21610,04,10,0410
M4301720,4301720,โอฬาริก   คอสเมติกส์  หจก.,FOOD-MERCHANDISE,2023,"  1,442,150.28 ","  1,347,804.00 ",21660,04,60,0460
M4301803,4301803,เอส.อาร์.ทอย (ไทยแลนด์) บจก.,NONFOOD-MERCHANDISE,2023,"  (2,157.12)","  (2,016.00)",21630,04,30,0430
M4302317,4302317,เอ็ม.ที.เค เอ็นเตอร์ไพรส์   บจก.,FOOD-MERCHANDISE,2023,"  3,199,604.40 ","  2,986,174.44 ",21670,04,70,0470
M4302616,4302616,เอส.ซี.ซอฟแคร์ บจก.,NONFOOD-MERCHANDISE,2023,"  1,416,391.10 ","  1,333,747.04 ",21110,03,80,0380
M4302942,4302942,เอส.ดับบลิว.ฟู้ดเทค  บจก.,FOOD-MERCHANDISE,2023,"  12,347,422.97 ","  12,270,558.31 ",21760,05,60,0560
M4303072,4303072,เอ็น ซี ไอ อินเตอร์มาร์ท บจก.,FOOD-MERCHANDISE,2023,"  19,905,042.40 ","  18,595,708.10 ",21630,04,30,0430
M4303193,4303193,เอ็ม.ที.เฟเวอร์กิ๊ฟ บจก.,NONFOOD-MERCHANDISE,2023,"  1,885,568.98 ","  1,755,980.00 ",21330,02,30,0230
M4303195,4303195,เอส แอนด์ เอ็น คอนเซสชั่นแนร์ หจก.,FOOD-MERCHANDISE,2023,"  5,996,266.83 ","  5,606,930.99 ",21790,05,70,0570
M5000227,5000227,เนสท์เล่ (ไทย) บจก. (TW),TOWN CENTER,2023,"  10,350,318.29 ","  9,673,494.39 ",33032,09,,09
M6000288,6000288,ดีเคเอสเอช (ประเทศไทย) บจก. (PHARMA) PURE,FOOD-MERCHANDISE,2023,"  20,931,961.14 ","  14,529,056.80 ",21840,06,20,0620
M6000297,6000297,อ้วยอันโอสถ บจก.,FOOD-MERCHANDISE,2023,"  6,311,261.95 ","  2,626,218.87 ",21840,06,20,0620
M6000306,6000306,ที เอ็น พี เฮลท์แคร์ บจก. (แผนกยา),FOOD-MERCHANDISE,2023,"  12,467,220.05 ","  6,001,589.76 ",21830,06,10,0610
M6000306,6000306,ที เอ็น พี เฮลท์แคร์ บจก. (แผนกยา),FOOD-MERCHANDISE,2023,"  1,250,889.29 ","  236,187.83 ",21850,06,30,0630
M6000363,6000363,คอฟฟี่ เซลส์ บจก.,FOOD-MERCHANDISE,2023,"  4,725,524.61 ","  4,416,378.12 ",21610,04,10,0410
M6000406,6000406,โปรไทย บจก.,FOOD-MERCHANDISE,2023,"  5,324,055.86 ","  4,913,519.24 ",21620,04,20,0420
M3500442,3500442,เรดอน บจก. (M3500442),FOOD-MERCHANDISE,2023,"  11,680.80 ","  10,916.64 ",21210,03,10,0310
M3600435,3600435,ล่ำสูง (ประเทศไทย) บมจ.,FOOD-MERCHANDISE,2023,"  312,595,972.10 ","  292,140,877.76 ",21630,04,30,0430
M3701019,3701019,ไวท์เฮ้าส์คลีนนิ่ง โปรดักส์ บจก.,FOOD-MERCHANDISE,2023,"  629,059.08 ",  -   ,21630,04,30,0430
M3701656,3701656,วี.ที.เอ็น.อินเตอร์เทรด บจก.,NONFOOD-MERCHANDISE,2023,"  4,542,083.66 ","  4,244,938.00 ",21340,02,40,0240
M4000043,4000043,สหไทยพัฒนภัณฑ์ บจก.,FOOD-MERCHANDISE,2023,"  457,884.15 ","  243,833.68 ",21671,04,71,0471
M6000037,6000037,พี.เอฟ.พี.เทรดดิ้ง บจก.,FOOD-MERCHANDISE,2023,"  4,523,608.02 ","  4,227,671.00 ",21790,05,70,0570
M6000053,6000053,ดอยคำผลิตภัณฑ์อาหาร บจก.,FOOD-MERCHANDISE,2023,"  745,026.19 ","  695,478.60 ",21630,04,30,0430
M6000193,6000193,พรอคเตอร์ แอนด์ แกมเบิล เทรดดิ้ง (ประเทศไทย) บจก.,FOOD-MERCHANDISE,2023,"  203,928.06 ","  8,215.91 ",21662,04,62,0462
M6000284,6000284,เอ.เอ็น.บี.ลาบอราตอรี่ บจก.,FOOD-MERCHANDISE,2023,"  24,693.12 ",  -   ,21630,04,30,0430
M6000290,6000290,5 พระเจดีย์โอสถ บจก.แผนกยา,FOOD-MERCHANDISE,2023,"  1,753,898.99 ","  297,187.98 ",21840,06,20,0620
M4301665,4301665,ฟอนเทียร่า แบรนด์ส (ประเทศไทย) บจก.,FOOD-MERCHANDISE,2023,"  108,386,524.28 ","  101,295,816.94 ",21640,04,40,0440
M4301820,4301820,อาร์.เอส.มาร์เก็ตติ้ง,NONFOOD-MERCHANDISE,2023,"  12,251,217.08 ","  11,449,735.59 ",21240,03,40,0340
M4301837,4301837,เอส ซี เสรีชัยบิวตี้ บจก.,FOOD-MERCHANDISE,2023,"  43,068,316.49 ","  40,250,763.05 ",21660,04,60,0460
M4301897,4301897,อรรถจิตร์ บจก.,FOOD-MERCHANDISE,2023,"  4,713,471.56 ","  4,405,113.60 ",21620,04,20,0420
M4302651,4302651,อีเลคโทรลักซ์ ประเทศไทย บจก.,NONFOOD-MERCHANDISE,2023,"  93,782,315.58 ","  88,016,009.79 ",21510,01,10,0110
M4302954,4302954,เอส.เอ็ม.เอส. คอนเซสชั่นแนร์ บจก.,FOOD-MERCHANDISE,2023,"  4,245,614.72 ","  3,970,013.74 ",21790,05,70,0570
M4002746,4002746,สแตนดาร์ดโปรโมชั่น บจก. (Mer),NONFOOD-MERCHANDISE,2023,"  422,687.45 ","  395,035.00 ",21310,02,10,0210
M4003604,4003604,สยามยูนิทูลส์ บจก.,FOOD-MERCHANDISE,2023,"  8,115,548.35 ","  7,584,624.62 ",21620,04,20,0420
M4003611,4003611,สามดาว โปรดักส์ บจก.,NONFOOD-MERCHANDISE,2023,  -   ,  -   ,21220,03,20,0320
M4100253,4100253,หลุยส์ผลิตภัณฑ์กาวเทป บจก.,NONFOOD-MERCHANDISE,2023,"  3,126,693.01 ","  2,922,143.00 ",21350,02,50,0250
M4100261,4100261,หาดทิพย์ บมจ.,FOOD-MERCHANDISE,2023,"  531,177,710.85 ","  496,427,774.09 ",21640,04,40,0440
M4300104,4300104,เอส.ซี.ยอห์นสัน แอนด์ ซัน บจก. (DF),FOOD-MERCHANDISE,2023,"  10,380,993.48 ","  2,637,346.52 ",21671,04,71,0471
M4300111,4300111,โอสถสภา บมจ. (DF),FOOD-MERCHANDISE,2023,"  211,918,313.07 ","  198,054,498.11 ",21660,04,60,0460
M4300176,4300176,อุตสาหกรรมนมไทย บจก. (M4300176),FOOD-MERCHANDISE,2023,"  63,241,472.52 ","  59,104,179.94 ",21610,04,10,0410
M6000297,6000297,อ้วยอันโอสถ บจก.,FOOD-MERCHANDISE,2023,"  6,131,357.67 ","  3,542,418.13 ",21860,06,40,0640
M6000300,6000300,อาร์เอ็กซ์ บจก.,FOOD-MERCHANDISE,2023,"  4,645,040.32 ","  2,658,462.06 ",21840,06,20,0620
M6000310,6000310,ซิลลิค ฟาร์มา บจก. (แผนกยา),FOOD-MERCHANDISE,2023,"  11,536,683.55 ","  8,614,076.39 ",21830,06,10,0610
M6000316,6000316,สยามออริจินัลฟู้ด บจก.,FOOD-MERCHANDISE,2023,"  148,013.10 ","  138,330.00 ",21740,05,40,0540
M6000332,6000332,2 เอ็ม (เมด-เมเกอร์) บจก. (แผนกยา),FOOD-MERCHANDISE,2023,"  252,157.76 ","  235,661.44 ",21850,06,30,0630
M6000340,6000340,โกลด์ มิ้นท์ โปรดักส์ บจก. (แผนกยา),FOOD-MERCHANDISE,2023,"  43,498,069.69 ","  40,652,401.59 ",21840,06,20,0620
M6000448,6000448,เนสท์เล่ (ไทย) บจก..,FOOD-MERCHANDISE,2023,"  3,459,060,294.92 ","  3,096,036,782.86 ",21610,04,10,0410
M6000448,6000448,เนสท์เล่ (ไทย) บจก..,FOOD-MERCHANDISE,2023,"  472,140,788.20 ","  91,703,371.53 ",21630,04,30,0430
M6000481,6000481,จัดซื้ออาหารสด-หาดใหญ่,FOOD-MERCHANDISE,2023,"  66,354.00 ","  65,789.56 ",33421,00,0,00000
M6000567,6000567,ยูนิลีเวอร์ ไทย เทรดดิ้ง บจก. (DF),FOOD-MERCHANDISE,2023,"  (1,197.45)","  (1,119.11)",21640,04,40,0440
M6000583,6000583,ดีเคเอสเอช (ประเทศไทย) บจก. (M6000583),FOOD-MERCHANDISE,2023,"  88,255,488.36 ","  82,481,764.88 ",21620,04,20,0420
M6000584,6000584,ดีเคเอสเอช (ประเทศไทย) บจก. (Floucaril),FOOD-MERCHANDISE,2023,"  44,265,597.73 ","  41,369,717.40 ",21660,04,60,0460
M6000608,6000608,โอลีน บจก. (M6000608),FOOD-MERCHANDISE,2023,"  291,555,258.56 ","  271,736,593.90 ",21630,04,30,0430
M6000615,6000615,ดีเคเอสเอช (ประเทศไทย) บจก. (Sensodyne),FOOD-MERCHANDISE,2023,"  3,312,446.50 ","  1,201,959.00 ",21830,06,10,0610
M6000647,6000647,เรกคิทท์ เบนคีเซอร์ (ประเทศไทย) บจก.,FOOD-MERCHANDISE,2023,"  44,277,847.92 ","  37,423,831.35 ",21670,04,70,0470
M6000689,6000689,ภูเก็ตสีวลี  บจก.,FOOD-MERCHANDISE,2023,"  11,429,071.77 ","  10,681,375.38 ",21650,04,50,0450
M6000690,6000690,อุดรแสงเจริญ(2001) บจก.,FOOD-MERCHANDISE,2023,"  5,951,392.24 ","  5,587,354.48 ",21650,04,50,0450
M4303222,4303222,อำพลฟูดส์ โพรเซสซิ่ง บจก.,FOOD-MERCHANDISE,2023,"  6,319,793.52 ","  5,906,349.07 ",21640,04,40,0440
M4303236,4303236,เอฟแอนด์เอ็น ยูไนเต็ด บจก. (Asso),ASSOCIATE - RPT,2023, NULL ,  -   ,21790,05,70,0570
M4303244,4303244,ไอ.ซี.ซี.อินเตอร์เนชั่นแนล บมจ. (Lingerie  Wacoal Popline),NONFOOD-MERCHANDISE,2023,"  138,894,052.79 ","  129,807,525.68 ",21210,03,10,0310
M4400084,4400084,ไฮคิว ผลิตภัณฑ์อาหาร บจก.,FOOD-MERCHANDISE,2023,"  181,769,327.12 ","  169,608,772.60 ",21630,04,30,0430
M6000070,6000070,มาร์ส ไทยแลนด์ อิงค์,FOOD-MERCHANDISE,2023,"  308,934,960.55 ","  308,934,960.55 ",21680,04,80,0480
M6000075,6000075,เฮลิก วาสเซอร์ ฟูดโปรดักส์ บจก.,FOOD-MERCHANDISE,2023,"  12,187,353.49 ","  11,390,050.00 ",21610,04,10,0410
M6000112,6000112,ทวีผลผลิตภัณฑ์  บจก.,FOOD-MERCHANDISE,2023,"  3,110,126.88 ","  2,906,660.69 ",21640,04,40,0440
M6000131,6000131,เฮาเหว่ย (ประเทศไทย) บจก.,FOOD-MERCHANDISE,2023,"  4,895,667.14 ","  4,572,116.52 ",21640,04,40,0440
M6000699,6000699,ดั๊กเคน (ประเทศไทย) บจก.,FOOD-MERCHANDISE,2023,  (31.13),  (29.09),21760,05,60,0560
M6000711,6000711,บุญชัยทุเรียนโปรดักส์ บจก.,FOOD-MERCHANDISE,2023,"  2,881,102.08 ","  2,692,618.75 ",21760,05,60,0560
M6000753,6000753,เอสเอส.โปรดั๊กส์แอนด์เซอร์วิส บจก.,FOOD-MERCHANDISE,2023,"  6,237,504.00 ","  6,237,504.00 ",21720,05,20,0520
M6000810,6000810,วีรยุทธ กนกรัตนนุกูล,FOOD-MERCHANDISE,2023,"  9,081,325.00 ","  9,081,325.00 ",21710,05,10,0510
M6000813,6000813,เฮลซ์เทรดดิ้ง(ประเทศไทย) บจก.,FOOD-MERCHANDISE,2023,"  291,957,021.72 ","  272,857,029.66 ",21640,04,40,0440
M6000825,6000825,เฮอริเทจ มาร์เก็ตติ้ง บจก.,FOOD-MERCHANDISE,2023,"  4,095,718.00 ",  0.40 ,21730,05,30,0530
M6000825,6000825,เฮอริเทจ มาร์เก็ตติ้ง บจก.,FOOD-MERCHANDISE,2023,"  7,731,005.12 ","  9,305,160.20 ",21760,05,60,0560
M6000841,6000841,วรรณดี กรุ๊ป เบเกอรี่ บจก..,FOOD-MERCHANDISE,2023,"  268,570.00 ","  251,000.00 ",21720,05,20,0520
M6000852,6000852,ขนมเปี๊ยะ แต้เซ่งเฮง บจก.,FOOD-MERCHANDISE,2023,"  39,133,355.87 ","  36,573,730.08 ",21740,05,40,0540
M4301204,4301204,อิตาเลเซีย เทรดดิ้ง(ประเทศไทย) บจก.,FOOD-MERCHANDISE,2023,"  309,717.75 ","  289,455.85 ",21640,04,40,0440
M4301746,4301746,เนเจอร์ คอร์ปอเรชั่น บจก.,NONFOOD-MERCHANDISE,2023,  -   ,  -   ,21650,04,50,0450
M4301803,4301803,เอส.อาร์.ทอย (ไทยแลนด์) บจก.,NONFOOD-MERCHANDISE,2023,"  10,474,302.22 ","  9,789,067.48 ",21330,02,30,0230
M4301837,4301837,เอส ซี เสรีชัยบิวตี้ บจก.,FOOD-MERCHANDISE,2023,"  (5,034.39)","  (4,705.04)",21630,04,30,0430
M6000193,6000193,พรอคเตอร์ แอนด์ แกมเบิล เทรดดิ้ง (ประเทศไทย) บจก.,FOOD-MERCHANDISE,2023,"  16,653,692.39 ","  15,109,309.50 ",21340,02,40,0240
M6000193,6000193,พรอคเตอร์ แอนด์ แกมเบิล เทรดดิ้ง (ประเทศไทย) บจก.,FOOD-MERCHANDISE,2023,"  755,975,784.08 ","  690,657,423.40 ",21670,04,70,0470
M6000203,6000203,อีสท์เวสท์เทรดิ้งแอนด์เอเย่นซีส์ บจก. (M6000203),FOOD-MERCHANDISE,2023,"  11,822,675.48 ","  11,049,229.39 ",21630,04,30,0430
M6000288,6000288,ดีเคเอสเอช (ประเทศไทย) บจก. (PHARMA) PURE,FOOD-MERCHANDISE,2023,"  9,934,443.93 ","  2,575,802.71 ",21850,06,30,0630
M6000306,6000306,ที เอ็น พี เฮลท์แคร์ บจก. (แผนกยา),FOOD-MERCHANDISE,2023,"  20,764,135.34 ","  14,999,841.69 ",21840,06,20,0620
M6000995,6000995,อาร์แอนด์ดี ฟู้ดส์โปรดักส์ บจก.,FOOD-MERCHANDISE,2023,"  950,126.18 ","  887,968.44 ",21760,05,60,0560
M6001010,6001010,เนเจอร์ สไปซ์ บจก.,FOOD-MERCHANDISE,2023,"  348,413.40 ","  325,620.00 ",21740,05,40,0540
M6001041,6001041,เถ้าแก่น้อย ฟู๊ดแอนด์มาร์เก็ตติ้ง บมจ.,FOOD-MERCHANDISE,2023,"  259,548,249.52 ","  242,568,457.37 ",21620,04,20,0420
M6001071,6001071,แมสมาร์เกตติ้ง บจก.,FOOD-MERCHANDISE,2023,"  51,018,681.46 ","  47,681,010.66 ",21630,04,30,0430
M6001074,6001074,ทองคำพาณิชย์ โดยนายมนัสชัย ทับทิม,FOOD-MERCHANDISE,2023,"  4,487,274.75 ","  4,487,274.75 ",21740,05,40,0540
M4002176,4002176,สยามพูลทรัพย์ อินเตอร์ เคมีคอล บจก. (DF),FOOD-MERCHANDISE,2023,  (997.59),  (932.33),21840,06,20,0620
M4003263,4003263,สมูท อี บจก.,FOOD-MERCHANDISE,2023,"  110,632,935.94 ","  100,090,981.28 ",21660,04,60,0460
M4003577,4003577,ส.กิจวัฒนาฟู้ดส์ บจก.,FOOD-MERCHANDISE,2023,"  783,342.96 ","  763,928.88 ",21760,05,60,0560
M4003625,4003625,สีคิ้ว ก.พานิช บจก.,NONFOOD-MERCHANDISE,2023,"  8,372,675.69 ","  7,870,285.78 ",21510,01,10,0110
M4003643,4003643,สหภัณฑ์ กรุ๊ป (ประเทศไทย) บจก.,FOOD-MERCHANDISE,2023,"  4,864,818.13 ","  4,546,559.04 ",21660,04,60,0460
M4100051,4100051,แหลมทองอุตสาหกรรมอาหาร บจก.,FOOD-MERCHANDISE,2023,"  3,876,103.94 ","  3,622,527.24 ",21620,04,20,0420
M4100064,4100064,แหลมทองฟู้ดมาร์เก็ตติ้ง บจก.,FOOD-MERCHANDISE,2023,"  1,872,591.89 ","  1,823,074.56 ",21640,04,40,0440
M4300100,4300100,เอิร์ธ (ประเทศไทย) บจก.,FOOD-MERCHANDISE,2023,"  93,027,137.60 ","  86,699,486.62 ",21670,04,70,0470
M4300421,4300421,โอเชียนกลาส บมจ.,NONFOOD-MERCHANDISE,2023,"  19,850,192.53 ","  18,551,581.81 ",21310,02,10,0210
M4300748,4300748,ไอ.พี. วัน บจก.,FOOD-MERCHANDISE,2023,"  686,188,991.99 ","  639,941,037.50 ",21670,04,70,0470
M6001132,6001132,ทริปเปิ้ล-เอ็ม โปรดักส์ บจก.,FOOD-MERCHANDISE,2023,"  28,227,460.86 ","  26,380,805.62 ",21620,04,20,0420
M6001149,6001149,สหชลผลพืช บจก.,FOOD-MERCHANDISE,2023,"  413,003.15 ","  386,042.95 ",21760,05,60,0560
M6001150,6001150,เจีย เซ่ง หลี บจก.,FOOD-MERCHANDISE,2023,"  1,128,900.00 ","  1,128,900.00 ",21720,05,20,0520
M6001187,6001187,สหกรณ์ การเกษตรเมืองร้อยเอ็ด จำกัด,FOOD-MERCHANDISE,2023,"  573,600.00 ","  573,600.00 ",21630,04,30,0430
M6001236,6001236,จอห์นสัน แอนด์ จอห์นสัน คอนซูเมอร์ (ประเทศไทย) บจก..,FOOD-MERCHANDISE,2023,"  579,416.88 ","  13,646.00 ",21662,04,62,0462
M6001256,6001256,วิยะเครป โปรดักส์ บจก.,FOOD-MERCHANDISE,2023,"  1,506,420.00 ","  1,506,420.00 ",21720,05,20,0520
M6001333,6001333,ซันฟู้ดส์ เทรดดิ้ง บจก.,FOOD-MERCHANDISE,2023,"  1,143,281.99 ","  1,068,487.86 ",21760,05,60,0560
M6001337,6001337,เอสเอพีเอส หจก.,FOOD-MERCHANDISE,2023,"  2,524,870.44 ","  2,359,692.00 ",21760,05,60,0560
M6000481,6000481,จัดซื้ออาหารสด-หาดใหญ่,FOOD-MERCHANDISE,2023,"  42,782.50 ","  42,647.05 ",33420,00,0,00000
M6000551,6000551,พีแอนด์ที สยาม บจก.,FOOD-MERCHANDISE,2023,"  2,831,785.02 ","  2,643,484.20 ",21610,04,10,0410
M6000551,6000551,พีแอนด์ที สยาม บจก.,FOOD-MERCHANDISE,2023,"  260,865.48 ","  243,799.56 ",21850,06,30,0630
M6000576,6000576,ดีเคเอสเอช (ประเทศไทย) บจก. (Snake Brand&Lipice),FOOD-MERCHANDISE,2023,"  9,105,415.37 ","  8,509,734.02 ",21661,04,61,0461
M6000579,6000579,ดีเคเอสเอช (ประเทศไทย) บจก. (แคดเบอรี่ แดรี่ มิลค์ ช็อกโแลต),FOOD-MERCHANDISE,2023,"  26,639,324.95 ","  24,896,566.28 ",21620,04,20,0420
M6000596,6000596,เกร๊ทเตอร์มายบาซิน บจก.,FOOD-MERCHANDISE,2023,"  1,803,537.96 ","  769,667.97 ",21830,06,10,0610
M6000406,6000406,โปรไทย บจก.,FOOD-MERCHANDISE,2023,"  6,672,177.86 ","  6,235,679.90 ",21760,05,60,0560
M6000448,6000448,เนสท์เล่ (ไทย) บจก..,FOOD-MERCHANDISE,2023,"  109,156,841.48 ","  108,848,000.61 ",21680,04,80,0480
M6000449,6000449,อีร่า ครีเอชั่น บจก.,FOOD-MERCHANDISE,2023,"  1,447,119.36 ","  1,352,448.00 ",21670,04,70,0470
M6000524,6000524,เค.อาร์.เอส.สไปร์ซี่ ฟู้ดส์ บจก.,FOOD-MERCHANDISE,2023,"  1,684,780.18 ","  1,574,560.92 ",21760,05,60,0560
M6000545,6000545,องค์การส่งเสริมกิจการโคนมแห่งประเทศไทย(อ.ส.ค.),FOOD-MERCHANDISE,2023,"  1,721,857.54 ",  -   ,21630,04,30,0430
M6000557,6000557,โฟลี่ส์ บจก.,FOOD-MERCHANDISE,2023,"  2,087,934.87 ","  1,951,341.00 ",21750,05,50,0550
M4303042,4303042,เอเชีย อินเตอร์ ไรซ์ บจก.,FOOD-MERCHANDISE,2023,"  654,600,135.00 ","  654,600,135.00 ",21630,04,30,0430
M4303178,4303178,เอสแอล โฮมโพรดักส์  บจก.,NONFOOD-MERCHANDISE,2023,"  32,380,426.20 ","  30,149,556.43 ",21340,02,40,0240
M4303193,4303193,เอ็ม.ที.เฟเวอร์กิ๊ฟ บจก.,NONFOOD-MERCHANDISE,2023,"  15,297,264.63 ","  14,294,474.00 ",21350,02,50,0250
M4400121,4400121,ฮันเตอร์กรุ๊ป หจก.,FOOD-MERCHANDISE,2023,"  10,656,146.93 ","  10,257,299.81 ",21680,04,80,0480
M4400137,4400137,ฮานาบิชิ อิเลคทริค คอร์ปอเรชั่น บจก.,NONFOOD-MERCHANDISE,2023,"  72,673,876.58 ","  67,919,510.21 ",21510,01,10,0110
M4400215,4400215,ไฮไฟ โอเรียนท์ ไทย บมจ.,NONFOOD-MERCHANDISE,2023,"  11,319,865.75 ","  10,579,313.64 ",21520,01,20,0120
M6000053,6000053,ดอยคำผลิตภัณฑ์อาหาร บจก.,FOOD-MERCHANDISE,2023,"  28,896,268.48 ","  27,005,858.36 ",21696,04,96,0496
M6000068,6000068,มโนห์รา มาร์เก็ตติ้ง บจก.,FOOD-MERCHANDISE,2023,"  21,358,860.88 ","  19,911,833.36 ",21620,04,20,0420
M4300816,4300816,ส.ขอนแก่นฟู้ดส์ บมจ. (M4300816),FOOD-MERCHANDISE,2023,"  99,728,743.65 ","  93,204,432.04 ",21760,05,60,0560
M4301304,4301304,เอส แอนด์ พี ซินดิเคท  บมจ.,FOOD-MERCHANDISE,2023,"  2,315,993.22 ","  2,164,479.78 ",21740,05,40,0540
M4301416,4301416,อายิโนะโมะโต๊ะ เซลส์ (ประเทศไทย) บจก..,FOOD-MERCHANDISE,2023,"  700,627,021.37 ","  651,749,712.13 ",21630,04,30,0430
M4301577,4301577,ออร์ก้า (ประเทศไทย) บจก.,NONFOOD-MERCHANDISE,2023,"  878,643.20 ","  835,080.00 ",21310,02,10,0210
M4301665,4301665,ฟอนเทียร่า แบรนด์ส (ประเทศไทย) บจก.,FOOD-MERCHANDISE,2023,"  101,199,184.44 ","  94,578,677.02 ",21610,04,10,0410
M4302855,4302855,อิมาร์เฟล็กซ์ อินดัสเตรียล บจก.,NONFOOD-MERCHANDISE,2023,"  63,869,353.92 ","  59,690,985.03 ",21510,01,10,0110
M4303178,4303178,เอสแอล โฮมโพรดักส์  บจก.,NONFOOD-MERCHANDISE,2023,"  542,758.46 ","  322,560.00 ",21310,02,10,0210
M4303222,4303222,อำพลฟูดส์ โพรเซสซิ่ง บจก.,FOOD-MERCHANDISE,2023,"  366,910.28 ","  326,567.42 ",21610,04,10,0410
M4303222,4303222,อำพลฟูดส์ โพรเซสซิ่ง บจก.,FOOD-MERCHANDISE,2023,"  9,143,688.63 ","  1,480,293.48 ",21631,04,31,0431
M6000626,6000626,โรงงานน้ำผลไม้ไทย หจก.,FOOD-MERCHANDISE,2023,"  12,420,799.68 ","  11,608,224.00 ",21640,04,40,0440
M6000634,6000634,ยูนิ-ชาร์ม (ประเทศไทย) บจก.,FOOD-MERCHANDISE,2023,"  407,607,163.23 ","  380,941,274.22 ",21672,04,72,0472
M6000634,6000634,ยูนิ-ชาร์ม (ประเทศไทย) บจก.,FOOD-MERCHANDISE,2023,"  1,776,084.86 ","  1,776,084.86 ",21680,04,80,0480
M6000647,6000647,เรกคิทท์ เบนคีเซอร์ (ประเทศไทย) บจก.,FOOD-MERCHANDISE,2023,"  134,936,723.71 ","  125,362,064.50 ",21660,04,60,0460
M6000647,6000647,เรกคิทท์ เบนคีเซอร์ (ประเทศไทย) บจก.,FOOD-MERCHANDISE,2023,"  15,242,958.22 ","  6,497,352.85 ",21672,04,72,0472
M6000701,6000701,สหพัฒนพิบูล บมจ..,FOOD-MERCHANDISE,2023,"  16,989,459.98 ","  15,899,461.38 ",21760,05,60,0560
M6000727,6000727,เยนเนอรัล ดีสทริบิ้วชั่น เซอร์วิส บจก.,FOOD-MERCHANDISE,2023,"  1,738,215.00 ","  1,624,500.00 ",21630,04,30,0430
M6000744,6000744,ฤทธามาร์เก็ตติ้ง บจก.,FOOD-MERCHANDISE,2023,"  134,378.15 ","  125,587.04 ",21640,04,40,0440
M6000745,6000745,โครงการส่วนพระองค์ สวนจิตรลดา,FOOD-MERCHANDISE,2023,"  25,222,725.20 ","  25,222,725.20 ",21610,04,10,0410
M6000745,6000745,โครงการส่วนพระองค์ สวนจิตรลดา,FOOD-MERCHANDISE,2023,"  10,416,834.76 ","  10,410,114.76 ",21640,04,40,0440
M6000779,6000779,จาโกต้า บราเดอร์ส เทรดดิ้ง บจก. (6000779),FOOD-MERCHANDISE,2023,"  9,278,585.75 ","  8,671,575.68 ",21790,05,70,0570
M6000126,6000126,เอ็นพีซี เทรดดิ้ง บจก.,FOOD-MERCHANDISE,2023,"  2,706,378.44 ","  2,529,325.67 ",21610,04,10,0410
M6000164,6000164,น้ำมันพืชไทย บมจ.,FOOD-MERCHANDISE,2023,"  234,083,625.10 ","  218,769,743.10 ",21630,04,30,0430
M6000168,6000168,สยามเมกซ์ บจก.,FOOD-MERCHANDISE,2023,"  2,705,120.50 ","  2,528,150.00 ",21750,05,50,0550
M6000174,6000174,นิว ไทย ที เบเกอรี่ หจก.,FOOD-MERCHANDISE,2023,"  13,186,922.56 ","  12,324,226.66 ",21750,05,50,0550
M6000280,6000280,จิมสกรุ๊ป บจก. (DF),FOOD-MERCHANDISE,2023,"  3,415,637.83 ","  3,192,184.86 ",21630,04,30,0430
M6000288,6000288,ดีเคเอสเอช (ประเทศไทย) บจก. (PHARMA) PURE,FOOD-MERCHANDISE,2023,"  14,691,236.25 ","  5,448,687.97 ",21830,06,10,0610
M6000581,6000581,ดีเคเอสเอช (ประเทศไทย) บจก. (Ovaltine Cofectionaryn),FOOD-MERCHANDISE,2023,"  11,466,645.16 ","  10,489,275.98 ",21620,04,20,0420
M6000596,6000596,เกร๊ทเตอร์มายบาซิน บจก.,FOOD-MERCHANDISE,2023,"  620,919.29 ","  580,298.40 ",21620,04,20,0420
M6000727,6000727,เยนเนอรัล ดีสทริบิ้วชั่น เซอร์วิส บจก.,FOOD-MERCHANDISE,2023,"  408,023.10 ","  381,330.00 ",21640,04,40,0440
M6000732,6000732,แบริ่ง เพ็ทแคร์ (ประเทศไทย) บจก.,FOOD-MERCHANDISE,2023,"  2,745,407.67 ","  2,631,426.36 ",21680,04,80,0480
M6000745,6000745,โครงการส่วนพระองค์ สวนจิตรลดา,FOOD-MERCHANDISE,2023,"  40,168,980.00 ","  40,168,980.00 ",21620,04,20,0420
M6001021,6001021,ซิน อกรีฟู้ดส์ หจก.,FOOD-MERCHANDISE,2023,"  1,550,881.51 ","  1,532,772.36 ",21760,05,60,0560
M6001041,6001041,เถ้าแก่น้อย ฟู๊ดแอนด์มาร์เก็ตติ้ง บมจ.,FOOD-MERCHANDISE,2023, NULL ,  -   ,21622,04,22,0422
M6001041,6001041,เถ้าแก่น้อย ฟู๊ดแอนด์มาร์เก็ตติ้ง บมจ.,FOOD-MERCHANDISE,2023,"  2,483,514.90 ","  2,321,041.81 ",21760,05,60,0560
M6001057,6001057,อาร์ แอนด์ บี ฟู้ด ซัพพลาย บมจ.,FOOD-MERCHANDISE,2023,"  6,386,942.12 ","  5,969,104.52 ",21610,04,10,0410
M6001061,6001061,องค์การเภสัชกรรม,FOOD-MERCHANDISE,2023,"  (62,971.16)","  (40,472.98)",21860,06,40,0640
M4400090,4400090,เฮอริเทจ มาร์เก็ตติ้ง บจก,FOOD-MERCHANDISE,2023,"  62,982,360.92 ","  1,337,029.67 ",21630,04,30,0430
M4400109,4400109,ฮาตาริ อิเลคทริค  บจก.,NONFOOD-MERCHANDISE,2023,"  25,514,002.34 ","  4,209,471.00 ",21512,01,12,0112
M4400121,4400121,ฮันเตอร์กรุ๊ป หจก.,FOOD-MERCHANDISE,2023,"  2,393,144.88 ","  2,236,584.00 ",21340,02,40,0240
M6000037,6000037,พี.เอฟ.พี.เทรดดิ้ง บจก.,FOOD-MERCHANDISE,2023,"  1,455,403.58 ","  1,360,190.00 ",21740,05,40,0540
M6000053,6000053,ดอยคำผลิตภัณฑ์อาหาร บจก.,FOOD-MERCHANDISE,2023,"  2,174,189.02 ","  2,031,952.32 ",21610,04,10,0410
M6000053,6000053,ดอยคำผลิตภัณฑ์อาหาร บจก.,FOOD-MERCHANDISE,2023,"  55,030,277.07 ","  51,429,842.61 ",21640,04,40,0440
M6000061,6000061,แดรี่ พลัส บจก.,FOOD-MERCHANDISE,2023,"  94,168,291.78 ","  12,844,415.95 ",21610,04,10,0410
M6000061,6000061,แดรี่ พลัส บจก.,FOOD-MERCHANDISE,2023,"  477,949,931.32 ","  438,196,404.87 ",21640,04,40,0440
M6000131,6000131,เฮาเหว่ย (ประเทศไทย) บจก.,FOOD-MERCHANDISE,2023,"  20,377,853.12 ","  19,039,503.80 ",21620,04,20,0420
M6000135,6000135,สยามอุตสาหกรรมไผ่ บจก.,FOOD-MERCHANDISE,2023,"  2,897,220.67 ","  2,707,682.84 ",21310,02,10,0210
M6000193,6000193,พรอคเตอร์ แอนด์ แกมเบิล เทรดดิ้ง (ประเทศไทย) บจก.,FOOD-MERCHANDISE,2023,"  187,352,508.11 ","  116,753,013.39 ",21661,04,61,0461
M6000284,6000284,เอ.เอ็น.บี.ลาบอราตอรี่ บจก.,FOOD-MERCHANDISE,2023,"  11,608,558.74 ","  11,329,603.95 ",21840,06,20,0620
M6000361,6000361,ส.ขอนแก่นฟู้ดส์ บมจ. (M6000361),FOOD-MERCHANDISE,2023,"  800,531.20 ","  748,160.00 ",21790,05,70,0570
M6000406,6000406,โปรไทย บจก.,FOOD-MERCHANDISE,2023,"  25,964,992.07 ","  24,243,091.73 ",21630,04,30,0430
M6000448,6000448,เนสท์เล่ (ไทย) บจก..,FOOD-MERCHANDISE,2023,"  89,842,871.48 ","  83,707,781.15 ",21620,04,20,0420
M6000481,6000481,จัดซื้ออาหารสด-หาดใหญ่,FOOD-MERCHANDISE,2023,"  65,967.50 ","  65,629.26 ",26100,00,0,00000
M6000481,6000481,จัดซื้ออาหารสด-หาดใหญ่,FOOD-MERCHANDISE,2023,"  17,947.00 ","  17,880.27 ",33424,00,0,00000
M6000567,6000567,ยูนิลีเวอร์ ไทย เทรดดิ้ง บจก. (DF),FOOD-MERCHANDISE,2023,"  608,504,897.10 ","  72,628,672.66 ",21661,04,61,0461
M6000567,6000567,ยูนิลีเวอร์ ไทย เทรดดิ้ง บจก. (DF),FOOD-MERCHANDISE,2023,"  195,917,849.99 ","  88,051,004.78 ",21671,04,71,0471
M6000572,6000572,ยูนิลีเวอร์ ไทย เทรดดิ้ง บจก. (FF),FOOD-MERCHANDISE,2023, NULL ,  (259.30),33032,09,,09
M6001376,6001376,มังคิ คิง ฟูด บจก.,FOOD-MERCHANDISE,2023,"  1,796,396.70 ","  1,678,875.41 ",21760,05,60,0560
M6001380,6001380,พาภิญโญ กรุ๊ป บจก.,FOOD-MERCHANDISE,2023,"  93,408,988.58 ","  87,298,120.08 ",21660,04,60,0460
M6001417,6001417,คีโว-ไทย บจก.,FOOD-MERCHANDISE,2023,"  4,588,632.67 ","  4,288,441.77 ",21850,06,30,0630
M6001427,6001427,จักรทิพย์เทรดดิ้ง บจก.,FOOD-MERCHANDISE,2023,"  9,350,560.40 ","  8,738,841.42 ",21650,04,50,0450
M6001442,6001442,สมุยไอซ์ บจก.,FOOD-MERCHANDISE,2023,"  564,960.00 ","  530,250.00 ",21790,05,70,0570
M6001444,6001444,ชลบุรีธารทิพย์ หจก.,FOOD-MERCHANDISE,2023,"  10,429,520.45 ","  9,761,315.97 ",21790,05,70,0570
M6001448,6001448,เดลี่ฟู้ดส์  บจก.,FOOD-MERCHANDISE,2023,"  11,200,075.81 ","  10,467,360.58 ",21610,04,10,0410
M6001449,6001449,ชมพูนิก หจก.,FOOD-MERCHANDISE,2023,"  2,607,875.20 ","  2,437,266.30 ",21790,05,70,0570
M6001462,6001462,ตะวันพืชผล  บจก.,FOOD-MERCHANDISE,2023,"  21,327,806.28 ","  21,293,275.00 ",21730,05,30,0530
M6001463,6001463,นิวเจริญฟาร์มาซูติคอล หจก.,FOOD-MERCHANDISE,2023,"  494,109.69 ","  175,471.42 ",21830,06,10,0610
M6001463,6001463,นิวเจริญฟาร์มาซูติคอล หจก.,FOOD-MERCHANDISE,2023,"  412,283.04 ","  374,999.04 ",21850,06,30,0630
M6001486,6001486,ซีพีเอฟ เทรดดิ้ง บจก..,FOOD-MERCHANDISE,2023,"  228,148.40 ","  213,222.80 ",21790,05,70,0570
M6000290,6000290,5 พระเจดีย์โอสถ บจก.แผนกยา,FOOD-MERCHANDISE,2023,"  2,626,989.80 ","  2,201,428.64 ",21860,06,40,0640
M6000339,6000339,ไบโอฟาร์ม เคมิคัลส์ บจก. (แผนกยา),FOOD-MERCHANDISE,2023,"  3,792,274.89 ","  2,484,950.68 ",21830,06,10,0610
M6000411,6000411,สิงห์พายัพ  บจก.,FOOD-MERCHANDISE,2023,"  3,473,186.87 ","  3,245,968.96 ",21650,04,50,0450
M6000481,6000481,จัดซื้ออาหารสด-หาดใหญ่,FOOD-MERCHANDISE,2023,"  42,146.93 ","  40,546.60 ",33422,00,0,00000
M6000498,6000498,ฮูทามากิ(ประเทศไทย) บจก.,FOOD-MERCHANDISE,2023,"  1,308,580.04 ","  1,222,972.00 ",21730,05,30,0530
M6000745,6000745,โครงการส่วนพระองค์ สวนจิตรลดา,FOOD-MERCHANDISE,2023,"  6,557,022.45 ","  6,557,022.45 ",21760,05,60,0560
M6000758,6000758,นีโอ สุกี้ไทยเรสเทอรองส์ บจก.,FOOD-MERCHANDISE,2023,"  1,127,152.98 ","  1,053,414.00 ",21740,05,40,0540
M6000777,6000777,ไร่ธัญญะ บจก.,FOOD-MERCHANDISE,2023,"  1,945,977.43 ","  849,524.09 ",21631,04,31,0431
M6000802,6000802,อเมริกัน-ยูโรเปี้ยน โปรดักส์ บจก.,FOOD-MERCHANDISE,2023,"  14,404,141.51 ","  15,745,084.50 ",21750,05,50,0550
M6000805,6000805,บางกอก ดรัก บจก.,FOOD-MERCHANDISE,2023,"  2,587,364.45 ","  1,625,939.08 ",21830,06,10,0610
M6000890,6000890,ตะวันพืชผล บจก.,FOOD-MERCHANDISE,2023,"  364,735.75 ","  111,819.00 ",21760,05,60,0560
M6000919,6000919,บี แอนด์ เจ เอ็นเตอร์ไพรส์ บจก.,FOOD-MERCHANDISE,2023,"  3,934,796.60 ","  3,677,380.00 ",21720,05,20,0520
M6000969,6000969,เอ็น.พี.พี.วอลล์ หจก.,FOOD-MERCHANDISE,2023,"  2,476,873.15 ","  2,314,834.34 ",21790,05,70,0570
M6000990,6000990,พาณิชยการแห่งประเทศไทย บจก. (PLM),FOOD-MERCHANDISE,2023,"  2,829,399.07 ","  2,628,654.43 ",21610,04,10,0410
M6001509,6001509,โอเร็กซ์ เทรดดิ้ง บจก.,FOOD-MERCHANDISE,2023,"  (5,248.42)","  (4,905.07)",21840,06,20,0620
M6001518,6001518,คิวมารีน (ประเทศไทย) บจก.,FOOD-MERCHANDISE,2023,"  2,876,116.66 ","  2,687,959.53 ",21840,06,20,0620
M6001519,6001519,เฮลท์ธี เฮิร์บ บจก.,FOOD-MERCHANDISE,2023,"  554,289.31 ","  162,075.96 ",21840,06,20,0620
M6001520,6001520,เบทเตอร์เวย์ (ประเทศไทย) บจก.,FOOD-MERCHANDISE,2023,"  3,236,659.83 ","  2,939,095.74 ",21660,04,60,0460
M6001541,6001541,ส.ขอนแก่นฟู้ดส์ บมจ.,FOOD-MERCHANDISE,2023,"  205,069.63 ","  191,653.86 ",21740,05,40,0540
M6001553,6001553,พูลศรีสุโขทัย หจก.,FOOD-MERCHANDISE,2023,"  1,067,293.97 ","  997,470.96 ",21650,04,50,0450
M6001584,6001584,เนาวกิจซัพพลาย หจก.,FOOD-MERCHANDISE,2023,"  508,840.87 ","  477,982.57 ",21790,05,70,0570
M6001629,6001629,บูรพาการสุรา  หจก.,FOOD-MERCHANDISE,2023,"  9,060,324.92 ","  8,467,593.34 ",21650,04,50,0450
M6001637,6001637,ธนวัฒน์วอลล์ หจก.,FOOD-MERCHANDISE,2023,"  1,699,310.57 ","  1,591,294.16 ",21790,05,70,0570
M6001642,6001642,โกลบอล ฟู้ด โปรดักส์  บจก.,FOOD-MERCHANDISE,2023,"  25,400,909.94 ","  23,739,168.11 ",21760,05,60,0560
M6001655,6001655,เบอร์ลี่ ยุคเกอร์ บมจ. (Asso),ASSOCIATE - ICP,2023, NULL ,  -   ,21620,04,20,0420
M6001680,6001680,รอแยล-ดี (ไทยแลนด์) บจก.,FOOD-MERCHANDISE,2023,"  2,111,815.90 ","  1,920,605.74 ",21840,06,20,0620
M6001680,6001680,รอแยล-ดี (ไทยแลนด์) บจก.,FOOD-MERCHANDISE,2023,"  (70,472.09)","  53,049.21 ",21860,06,40,0640
M6001073,6001073,ดีซีเอช ออริกา (ประเทศไทย) บจก. (HBA),FOOD-MERCHANDISE,2023,"  1,064,351.93 ","  990,582.35 ",21630,04,30,0430
M6001095,6001095,ซอสพริกไทยรุ่งเรือง บจก.,FOOD-MERCHANDISE,2023,"  12,639,137.74 ","  11,695,350.01 ",21630,04,30,0430
M6001113,6001113,ยูโรเซียฟู้ดส์ เทรดดิ้ง แอนด์ เอเย็นซีส์ บจก.,FOOD-MERCHANDISE,2023,"  11,298,916.21 ","  10,559,734.80 ",21760,05,60,0560
M6001182,6001182,สกลวอลล์ หจก.,FOOD-MERCHANDISE,2023,"  1,585,125.55 ","  1,481,425.88 ",21790,05,70,0570
M6001289,6001289,เชียงการีลา ฟู้ดโปรดักส์   บจก.,FOOD-MERCHANDISE,2023,"  716,353.09 ","  669,489.00 ",21740,05,40,0540
M6001293,6001293,เจียไต๋โปรดิ๊วซ์ บจก.,FOOD-MERCHANDISE,2023,"  4,081,439.90 ","  4,073,472.16 ",21730,05,30,0530
M3000278,3000278,เพรซิเดนท์เบเกอรี่ บมจ. (FF),FOOD-MERCHANDISE,2023,"  4,054.99 ",  45.63 ,21730,05,30,0530
M3000595,3000595,แพรรี่ มาร์เก็ตติ้ง บจก.,FOOD-MERCHANDISE,2023,"  386,268.55 ","  344,465.64 ",21610,04,10,0410
M3000595,3000595,แพรรี่ มาร์เก็ตติ้ง บจก.,FOOD-MERCHANDISE,2023,"  6,597,981.59 ","  5,842,637.35 ",21630,04,30,0430
M3000595,3000595,แพรรี่ มาร์เก็ตติ้ง บจก.,FOOD-MERCHANDISE,2023,"  24,438,207.01 ","  22,817,726.92 ",21672,04,72,0472
M3000895,3000895,พี.เค.ภัทรกิจ หจก.,NONFOOD-MERCHANDISE,2023,"  2,841,720.43 ","  2,655,813.52 ",21350,02,50,0250
M3000993,3000993,ไพโอเนียอินดัสเตรียลครีเอทีฟ บจก.,NONFOOD-MERCHANDISE,2023,"  9,461,489.31 ","  8,842,513.37 ",21310,02,10,0210
M3001690,3001690,ไพรซ์ อินดัสเตรียล บจก.,NONFOOD-MERCHANDISE,2023,"  1,211,551.10 ","  1,132,290.80 ",21330,02,30,0230
M6000990,6000990,พาณิชยการแห่งประเทศไทย บจก. (PLM),FOOD-MERCHANDISE,2023,"  6,358,376.24 ","  5,964,101.59 ",21630,04,30,0430
M6001010,6001010,เนเจอร์ สไปซ์ บจก.,FOOD-MERCHANDISE,2023,"  76,962.96 ","  71,928.00 ",21710,05,10,0510
M6001051,6001051,เจริญศรี ทวีผล หจก.,FOOD-MERCHANDISE,2023,"  18,237,053.25 ","  17,043,975.00 ",21740,05,40,0540
M6001061,6001061,องค์การเภสัชกรรม,FOOD-MERCHANDISE,2023,"  6,967.65 ",  -   ,21630,04,30,0430
M6001070,6001070,ณัฐ จินดา ผลิตภัณฑ์อาหาร หจก.,FOOD-MERCHANDISE,2023,"  407,175.66 ","  386,943.02 ",21720,05,20,0520
M6001137,6001137,สามพรานฟู้ดส์ บจก.,FOOD-MERCHANDISE,2023,"  167,241.00 ","  156,300.00 ",21610,04,10,0410
M6001164,6001164,ยูนิลีเวอร์ ไทย เทรดดิ้ง บจก.,FOOD-MERCHANDISE,2023,"  98,899,434.30 ","  17,758,095.42 ",21610,04,10,0410
M6001168,6001168,ยูนิลีเวอร์ ไทย เทรดดิ้ง  บจก.,FOOD-MERCHANDISE,2023,"  1,602,664.10 ","  1,327,925.12 ",21631,04,31,0431
M6000510,6000510,วายแอลเอฟ (ประเทศไทย) บจก.,FOOD-MERCHANDISE,2023,"  34,104,685.41 ","  31,873,537.85 ",21620,04,20,0420
M6000551,6000551,พีแอนด์ที สยาม บจก.,FOOD-MERCHANDISE,2023,"  1,021,109.76 ","  949,305.24 ",21670,04,70,0470
M6000567,6000567,ยูนิลีเวอร์ ไทย เทรดดิ้ง บจก. (DF),FOOD-MERCHANDISE,2023,"  19,316,646.97 ","  742,470.31 ",21662,04,62,0462
M6000576,6000576,ดีเคเอสเอช (ประเทศไทย) บจก. (Snake Brand&Lipice),FOOD-MERCHANDISE,2023,"  50,830,079.06 ","  47,459,845.56 ",21660,04,60,0460
M6000577,6000577,ดีเคเอสเอช (ประเทศไทย) บจก. (M6000577),FOOD-MERCHANDISE,2023,"  155,002,849.57 ","  144,862,476.11 ",21610,04,10,0410
M6000581,6000581,ดีเคเอสเอช (ประเทศไทย) บจก. (Ovaltine Cofectionaryn),FOOD-MERCHANDISE,2023,"  300,790,226.26 ","  281,077,519.51 ",21610,04,10,0410
M6000582,6000582,ดีเคเอสเอช (ประเทศไทย) บจก. (Gatsby),FOOD-MERCHANDISE,2023,"  27,381,363.58 ","  25,468,775.15 ",21660,04,60,0460
M6000615,6000615,ดีเคเอสเอช (ประเทศไทย) บจก. (Sensodyne),FOOD-MERCHANDISE,2023, NULL ,  -   ,21640,04,40,0440
M6000642,6000642,ไทคุนเฮง บจก.,FOOD-MERCHANDISE,2023,"  5,196,956.90 ","  4,856,968.92 ",21650,04,50,0450
M3000027,3000027,พิริยพูล อินเตอร์เนชั่นแนล  บจก.,FOOD-MERCHANDISE,2023,"  78,417,491.51 ","  73,245,365.26 ",21610,04,10,0410
M3000027,3000027,พิริยพูล อินเตอร์เนชั่นแนล  บจก.,FOOD-MERCHANDISE,2023,"  2,152,998.20 ","  1,970,251.20 ",21640,04,40,0440
M3000677,3000677,เพนเทล (ประเทศไทย) บจก.,NONFOOD-MERCHANDISE,2023,"  5,608,215.11 ","  5,241,322.49 ",21350,02,50,0250
M3000808,3000808,แพลนโก บจก.,NONFOOD-MERCHANDISE,2023,"  2,885,501.12 ","  2,696,728.50 ",21350,02,50,0250
M3001164,3001164,พีนัทส์ บจก.,NONFOOD-MERCHANDISE,2023,"  8,050,670.37 ","  7,523,991.00 ",21210,03,10,0310
M3001698,3001698,เพชรบุรี อินเตอร์ฟู๊ด บจก.,FOOD-MERCHANDISE,2023,"  3,994,283.51 ","  3,732,975.29 ",21760,05,60,0560
M6001687,6001687,เอฟ.ซี.พี. บจก.,FOOD-MERCHANDISE,2023,"  315,864.00 ","  295,200.00 ",21830,06,10,0610
M6001687,6001687,เอฟ.ซี.พี. บจก.,FOOD-MERCHANDISE,2023,"  493,065.50 ","  468,620.76 ",21840,06,20,0620
M6001705,6001705,สหพัฒนายโสธร บจก.,FOOD-MERCHANDISE,2023,"  4,814,477.65 ","  4,499,511.78 ",21650,04,50,0450
M6001712,6001712,ส.เจริญเภสัชเทรดดิ้ง บจก.,FOOD-MERCHANDISE,2023,"  4,806,455.82 ","  648,238.43 ",21830,06,10,0610
M6001716,6001716,มี้ด จอห์นสัน นิวทริชัน (ประเทศไทย) บจก.,FOOD-MERCHANDISE,2023,"  112,940,833.91 ","  105,552,181.14 ",21640,04,40,0440
M6001771,6001771,อุตสาหกรรมอาหารไทย (1964)  บจก.,FOOD-MERCHANDISE,2023,"  5,077,476.40 ","  5,076,606.40 ",21630,04,30,0430
M6001815,6001815,ไทยเทปกาวอุตสาหกรรม บจก. (M6001815),FOOD-MERCHANDISE,2023,"  5,531,234.06 ","  4,976,807.03 ",21730,05,30,0530
M6001828,6001828,เซ็นทรัลโพลีเทรดดิ้ง บจก.,FOOD-MERCHANDISE,2023,"  300,701.03 ","  89,029.00 ",21830,06,10,0610
M6001840,6001840,นุศรา ผลิตภัณฑ์อาหารไทย บจก.,FOOD-MERCHANDISE,2023,"  902,973.00 ","  843,900.00 ",21760,05,60,0560
M6001842,6001842,ผลิตภัณฑ์สมุนไพรไทย บจก.,FOOD-MERCHANDISE,2023,"  384,663.30 ","  233,021.06 ",21840,06,20,0620
M6001842,6001842,ผลิตภัณฑ์สมุนไพรไทย บจก.,FOOD-MERCHANDISE,2023,"  243,716.79 ","  187,440.00 ",21860,06,40,0640
M6001855,6001855,วอลล์แปดริ้ว บจก.,FOOD-MERCHANDISE,2023,"  3,647,833.14 ","  3,424,336.49 ",21790,05,70,0570
M3300023,3300023,มุ่งพัฒนา อินเตอร์แนชชั่นแนล บมจ.,NONFOOD-MERCHANDISE,2023,"  10,925,295.63 ","  10,196,443.79 ",21672,04,72,0472
M3300479,3300479,มาบุญครองศิริชัย 25 มาร์เก็ตติ้ง บจก.,FOOD-MERCHANDISE,2023,"  5,313,770.67 ","  5,279,801.91 ",21640,04,40,0440
M3400270,3400270,ยูไนเต็ด เทเบิ้ลแวร์ บจก.,NONFOOD-MERCHANDISE,2023,"  2,567,787.05 ","  2,399,800.96 ",21310,02,10,0210
M3500330,3500330,รอซโซ่ บจก.,NONFOOD-MERCHANDISE,2023,"  59,866,781.81 ","  56,858,806.20 ",21220,03,20,0320
M3500330,3500330,รอซโซ่ บจก.,NONFOOD-MERCHANDISE,2023,"  3,082,001.67 ","  2,880,375.40 ",21250,03,50,0350
M3500330,3500330,รอซโซ่ บจก.,NONFOOD-MERCHANDISE,2023,"  13,375.00 ","  12,500.00 ",21340,02,40,0240
M3500344,3500344,โรงงานแม่รวย บจก.,FOOD-MERCHANDISE,2023,"  166,060,680.77 ","  155,196,897.90 ",21620,04,20,0420
M3500491,3500491,โรงงานฟุตบอลล์ไทย สปอร์ตติ้ง กู๊ดส์ บจก. (Credit),NONFOOD-MERCHANDISE,2023,"  9,463,464.28 ","  8,844,359.13 ",21220,03,20,0320
M6000667,6000667,เอ็ม.เอ.ดี.อี.แพค (ประเทศไทย) บจก.,FOOD-MERCHANDISE,2023,"  1,557,962.80 ","  1,456,040.00 ",21750,05,50,0550
M6000672,6000672,จี.ซี.ดีสทริบิวชั่น บจก.,FOOD-MERCHANDISE,2023,"  29,362,961.36 ","  27,442,019.88 ",21620,04,20,0420
M6000698,6000698,เดอะ คอฟฟี่ บีน โรสติ้ง บจก.,FOOD-MERCHANDISE,2023,"  10,264,635.17 ","  9,593,116.98 ",21610,04,10,0410
M6000701,6000701,สหพัฒนพิบูล บมจ..,FOOD-MERCHANDISE,2023,"  120,492.19 ",  -   ,21730,05,30,0530
M6000744,6000744,ฤทธามาร์เก็ตติ้ง บจก.,FOOD-MERCHANDISE,2023,"  1,676,760.07 ","  1,562,584.95 ",21630,04,30,0430
M6000745,6000745,โครงการส่วนพระองค์ สวนจิตรลดา,FOOD-MERCHANDISE,2023,"  199,838.40 ","  177,072.00 ",21630,04,30,0430
M6000750,6000750,เอม แอนด์ เอิร์น กรุ๊ป บจก.,FOOD-MERCHANDISE,2023,"  13,075,627.74 ","  12,220,210.50 ",21760,05,60,0560
M6000761,6000761,บีริช (ประเทศไทย) บจก.,FOOD-MERCHANDISE,2023,"  654,799.16 ","  61,992.00 ",21840,06,20,0620
M6000810,6000810,วีรยุทธ กนกรัตนนุกูล,FOOD-MERCHANDISE,2023,"  1,293,056.00 ","  1,293,056.00 ",21740,05,40,0540
M6000825,6000825,เฮอริเทจ มาร์เก็ตติ้ง บจก.,FOOD-MERCHANDISE,2023,"  72,554.97 ","  58,913.35 ",21630,04,30,0430
M6001887,6001887,ตราลิงถือลูกท้อ บจก.,FOOD-MERCHANDISE,2023,"  674,923.74 ","  630,769.84 ",21840,06,20,0620
M6001892,6001892,พีเอ็มแอล ฟาร์มาซูติคอลส์ บจก.,FOOD-MERCHANDISE,2023,"  995,139.16 ","  863,671.32 ",21830,06,10,0610
M6001946,6001946,เพนส์ มาร์เก็ตติ้ง แอนด์ ดิสทริบิวชั่น บจก.,FOOD-MERCHANDISE,2023,"  1,568,525.71 ","  1,465,911.83 ",21760,05,60,0560
M6001963,6001963,ว.เจริญทรัพย์ ศรีสะเกษ หจก.,FOOD-MERCHANDISE,2023,"  948,143.93 ","  886,115.94 ",21790,05,70,0570
M6002006,6002006,ไดโช (ประเทศไทย) บจก.,FOOD-MERCHANDISE,2023,"  419,853.03 ","  381,124.01 ",21620,04,20,0420
M3100257,3100257,เฟิรสท์ คอนเฟคชั่นเนอรี่ บจก. (SME),FOOD-MERCHANDISE,2023,"  7,765,205.75 ","  7,257,201.65 ",21620,04,20,0420
M3100345,3100345,ฟูด เบลสซิ่ง (1988) บจก.,FOOD-MERCHANDISE,2023,"  474,946.00 ","  311,878.00 ",21631,04,31,0431
M3300023,3300023,มุ่งพัฒนา อินเตอร์แนชชั่นแนล บมจ.,NONFOOD-MERCHANDISE,2023,"  25,593.55 ","  10,777.13 ",21660,04,60,0460
M3300221,3300221,แมส มาร์เกตติ้ง  บจก.,FOOD-MERCHANDISE,2023,"  1,478,868.31 ","  597,017.66 ",21671,04,71,0471
M3500028,3500028,โรงงานน้ำปลาไทย(ตราปลาหมึก) บจก.,FOOD-MERCHANDISE,2023,"  23,052,181.17 ","  21,544,094.58 ",21630,04,30,0430
M6000576,6000576,ดีเคเอสเอช (ประเทศไทย) บจก. (Snake Brand&Lipice),FOOD-MERCHANDISE,2023,"  1,334,930.44 ","  967,140.44 ",21672,04,72,0472
M6000596,6000596,เกร๊ทเตอร์มายบาซิน บจก.,FOOD-MERCHANDISE,2023,"  4,577,671.45 ","  4,278,197.64 ",21660,04,60,0460
M6000596,6000596,เกร๊ทเตอร์มายบาซิน บจก.,FOOD-MERCHANDISE,2023,"  10,335,678.26 ","  9,199,253.53 ",21840,06,20,0620
M6000615,6000615,ดีเคเอสเอช (ประเทศไทย) บจก. (Sensodyne),FOOD-MERCHANDISE,2023,"  140,072,523.16 ","  130,908,900.00 ",21660,04,60,0460
M6000639,6000639,สิงห์ชลบุรี บจก.,FOOD-MERCHANDISE,2023,"  18,737,435.20 ","  17,511,621.14 ",21650,04,50,0450
M6000697,6000697,สิงห์ระยอง(2001) บจก.,FOOD-MERCHANDISE,2023,"  6,406,769.86 ","  5,987,593.79 ",21650,04,50,0450
M6000841,6000841,วรรณดี กรุ๊ป เบเกอรี่ บจก..,FOOD-MERCHANDISE,2023,"  446,544.95 ","  417,331.55 ",21750,05,50,0550
M6001079,6001079,ตฤณภัท ลิ้มกุลชนะ,FOOD-MERCHANDISE,2023,"  891,534.00 ","  891,534.00 ",21730,05,30,0530
M6001095,6001095,ซอสพริกไทยรุ่งเรือง บจก.,FOOD-MERCHANDISE,2023,"  1,902,808.60 ","  1,053,095.35 ",21631,04,31,0431
M6002014,6002014,เอส.จี.ฟาร์อีสเทิร์น บจก.,FOOD-MERCHANDISE,2023,"  3,011,591.76 ","  2,807,418.84 ",21630,04,30,0430
M6002039,6002039,แวลู พลัส บจก.,FOOD-MERCHANDISE,2023,"  271,807.78 ","  220,191.00 ",21661,04,61,0461
M6002084,6002084,มิตรชุมพร เทรดดิ้ง บจก.,FOOD-MERCHANDISE,2023,"  273,781.52 ","  255,870.56 ",21650,04,50,0450
M6002124,6002124,ร่วมมิตรฟาร์ม หจก.,FOOD-MERCHANDISE,2023,"  2,176,297.97 ","  2,176,297.97 ",21760,05,60,0560
M6002161,6002161,เพียงใจ ต้นสกุลประเสริฐ,FOOD-MERCHANDISE,2023,"  3,527,040.00 ","  3,527,040.00 ",21720,05,20,0520
M6002346,6002346,พี.โอ.แคร์ (ประเทศไทย) บจก.,FOOD-MERCHANDISE,2023,"  183,463.32 ","  171,461.04 ",21661,04,61,0461
M6002351,6002351,ลีโอ เมดดิคอล บจก.,FOOD-MERCHANDISE,2023,"  52,480.85 ","  25,991.40 ",21850,06,30,0630
M6002370,6002370,ที.โอ.เคมีคอลส์ (1979) บจก. (M6002370),FOOD-MERCHANDISE,2023,"  301,984.87 ","  123,391.70 ",21840,06,20,0620
M2600510,2600510,เบียร์สิงห์ บจก.,FOOD-MERCHANDISE,2023,"  1,788,490,924.23 ","  1,671,486,844.34 ",21650,04,50,0450
M2600938,2600938,นีโอ คอร์ปอเรท บจก. (DF),FOOD-MERCHANDISE,2023,"  214,689,306.23 ","  198,235,689.29 ",21660,04,60,0460
M2600938,2600938,นีโอ คอร์ปอเรท บจก. (DF),FOOD-MERCHANDISE,2023,"  257,799,380.72 ","  234,350,079.76 ",21670,04,70,0470
M2601133,2601133,ใบชาสามม้า บจก.,FOOD-MERCHANDISE,2023,"  5,989,609.19 ","  5,597,765.50 ",21610,04,10,0410
M2700370,2700370,ประเสริฐพานิช ร้าน,NONFOOD-MERCHANDISE,2023,"  2,121,071.60 ","  2,132,413.77 ",21250,03,50,0350
M2700766,2700766,เป๊ปซี่-โคล่า (ไทย) เทรดดิ้ง บจก.,FOOD-MERCHANDISE,2023,"  96,302,291.86 ","  89,130,754.80 ",21621,04,21,0421
M3000027,3000027,พิริยพูล อินเตอร์เนชั่นแนล  บจก.,FOOD-MERCHANDISE,2023,"  29,173,380.72 ","  27,186,105.78 ",21620,04,20,0420
M3000225,3000225,พิบูลย์ชัยน้ำพริกเผาไทยแม่ประนอม  บจก.,FOOD-MERCHANDISE,2023,"  3,603,061.79 ","  1,354,314.19 ",21631,04,31,0431
M3000278,3000278,เพรซิเดนท์เบเกอรี่ บมจ. (FF),FOOD-MERCHANDISE,2023,"  170,208,713.27 ","  159,078,311.87 ",21750,05,50,0550
M3000437,3000437,พี.เกรท มาร์เก็ตติ้ง บจก.,NONFOOD-MERCHANDISE,2023,"  6,649,907.69 ","  6,214,867.00 ",21340,02,40,0240
M6001309,6001309,เชียงใหม่ธนาธรฟาร์ม บจก.,FOOD-MERCHANDISE,2023,"  7,113,459.91 ","  7,113,459.91 ",21730,05,30,0530
M6001360,6001360,ไพรซ์อินเตอร์แพค (1999) บจก. (M6001360),FOOD-MERCHANDISE,2023,"  3,463,413.45 ","  3,463,413.45 ",21710,05,10,0510
M6001367,6001367,บ้านลุงทอม บจก.,FOOD-MERCHANDISE,2023,"  10,554,044.91 ","  9,863,593.38 ",21650,04,50,0450
M6001404,6001404,โกลบอล ฟู้ด โปรดักส์ บจก.,FOOD-MERCHANDISE,2023,"  11,174,882.67 ","  10,363,205.19 ",21620,04,20,0420
M6001404,6001404,โกลบอล ฟู้ด โปรดักส์ บจก.,FOOD-MERCHANDISE,2023,"  40,172,291.15 ","  37,531,998.17 ",21630,04,30,0430
M6001305,6001305,ไดอะ เมอร์แชนไดส์ บจก.,FOOD-MERCHANDISE,2023,"  83,460.00 ","  78,000.00 ",21740,05,40,0540
M6001308,6001308,เอเซีย เนเจอรัล โกรว์ ซัพพลีเม้นท์ บจก.,FOOD-MERCHANDISE,2023,"  8,354,556.56 ","  7,807,996.80 ",21640,04,40,0440
M6001320,6001320,พรีเมียร์ มาร์เก็ตติ้ง บมจ.,FOOD-MERCHANDISE,2023,"  8,392,837.45 ","  7,843,773.28 ",21760,05,60,0560
M6001360,6001360,ไพรซ์อินเตอร์แพค (1999) บจก. (M6001360),FOOD-MERCHANDISE,2023,"  2,699,048.25 ","  2,676,241.20 ",21730,05,30,0530
M6001360,6001360,ไพรซ์อินเตอร์แพค (1999) บจก. (M6001360),FOOD-MERCHANDISE,2023,"  8,378.10 ","  7,830.00 ",21750,05,50,0550
M6001355,6001355,เอฟแอนด์เอ็น แดรี่ส์ (ประเทศไทย)  บจก. (Asso),ASSOCIATE - RPT,2023, NULL ,  -   ,21610,04,10,0410
M6001360,6001360,ไพรซ์อินเตอร์แพค (1999) บจก. (M6001360),FOOD-MERCHANDISE,2023,"  985,357.65 ","  940,470.00 ",21740,05,40,0540
M6001360,6001360,ไพรซ์อินเตอร์แพค (1999) บจก. (M6001360),FOOD-MERCHANDISE,2023,  465.45 ,  435.00 ,21760,05,60,0560
M6001391,6001391,รอยัล เกทเวย์ บจก.,FOOD-MERCHANDISE,2023,"  76,653,698.10 ","  71,638,970.17 ",21650,04,50,0450
M6001404,6001404,โกลบอล ฟู้ด โปรดักส์ บจก.,FOOD-MERCHANDISE,2023,"  3,703,752.08 ","  3,421,206.21 ",21610,04,10,0410
M6001416,6001416,สมุยเบียร์  บจก.,FOOD-MERCHANDISE,2023,"  2,269,446.40 ","  2,120,977.83 ",21650,04,50,0450
M6001451,6001451,3เอ็ม ฟูด โปรดัก บจก.,FOOD-MERCHANDISE,2023,"  1,914,839.89 ","  1,789,569.96 ",21620,04,20,0420
M6002390,6002390,สุนทรธัญทรัพย์ บจก.,FOOD-MERCHANDISE,2023,"  7,734,183.04 ","  7,734,183.04 ",21630,04,30,0430
M6002445,6002445,วี แคน เทคโนโลยี บจก.,FOOD-MERCHANDISE,2023,"  191,291.82 ","  178,777.44 ",21660,04,60,0460
M6002445,6002445,วี แคน เทคโนโลยี บจก.,FOOD-MERCHANDISE,2023,"  144,452.88 ","  71,150.16 ",21680,04,80,0480
M6002468,6002468,ซีโน-แปซิฟิค เทรดดิ้ง (ไทยแลนด์)  บจก. (M6002468),FOOD-MERCHANDISE,2023,"  156,939,325.74 ","  146,672,267.06 ",21620,04,20,0420
M6002494,6002494,ดีเคเอสเอช (ประเทศไทย) บจก. (Gogi),FOOD-MERCHANDISE,2023,"  13,072,315.32 ","  12,217,117.06 ",21610,04,10,0410
M6002507,6002507,แอล เอส กรุ๊ป ดิสทริบิวเตอร์ บจก. (ชุมพร),FOOD-MERCHANDISE,2023,"  865,226.62 ","  810,741.01 ",21790,05,70,0570
M6002510,6002510,ดีเคเอสเอช (ประเทศไทย) บจก. (Chang VAPE),FOOD-MERCHANDISE,2023,"  8,637,347.18 ","  8,072,286.99 ",21670,04,70,0470
M6002522,6002522,คาร์มาร์ท บมจ.,FOOD-MERCHANDISE,2023,  (456.30),  (426.45),21840,06,20,0620
M6002547,6002547,พรีเมียร์ มาร์เก็ตติ้ง บมจ. (Begen),FOOD-MERCHANDISE,2023,"  497,254.21 ","  182,518.55 ",21631,04,31,0431
M6002551,6002551,พรอส ฟาร์มา บจก.,FOOD-MERCHANDISE,2023,"  894,739.33 ","  439,465.19 ",21830,06,10,0610
M6001450,6001450,กวงเตี่ยงดิสเปนซารี่ หสน.,FOOD-MERCHANDISE,2023,"  5,920,471.45 ","  1,182,592.06 ",21830,06,10,0610
M6001450,6001450,กวงเตี่ยงดิสเปนซารี่ หสน.,FOOD-MERCHANDISE,2023,"  4,989,798.18 ","  714,567.93 ",21860,06,40,0640
M6001462,6001462,ตะวันพืชผล  บจก.,FOOD-MERCHANDISE,2023,"  324,721.80 ","  301,462.00 ",21760,05,60,0560
M6001476,6001476,โรงน้ำแข็งวังสิงห์คำ อุตสาหกรรม บจก.,FOOD-MERCHANDISE,2023,"  282,212.50 ","  265,050.00 ",21790,05,70,0570
M6001482,6001482,จันทบุรี ฟรุ๊ต โปรดักส์ บจก.,FOOD-MERCHANDISE,2023,"  13,364,521.91 ","  12,490,207.40 ",21760,05,60,0560
M6001502,6001502,ธันยพรสมุนไพร บจก.,FOOD-MERCHANDISE,2023,"  1,641,825.11 ","  1,522,568.76 ",21660,04,60,0460
M6001502,6001502,ธันยพรสมุนไพร บจก.,FOOD-MERCHANDISE,2023,"  23,625.60 ","  22,080.00 ",21860,06,40,0640
M6001512,6001512,แมนดอมคอร์ปอเรชั่น (ประเทศไทย) บจก.,FOOD-MERCHANDISE,2023,"  8,915,147.41 ","  8,331,913.68 ",21661,04,61,0461
M6001608,6001608,สมาน เล่งฮื้อ,FOOD-MERCHANDISE,2023,"  1,402,650.00 ","  1,402,650.00 ",21740,05,40,0540
M6001501,6001501,ฟาร์มาฮอฟ บจก.,FOOD-MERCHANDISE,2023,"  5,085,700.45 ","  190,825.46 ",21850,06,30,0630
M6001502,6001502,ธันยพรสมุนไพร บจก.,FOOD-MERCHANDISE,2023,"  111,451.20 ","  104,160.00 ",21610,04,10,0410
M6001519,6001519,เฮลท์ธี เฮิร์บ บจก.,FOOD-MERCHANDISE,2023,"  1,779,192.53 ","  1,530,900.21 ",21850,06,30,0630
M6001520,6001520,เบทเตอร์เวย์ (ประเทศไทย) บจก.,FOOD-MERCHANDISE,2023,"  2,720,116.74 ","  2,419,739.64 ",21661,04,61,0461
M6001524,6001524,ไฮคิว ผลิตภัณฑ์อาหาร บจก. (New),FOOD-MERCHANDISE,2023,"  1,751,297.01 ","  1,636,726.32 ",21740,05,40,0540
M6001554,6001554,เมรัยชัยภูมิ หจก..,FOOD-MERCHANDISE,2023,"  1,878,570.52 ","  1,755,673.38 ",21650,04,50,0450
M6001579,6001579,ไบโอ-วูเมนส์ บจก. (Credit),FOOD-MERCHANDISE,2023,"  11,888,036.79 ","  11,110,314.69 ",21660,04,60,0460
M6001579,6001579,ไบโอ-วูเมนส์ บจก. (Credit),FOOD-MERCHANDISE,2023,"  2,015.88 ","  1,884.00 ",21670,04,70,0470
M6001582,6001582,มงคล กิตติรุจิระพันธ์,FOOD-MERCHANDISE,2023,"  43,560.00 ","  44,910.00 ",21790,05,70,0570
M6001642,6001642,โกลบอล ฟู้ด โปรดักส์  บจก.,FOOD-MERCHANDISE,2023,"  3,822,117.51 ","  3,572,072.37 ",21790,05,70,0570
M6001670,6001670,ไทยริชฟูดส์ กรุ๊ป บจก.,FOOD-MERCHANDISE,2023,"  655,552.62 ","  622,361.93 ",21790,05,70,0570
M3600394,3600394,ลัคกี้ แวร์ บจก.,NONFOOD-MERCHANDISE,2023,"  16,689,927.58 ","  15,579,030.96 ",21310,02,10,0210
M3701168,3701168,โวคลิฟวิ่ง  บจก.,FOOD-MERCHANDISE,2023,"  15,469,598.86 ","  14,434,780.96 ",21620,04,20,0420
M3701168,3701168,โวคลิฟวิ่ง  บจก.,FOOD-MERCHANDISE,2023,"  7,908,705.12 ","  7,377,744.62 ",21630,04,30,0430
M3800285,3800285,ศรีนานาพร มาร์เก็ตติ้ง บมจ.,FOOD-MERCHANDISE,2023,"  320,816,512.38 ","  299,819,631.50 ",21620,04,20,0420
M4000047,4000047,สหพัฒนพิบูล บมจ.,FOOD-MERCHANDISE,2023,"  2,697,409.18 ","  2,483,339.39 ",21610,04,10,0410
M4000047,4000047,สหพัฒนพิบูล บมจ.,FOOD-MERCHANDISE,2023,"  80,332,200.34 ","  75,285,462.20 ",21640,04,40,0440
M4001182,4001182,สตรองโปรมาร์ท บจก.,FOOD-MERCHANDISE,2023,"  40,383.84 ","  29,760.00 ",21660,04,60,0460
M3500260,3500260,โรงงานน้ำปลาฉั่วฮะเส็ง (ตราหอยหลอด) บจก.,FOOD-MERCHANDISE,2023,"  12,293,589.82 ","  11,448,961.34 ",21630,04,30,0430
M3500319,3500319,โรงงานผลิตภัณฑ์อาหารไทย บจก.,FOOD-MERCHANDISE,2023,"  36,486,581.15 ","  3,543,875.09 ",21631,04,31,0431
M3500453,3500453,ริมทะเล-กรุงเทพ บจก.,FOOD-MERCHANDISE,2023,"  2,340,858.22 ","  2,187,716.90 ",21630,04,30,0430
M3500785,3500785,โรงน้ำแข็งบางละมุง หจก.,FOOD-MERCHANDISE,2023,"  63,638.25 ","  59,475.00 ",21790,05,70,0570
M3600479,3600479,ลูกเจริญกิจเทรดดิ้ง (หจก.),NONFOOD-MERCHANDISE,2023,"  5,179,632.95 ","  4,840,778.40 ",21350,02,50,0250
M3701365,3701365,วัฒนาพานิช,NONFOOD-MERCHANDISE,2023,"  221,759.64 ","  207,252.00 ",21310,02,10,0210
M3800285,3800285,ศรีนานาพร มาร์เก็ตติ้ง บมจ.,FOOD-MERCHANDISE,2023,"  314,019.13 ","  293,475.84 ",21630,04,30,0430
M6001785,6001785,เซ็ปเป้ บมจ.,FOOD-MERCHANDISE,2023,"  1,517,053.12 ","  697,284.62 ",21840,06,20,0620
M6001379,6001379,โกลเด้น โกล มาร์เก็ตติ้ง หจก.,FOOD-MERCHANDISE,2023,"  12,133,380.53 ","  11,339,607.50 ",21760,05,60,0560
M6001460,6001460,เอสพีเอส เมดิคอล บจก.,FOOD-MERCHANDISE,2023,"  703,477.50 ","  247,390.20 ",21840,06,20,0620
M6001860,6001860,พูราโต๊ส (ประเทศไทย) บจก.,FOOD-MERCHANDISE,2023,"  10,276,443.92 ","  9,604,153.20 ",21750,05,50,0550
M6001873,6001873,อาร์.เอส.โดเมสติกเทรดดิ้ง บจก.,FOOD-MERCHANDISE,2023,"  3,952,099.77 ","  3,693,551.16 ",21610,04,10,0410
M6001878,6001878,เค บี เจ ฟู้ดส์ เทรดดิ้ง หจก.,FOOD-MERCHANDISE,2023,"  43,206.60 ","  40,380.00 ",21750,05,50,0550
M6001899,6001899,ไพจิตรพัฒนาเศรษฐกิจ บจก.,FOOD-MERCHANDISE,2023,"  985,866.89 ","  921,370.88 ",21650,04,50,0450
M6001915,6001915,เอฟ แอล ดี บจก.,FOOD-MERCHANDISE,2023,"  1,697,829.26 ","  1,586,756.34 ",21630,04,30,0430
M6001922,6001922,ที.ซี.ฟาร์มา-เคม บจก.,FOOD-MERCHANDISE,2023,"  193,814.25 ","  (5,437.69)",21850,06,30,0630
M6001951,6001951,มิดเฮเว่น ฟู้ด บจก.,FOOD-MERCHANDISE,2023,"  330,912.41 ","  322,990.85 ",21630,04,30,0430
M6001952,6001952,เพนส์ มาร์เก็ตติ้ง แอนด์ ดิสทริบิวชั่น บจก. (M6001952),FOOD-MERCHANDISE,2023,"  105,165,247.77 ","  98,285,278.36 ",21630,04,30,0430
M6001569,6001569,ดีทแฮล์ม เคลเลอร์ โลจิสติกส์ บจก.(รวม),FOOD-MERCHANDISE,2023,"  1,718,834.63 ","  504,108.89 ",21840,06,20,0620
M6001590,6001590,โอเทนโต (ประเทศไทย) บจก.,FOOD-MERCHANDISE,2023,"  3,199,816.93 ","  3,199,816.93 ",21730,05,30,0530
M6001675,6001675,ยูเนียนเมดดิคอล (ประเทศไทย) บจก.,FOOD-MERCHANDISE,2023,"  39,123.99 ","  40,854.45 ",21840,06,20,0620
M3001474,3001474,เพียวฟู้ดส์ บจก. (FF),FOOD-MERCHANDISE,2023,"  2,315,520.87 ","  2,164,038.20 ",21710,05,10,0510
M3001474,3001474,เพียวฟู้ดส์ บจก. (FF),FOOD-MERCHANDISE,2023,"  8,789,787.11 ","  (23,753.35)",21730,05,30,0530
M3100204,3100204,แฟชั่นฟู้ด บจก.,FOOD-MERCHANDISE,2023,"  3,274.20 ","  3,060.00 ",21631,04,31,0431
M3100240,3100240,ฟีนิกซ์ฟูดส์ หจก.,FOOD-MERCHANDISE,2023,"  12,894,776.92 ","  12,051,193.40 ",21630,04,30,0430
M3300017,3300017,เอ็ม ซี ไอ อินเตอร์เนชั่นแนล บจก.,NONFOOD-MERCHANDISE,2023,"  4,859,089.13 ","  4,541,204.78 ",21250,03,50,0350
M3300023,3300023,มุ่งพัฒนา อินเตอร์แนชชั่นแนล บมจ.,NONFOOD-MERCHANDISE,2023,"  1,389,942.88 ","  1,299,012.01 ",21310,02,10,0210
M3300221,3300221,แมส มาร์เกตติ้ง  บจก.,FOOD-MERCHANDISE,2023,"  5,106,424.56 ","  4,674,578.09 ",21620,04,20,0420
M3300949,3300949,ไมเร็กซ์ (ประเทศไทย) บจก.,NONFOOD-MERCHANDISE,2023,"  6,876,805.12 ","  6,426,920.68 ",21310,02,10,0210
M3400460,3400460,ยูนิ-ท้อป อินเตอร์เนชั่นแนล บจก.,NONFOOD-MERCHANDISE,2023,"  13,707,544.12 ","  12,810,788.93 ",21310,02,10,0210
M6001691,6001691,มาซา แลบ บจก.,FOOD-MERCHANDISE,2023,"  183,971.99 ","  28,008.61 ",21830,06,10,0610
M6001777,6001777,ยูนิเฟิร์ม บจก.,FOOD-MERCHANDISE,2023,"  3,908,938.20 ","  3,653,213.42 ",21620,04,20,0420
M6001787,6001787,เพอร์เฟค คอมพาเนียน กรุ๊ป บจก.,FOOD-MERCHANDISE,2023,"  230,819,105.06 ","  229,988,745.63 ",21680,04,80,0480
M6001808,6001808,โกลบอล ออร์แกนิคส์ ดีเวลลอปเปอร์ บจก.,FOOD-MERCHANDISE,2023,"  25,567,352.64 ","  25,567,352.64 ",21730,05,30,0530
M6001820,6001820,สยาม เอส ซี ที หจก. (M6001820),FOOD-MERCHANDISE,2023,"  101,275,888.54 ","  101,275,888.54 ",21730,05,30,0530
M6001853,6001853,ขายยาเพ็ญภาค บจก. (Pure Her),FOOD-MERCHANDISE,2023,"  681,938.58 ","  637,325.78 ",21860,06,40,0640
M6001877,6001877,อารี ฟู้ดส์ (ประเทศไทย) บจก.,FOOD-MERCHANDISE,2023,"  26,718,283.90 ","  24,970,358.83 ",21740,05,40,0540
M6000744,6000744,ฤทธามาร์เก็ตติ้ง บจก.,FOOD-MERCHANDISE,2023,"  4,778,391.04 ","  4,461,876.01 ",21620,04,20,0420
M6000753,6000753,เอสเอส.โปรดั๊กส์แอนด์เซอร์วิส บจก.,FOOD-MERCHANDISE,2023,"  788,375.00 ","  788,375.00 ",21740,05,40,0540
M6000805,6000805,บางกอก ดรัก บจก.,FOOD-MERCHANDISE,2023,"  995,016.57 ","  354,517.24 ",21860,06,40,0640
M6000882,6000882,ฮากีกิ(ประเทศไทย) หจก.,FOOD-MERCHANDISE,2023,"  6,348,489.76 ","  5,933,168.00 ",21750,05,50,0550
M6000948,6000948,ปัตตานีวัฒนานิกร หจก.,FOOD-MERCHANDISE,2023,"  153,520.98 ","  143,477.55 ",21650,04,50,0450
M6000990,6000990,พาณิชยการแห่งประเทศไทย บจก. (PLM),FOOD-MERCHANDISE,2023,"  5,802,591.25 ","  5,423,078.94 ",21760,05,60,0560
M4000071,4000071,สิทธินันท์ บจก.,FOOD-MERCHANDISE,2023,"  18,929,864.90 ","  17,647,448.14 ",21630,04,30,0430
M4000654,4000654,สหชัยโปรโมชั่น บจก.,NONFOOD-MERCHANDISE,2023,"  4,501,882.09 ","  4,207,366.43 ",21310,02,10,0210
M4003611,4003611,สามดาว โปรดักส์ บจก.,NONFOOD-MERCHANDISE,2023,"  6,668,233.35 ","  6,231,993.74 ",21110,03,80,0380
M4300496,4300496,แอลคอท แอนด์โก  บจก.,NONFOOD-MERCHANDISE,2023,"  74,965,056.00 ","  70,060,800.00 ",21350,02,50,0250
M4300639,4300639,อ้วน ผอม ชูส์ บจก.,NONFOOD-MERCHANDISE,2023,"  418,224.48 ","  390,864.00 ",21110,03,80,0380
M4300809,4300809,อาหารยอดคุณ บจก.,FOOD-MERCHANDISE,2023,"  114,900,731.38 ","  107,383,861.09 ",21620,04,20,0420
M6001742,6001742,บางกอกตลาดข้าวไทย บจก. (SME),FOOD-MERCHANDISE,2023,"  203,844.05 ","  203,844.05 ",21630,04,30,0430
M6001742,6001742,บางกอกตลาดข้าวไทย บจก. (SME),FOOD-MERCHANDISE,2023,"  5,316,394.13 ","  5,316,394.13 ",21730,05,30,0530
M6001812,6001812,คิดบวก ดิสทริบิวเตอร์ บจก.,FOOD-MERCHANDISE,2023,"  1,484,371.38 ","  1,448,477.32 ",21790,05,70,0570
M6001833,6001833,สิงห์ ไบรท์ 2550 บจก. (M6001833),FOOD-MERCHANDISE,2023,"  5,576,636.01 ","  5,211,809.30 ",21650,04,50,0450
M6001881,6001881,สุขสมบูรณ์น้ำมันพืช บจก.,FOOD-MERCHANDISE,2023,"  2,107,489.52 ","  1,847,432.31 ",21631,04,31,0431
M6001893,6001893,ทีดี มีท โปรดักส์ บจก.,FOOD-MERCHANDISE,2023,"  23,315,609.23 ","  21,790,289.00 ",21760,05,60,0560
M6001911,6001911,มูลนิธิแม่ฟ้าหลวงในพระบรมราชูปถัมภ์,FOOD-MERCHANDISE,2023,"  2,220,020.00 ","  2,220,020.00 ",21696,04,96,0496
M6001914,6001914,กิตติธรา ดิสทริบิวเตอร์ บจก.,FOOD-MERCHANDISE,2023,"  823,079.07 ","  769,393.58 ",21790,05,70,0570
M6002575,6002575,แมสมาร์เกตติ้ง บจก. (M6002575),FOOD-MERCHANDISE,2023,"  141,601,669.43 ","  123,418,410.52 ",21660,04,60,0460
M6002594,6002594,ไทย เฮ ฮา บจก.,FOOD-MERCHANDISE,2023,"  85,787,665.23 ","  85,795,770.23 ",21720,05,20,0520
M6002602,6002602,ล็อกซเล่ย์ เทรดดิ้ง บจก. (M6002602),FOOD-MERCHANDISE,2023,"  295,529.21 ","  179,397.19 ",21631,04,31,0431
M6001892,6001892,พีเอ็มแอล ฟาร์มาซูติคอลส์ บจก.,FOOD-MERCHANDISE,2023,"  565,995.52 ","  312,615.48 ",21840,06,20,0620
M6001921,6001921,สยามโบดิส บจก. (M6001921),FOOD-MERCHANDISE,2023,"  1,694,555.20 ","  1,583,696.43 ",21660,04,60,0460
M6001922,6001922,ที.ซี.ฟาร์มา-เคม บจก.,FOOD-MERCHANDISE,2023,"  729,130.31 ","  568,514.68 ",21840,06,20,0620
M6002006,6002006,ไดโช (ประเทศไทย) บจก.,FOOD-MERCHANDISE,2023,"  189,672.48 ","  162,870.00 ",21610,04,10,0410
M6002006,6002006,ไดโช (ประเทศไทย) บจก.,FOOD-MERCHANDISE,2023,"  863,335.92 ","  806,856.00 ",21760,05,60,0560
M6002063,6002063,คอฟฟี่ บีนเนอรี่ บจก.,FOOD-MERCHANDISE,2023,"  4,129,439.20 ","  3,859,288.95 ",21610,04,10,0410
M6002099,6002099,แป้งสหการ บจก. (M6002099),FOOD-MERCHANDISE,2023,"  28,990,852.61 ","  27,114,483.82 ",21750,05,50,0550
M6002229,6002229,ศิริพร โกมลไสย,FOOD-MERCHANDISE,2023,"  44,171,901.65 ","  44,171,901.65 ",21730,05,30,0530
M6002289,6002289,ริช โปรดักส์ แมนูแฟคเจอริ่ง (ประเทศไทย) บจก. (M6002289),FOOD-MERCHANDISE,2023,"  17,558,572.66 ","  16,409,880.96 ",21750,05,50,0550
M6002301,6002301,เฟรซมีทโพรเซสซิ่ง บจก. (Remit M6002363),FOOD-MERCHANDISE,2023,"  71,280,186.33 ","  71,280,186.33 ",21710,05,10,0510
M6002333,6002333,สยามอินเตอร์ซี บจก.,FOOD-MERCHANDISE,2023,"  4,138,752.00 ","  4,138,752.00 ",21790,05,70,0570
M4002968,4002968,เสถียรสเตนเลสสตีล  บมจ.,NONFOOD-MERCHANDISE,2023,"  21,761,820.40 ","  20,338,149.97 ",21310,02,10,0210
M4003245,4003245,สเต็ดเล่อร์ (ประเทศไทย) บจก.,NONFOOD-MERCHANDISE,2023,"  7,156,525.73 ","  6,688,341.80 ",21350,02,50,0250
M4003263,4003263,สมูท อี บจก.,FOOD-MERCHANDISE,2023,"  2,768,935.99 ","  2,376,383.07 ",21620,04,20,0420
M4300028,4300028,ไอ.ซี.ซี.อินเตอร์เนชั่นแนล  บมจ. (Baby Boys&Girls),FOOD-MERCHANDISE,2023,"  7,769,281.29 ","  7,040,928.59 ",21661,04,61,0461
M4300748,4300748,ไอ.พี. วัน บจก.,FOOD-MERCHANDISE,2023,"  14,138,116.23 ","  9,205,509.96 ",21660,04,60,0460
M6001003,6001003,ดีเอสจี อินเตอร์เนชั่นแนล(ประเทศไทย) บมจ.,FOOD-MERCHANDISE,2023,"  228,567,004.68 ","  213,614,023.16 ",21672,04,72,0472
M6001137,6001137,สามพรานฟู้ดส์ บจก.,FOOD-MERCHANDISE,2023,"  4,168,652.80 ","  3,895,937.40 ",21630,04,30,0430
M6001164,6001164,ยูนิลีเวอร์ ไทย เทรดดิ้ง บจก.,FOOD-MERCHANDISE,2023,"  222,631,899.79 ","  197,734,282.84 ",21630,04,30,0430
M6001168,6001168,ยูนิลีเวอร์ ไทย เทรดดิ้ง  บจก.,FOOD-MERCHANDISE,2023,"  10,657,916.70 ","  9,960,669.80 ",21750,05,50,0550
M6001236,6001236,จอห์นสัน แอนด์ จอห์นสัน คอนซูเมอร์ (ประเทศไทย) บจก..,FOOD-MERCHANDISE,2023,"  58,650,094.93 ","  43,117,504.05 ",21661,04,61,0461
M6001237,6001237,สกินโค (ประเทศไทย) บจก.,FOOD-MERCHANDISE,2023,"  1,413,312.67 ","  1,278,423.18 ",21660,04,60,0460
M6001242,6001242,มิตรราชบุรี เทรดดิ้ง บจก.,FOOD-MERCHANDISE,2023,"  8,233,678.74 ","  7,695,026.80 ",21650,04,50,0450
M6001255,6001255,มลิวรรณ์ ทองเต็ม,FOOD-MERCHANDISE,2023,"  4,531,086.00 ","  4,531,086.00 ",21720,05,20,0520
M6002384,6002384,โคจิสติกส์ บจก. (M6002384),FOOD-MERCHANDISE,2023,"  1,339,640.00 ","  1,252,000.00 ",21730,05,30,0530
M6002418,6002418,ดีเคเอสเอช (ประเทศไทย) บจก. (M6002418),FOOD-MERCHANDISE,2023,"  7,386,036.68 ","  6,902,838.02 ",21620,04,20,0420
M6002446,6002446,วี.เอ็ม.ฟู้ด บจก. (M6002446),FOOD-MERCHANDISE,2023,"  44,310,427.69 ","  44,310,427.69 ",21730,05,30,0530
M6002460,6002460,หมอมี บจก.,FOOD-MERCHANDISE,2023,"  468,248.85 ","  437,615.75 ",21860,06,40,0640
M6002482,6002482,ดี.เอช.เอ(ลาบอราทอรี่) บจก.,FOOD-MERCHANDISE,2023,"  657,567.76 ","  614,549.33 ",21840,06,20,0620
M6002484,6002484,พนาพัฒน์ เฮลท์แคร์ บจก.,FOOD-MERCHANDISE,2023,  0.01 ,  -   ,21860,06,40,0640
M6002492,6002492,ดีเคเอสเอช (ประเทศไทย) บจก. (Pantai),FOOD-MERCHANDISE,2023,"  89,747,054.31 ","  83,875,751.58 ",21630,04,30,0430
M6002496,6002496,ดีเคเอสเอช (ประเทศไทย) บจก. (Naturegift),FOOD-MERCHANDISE,2023,"  20,043,445.45 ","  18,732,191.98 ",21610,04,10,0410
M6001970,6001970,เค แอนด์ บี คอสเมติก บจก.,FOOD-MERCHANDISE,2023,"  6,138,966.47 ","  5,737,351.80 ",21661,04,61,0461
M6002639,6002639,ที.ซี.แนลเชอรัล บจก. (M6002639),FOOD-MERCHANDISE,2023,"  6,267,585.56 ","  5,857,556.59 ",21610,04,10,0410
M6002685,6002685,อัลเฟรโด เอ็นเตอร์ไพรส์ บจก. (M6002685),FOOD-MERCHANDISE,2023,"  25,092,656.80 ","  23,119,720.32 ",21740,05,40,0540
M6002693,6002693,โอสถ อินเตอร์ แลบบอราทอรีส์ บจก.,FOOD-MERCHANDISE,2023,"  610,459.94 ","  283,471.50 ",21830,06,10,0610
M6002693,6002693,โอสถ อินเตอร์ แลบบอราทอรีส์ บจก.,FOOD-MERCHANDISE,2023,"  654,649.93 ","  374,407.70 ",21850,06,30,0630
M6002698,6002698,ศรีจันทร์สหโอสถ บจก.,FOOD-MERCHANDISE,2023,"  5,580,972.56 ","  4,792,193.04 ",21660,04,60,0460
M6002709,6002709,ดีเคเอสเอช (ประเทศไทย) บจก. (Hada),FOOD-MERCHANDISE,2023,"  817,383.01 ","  571,862.52 ",21660,04,60,0460
M6002738,6002738,แฟชั่น ควีน บจก.,FOOD-MERCHANDISE,2023,"  1,432,672.32 ","  1,338,946.11 ",21661,04,61,0461
M6002752,6002752,บิวตี้ คอมมูนิตี้ บมจ. (M6002752),FOOD-MERCHANDISE,2023,"  2,171,873.18 ","  1,818,529.83 ",21850,06,30,0630
M6002762,6002762,โกลบอล เทรด แอนด์ ดิสทริบิวชั่น บจก. (FF),FOOD-MERCHANDISE,2023,"  84,086,983.46 ","  84,086,983.46 ",21730,05,30,0530
M4301304,4301304,เอส แอนด์ พี ซินดิเคท  บมจ.,FOOD-MERCHANDISE,2023,"  1,292,588.44 ","  1,208,873.58 ",21760,05,60,0560
M4301577,4301577,ออร์ก้า (ประเทศไทย) บจก.,NONFOOD-MERCHANDISE,2023,"  2,919,647.21 ","  2,728,966.87 ",21350,02,50,0250
M4301918,4301918,ออโตควิป หจก.,NONFOOD-MERCHANDISE,2023,"  14,078,925.18 ","  13,157,874.00 ",21340,02,40,0240
M4302317,4302317,เอ็ม.ที.เค เอ็นเตอร์ไพรส์   บจก.,FOOD-MERCHANDISE,2023,"  98,883.62 ","  43,016.00 ",21671,04,71,0471
M4302651,4302651,อีเลคโทรลักซ์ ประเทศไทย บจก.,NONFOOD-MERCHANDISE,2023,"  24,233,207.38 ","  22,792,117.70 ",21512,01,12,0112
M4400005,4400005,อาร์เซลิก ฮิตาชิ โฮม แอพพลายแอนซ์ เซลส์ (ประเทศไทย) บจก.,NONFOOD-MERCHANDISE,2023,"  142,210,254.13 ","  132,906,779.56 ",21512,01,12,0112
M4400090,4400090,เฮอริเทจ มาร์เก็ตติ้ง บจก,FOOD-MERCHANDISE,2023,"  32,769,407.53 ","  77,751,137.93 ",21620,04,20,0420
M3500491,3500491,โรงงานฟุตบอลล์ไทย สปอร์ตติ้ง กู๊ดส์ บจก. (Credit),NONFOOD-MERCHANDISE,2023,"  50,558.44 ","  47,250.88 ",21210,03,10,0310
M3500604,3500604,รวมใจโปรดักส์ บจก.,FOOD-MERCHANDISE,2023,"  1,258,190.45 ","  1,175,878.93 ",21661,04,61,0461
M3600005,3600005,ล็อกซเล่ย์เทรดดิ้ง บจก.,FOOD-MERCHANDISE,2023,"  53,658,812.96 ","  50,148,423.43 ",21630,04,30,0430
M3701195,3701195,เวนเจอร์เทค มาร์เก็ตติ้ง บจก..,FOOD-MERCHANDISE,2023,"  129,929.47 ","  121,429.44 ",21740,05,40,0540
M3701363,3701363,เวชพงศ์มาร์เก็ตติ้ง บจก.,FOOD-MERCHANDISE,2023,"  1,973,976.44 ","  1,844,837.80 ",21610,04,10,0410
M6002773,6002773,สิงห์ปราจีน (2010) บจก.,FOOD-MERCHANDISE,2023,"  3,308,379.58 ","  3,091,943.49 ",21650,04,50,0450
M6002776,6002776,รัชนี ชูกลิ่น,FOOD-MERCHANDISE,2023,"  103,136.00 ","  103,136.00 ",21790,05,70,0570
M6002799,6002799,ซีโน-แปซิฟิค เทรดดิ้ง (ไทยแลนด์)  บจก. (Kellogg's),FOOD-MERCHANDISE,2023,"  48,331,579.39 ","  45,169,700.33 ",21610,04,10,0410
M6002816,6002816,มณฑิรา แซ่ลิ้ม,FOOD-MERCHANDISE,2023,"  4,740.00 ","  4,740.00 ",21790,05,70,0570
M6002831,6002831,ดีเคเอสเอช (ประเทศไทย) บจก. (Skippy),FOOD-MERCHANDISE,2023,"  10,786,629.65 ","  9,988,353.00 ",21610,04,10,0410
M6002855,6002855,พีเจ นู้ดเดิ้ล หจก.,FOOD-MERCHANDISE,2023,"  725,813.76 ","  755,370.92 ",21760,05,60,0560
M6002863,6002863,ดีเคเอสเอช (ประเทศไทย) บจก. (Mentholatum Acne),FOOD-MERCHANDISE,2023,"  784,681.57 ","  210,288.00 ",21660,04,60,0460
M6002886,6002886,พรีเมียม ไทย แบรนด์ บจก.,FOOD-MERCHANDISE,2023,"  688,792.47 ","  643,731.30 ",21650,04,50,0450
M6002897,6002897,เคซีจี คอร์ปอเรชั่น บมจ. (FF),FOOD-MERCHANDISE,2023,"  916,186.50 ","  916,186.50 ",21750,05,50,0550
M4300795,4300795,เอ็น.เอส มาร์เก็ตติ้ง บจก.,FOOD-MERCHANDISE,2023,"  49,946,707.01 ","  46,679,165.10 ",21620,04,20,0420
M4300809,4300809,อาหารยอดคุณ บจก.,FOOD-MERCHANDISE,2023,"  1,594,997.01 ","  1,490,651.42 ",21610,04,10,0410
M4301124,4301124,อุตสาหกรรมวุ้นเส้นไทย บจก.,FOOD-MERCHANDISE,2023,"  292,108.31 ","  272,998.40 ",21631,04,31,0431
M4301257,4301257,เอ็มเอ็มพี คอร์ปอเรชั่น บจก.,FOOD-MERCHANDISE,2023,"  2,065,447.69 ","  2,065,447.69 ",21720,05,20,0520
M4302651,4302651,อีเลคโทรลักซ์ ประเทศไทย บจก.,NONFOOD-MERCHANDISE,2023,"  1,001,408.60 ",  -   ,21530,01,30,0130
M4303198,4303198,อีสออน เอ็นเทอร์ไพรส์ บจก.,NONFOOD-MERCHANDISE,2023,"  8,172,681.15 ","  7,638,019.65 ",21340,02,40,0240
M4400005,4400005,อาร์เซลิก ฮิตาชิ โฮม แอพพลายแอนซ์ เซลส์ (ประเทศไทย) บจก.,NONFOOD-MERCHANDISE,2023,"  12,375,433.82 ","  11,565,826.00 ",21510,01,10,0110
M6002067,6002067,สยาม พาราไดส์ เฮลธ์ โพรดักส์ บจก.,FOOD-MERCHANDISE,2023,"  1,354,536.66 ","  1,265,922.12 ",21630,04,30,0430
M6002173,6002173,วอลล์ประกอบกิจ หจก.,FOOD-MERCHANDISE,2023,"  1,283,323.73 ","  1,200,203.53 ",21790,05,70,0570
M6002233,6002233,จุฑาลักษณ์ กลิ่นถนอม,FOOD-MERCHANDISE,2023,"  15,649,690.00 ","  15,649,690.00 ",21730,05,30,0530
M6002312,6002312,สยามโยโกะ บจก. (M6002312),FOOD-MERCHANDISE,2023,"  2,975,363.60 ","  2,780,713.68 ",21660,04,60,0460
M6002313,6002313,ฮายาชิ โปรดักส์ บจก.,FOOD-MERCHANDISE,2023,"  2,440,153.29 ","  2,280,517.05 ",21840,06,20,0620
M6002323,6002323,ลิ้มใช้เซ้ง บจก. (M6002323),FOOD-MERCHANDISE,2023,"  1,861,820.57 ","  1,740,019.16 ",21650,04,50,0450
M6002370,6002370,ที.โอ.เคมีคอลส์ (1979) บจก. (M6002370),FOOD-MERCHANDISE,2023,"  1,007,040.55 ","  703,958.44 ",21830,06,10,0610
M6002503,6002503,ง้วนอินเตอร์ซัพพลาย บจก.,FOOD-MERCHANDISE,2023,"  6,002,589.53 ","  5,609,896.91 ",21630,04,30,0430
M6002515,6002515,ซันฟู้ด อินเตอร์เนชั่นแนล บจก.,FOOD-MERCHANDISE,2023,"  40,532,832.27 ","  40,532,832.27 ",21710,05,10,0510
M6002535,6002535,โฟว์เซเว่นอินเตอร์ฟูดส์ บจก.,FOOD-MERCHANDISE,2023,"  27,799,662.84 ","  27,799,662.84 ",21710,05,10,0510
M6002541,6002541,วาย ซี ซี อินเตอร์ฟู้ด บจก. (M6002541),FOOD-MERCHANDISE,2023,"  1,513,932.30 ","  1,414,890.00 ",21760,05,60,0560
M6002549,6002549,ลีดอน ดิสทริบิวชั่น (ประเทศไทย) บจก.,FOOD-MERCHANDISE,2023,"  118,551,424.29 ","  110,414,844.91 ",21690,04,90,0490
M6002554,6002554,พาณิชยการแห่งประเทศไทย บจก. (M6002554),FOOD-MERCHANDISE,2023,"  534,305.14 ","  499,350.96 ",21750,05,50,0550
M6002566,6002566,เรกคิทท์ เบนคีเซอร์ (ประเทศไทย) บจก. (M6002566),FOOD-MERCHANDISE,2023,"  7,509,677.85 ","  7,018,390.48 ",21620,04,20,0420
M6002577,6002577,อยู่แสงฟ้า โปรดัคส์ หจก.,FOOD-MERCHANDISE,2023,"  3,135,014.40 ","  2,929,920.00 ",21620,04,20,0420
M6002585,6002585,ดีเคเอสเอช (ประเทศไทย) บจก. (Taisho),FOOD-MERCHANDISE,2023,"  9,650,256.53 ","  226,936.16 ",21830,06,10,0610
M6002586,6002586,ดีเคเอสเอช (ประเทศไทย) บจก. (Reckitt),FOOD-MERCHANDISE,2023,"  8,242,600.63 ","  2,383,093.27 ",21830,06,10,0610
M6002590,6002590,พันธุระ บจก. (M6002590),FOOD-MERCHANDISE,2023,"  833,012.95 ","  778,516.80 ",21640,04,40,0440
M6002593,6002593,สหพัฒนพิบูล บมจ. (M6002593),FOOD-MERCHANDISE,2023,"  442,296,762.42 ","  436,079,337.15 ",21670,04,70,0470
M6002617,6002617,ฟาร์ม่าไลน์ บจก.,FOOD-MERCHANDISE,2023,"  287,762.42 ","  102,289.30 ",21830,06,10,0610
M6002659,6002659,ที.แมน ฟาร์มา บจก.,FOOD-MERCHANDISE,2023,"  1,951,587.85 ","  55,184.34 ",21850,06,30,0630
M6002678,6002678,พัฒนาโภคภัณฑ์ บจก.,FOOD-MERCHANDISE,2023,"  3,608,579.28 ","  3,372,504.00 ",21760,05,60,0560
M6002685,6002685,อัลเฟรโด เอ็นเตอร์ไพรส์ บจก. (M6002685),FOOD-MERCHANDISE,2023,"  7,857,307.03 ","  6,118,692.00 ",21750,05,50,0550
M6002691,6002691,สิงห์กาญจน์เสริมทรัพย์ บจก. (Beer),FOOD-MERCHANDISE,2023,"  1,648,821.62 ","  1,540,954.69 ",21650,04,50,0450
M6002708,6002708,แซนนิต้า อินเตอร์เนชั่นแนล บจก.,FOOD-MERCHANDISE,2023,"  3,702,699.70 ","  3,253,618.80 ",21660,04,60,0460
M6001339,6001339,ไดเรคเตอร์ทอย บจก. (SME),FOOD-MERCHANDISE,2023,"  8,204,784.13 ","  7,668,022.49 ",21620,04,20,0420
M6001345,6001345,แป้งข้าวสาลีไทยมาร์เก็ตติ้ง บจก.,FOOD-MERCHANDISE,2023,"  2,547,737.41 ","  2,381,063.00 ",21610,04,10,0410
M6001360,6001360,ไพรซ์อินเตอร์แพค (1999) บจก. (M6001360),FOOD-MERCHANDISE,2023,"  31,650.60 ","  31,650.60 ",21720,05,20,0520
M6001378,6001378,บีทาเก้น บจก.,FOOD-MERCHANDISE,2023,"  157,158,447.84 ","  146,877,052.94 ",21760,05,60,0560
M6001409,6001409,ซันไรส์ แดรี่  บจก.,FOOD-MERCHANDISE,2023,"  23,944,115.19 ","  22,377,677.58 ",21760,05,60,0560
M6001418,6001418,สรรเพชญโกรเซอรี่ บจก.,FOOD-MERCHANDISE,2023,"  2,370,605.92 ","  2,538,703.61 ",21790,05,70,0570
M6001425,6001425,บี บี เฟรชฟู้ดส์ บจก.,FOOD-MERCHANDISE,2023,"  126,303.87 ","  118,041.00 ",21740,05,40,0540
M6002907,6002907,เคซีจี คอร์ปอเรชั่น บมจ. (DF),FOOD-MERCHANDISE,2023,"  14,229,644.04 ","  14,587,888.06 ",21610,04,10,0410
M6002907,6002907,เคซีจี คอร์ปอเรชั่น บมจ. (DF),FOOD-MERCHANDISE,2023,"  104,890,832.48 ","  98,065,623.38 ",21620,04,20,0420
M6002935,6002935,ดีเคเอสเอช (ประเทศไทย) บจก. (Tubigrib),FOOD-MERCHANDISE,2023,"  578,973.89 ","  541,097.07 ",21840,06,20,0620
M6002939,6002939,ดีเคเอสเอช (ประเทศไทย) บจก. (Hawpar),FOOD-MERCHANDISE,2023,"  67,266,126.00 ","  62,865,538.29 ",21840,06,20,0620
M6002946,6002946,ดีเคเอสเอช (ประเทศไทย) บจก. (Bayer Consumer),FOOD-MERCHANDISE,2023,"  6,194,317.49 ","  1,596,079.64 ",21850,06,30,0630
M6002950,6002950,ดีเคเอสเอช (ประเทศไทย) บจก. (Provamed),FOOD-MERCHANDISE,2023,"  101,148.47 ","  94,531.30 ",21850,06,30,0630
M6002958,6002958,ซิลลิค ฟาร์มา บจก. (Pfizer),FOOD-MERCHANDISE,2023,"  685,667.04 ","  581,806.00 ",21840,06,20,0620
M6002973,6002973,พรสยาม เทรดดิ้ง บจก. (M6002973),FOOD-MERCHANDISE,2023,"  340,491.92 ","  316,349.86 ",21620,04,20,0420
M6002241,6002241,เกศสุดา ดวงโต,FOOD-MERCHANDISE,2023,"  16,138,942.00 ","  16,138,942.00 ",21730,05,30,0530
M6002277,6002277,เจริญ ออแกนนิค ฟาร์ม บจก.,FOOD-MERCHANDISE,2023,"  22,293,336.10 ","  22,293,336.10 ",21730,05,30,0530
M6002333,6002333,สยามอินเตอร์ซี บจก.,FOOD-MERCHANDISE,2023,"  34,459,549.08 ","  34,459,549.08 ",21720,05,20,0520
M6002351,6002351,ลีโอ เมดดิคอล บจก.,FOOD-MERCHANDISE,2023,"  661,316.50 ",  -   ,21830,06,10,0610
M6002382,6002382,เวียงเจ็ดริน บจก.,FOOD-MERCHANDISE,2023,"  3,138,507.76 ","  2,933,541.14 ",21790,05,70,0570
M6002444,6002444,สกลชลทิต,FOOD-MERCHANDISE,2023,"  35,245.80 ","  33,277.50 ",21790,05,70,0570
M6002458,6002458,โรงงานเภสัชกรรมแหลมทองการแพทย์ บจก.,FOOD-MERCHANDISE,2023,"  (298,712.98)","  (240,840.00)",21860,06,40,0640
M6002474,6002474,ดีเคเอสเอช (ประเทศไทย) บจก. (Coty),FOOD-MERCHANDISE,2023,"  22,606,418.71 ","  21,127,494.10 ",21660,04,60,0460
M6002491,6002491,ดีเคเอสเอช (ประเทศไทย) บจก. (Fish sauce),FOOD-MERCHANDISE,2023,"  553,270.39 ","  211,283.05 ",21631,04,31,0431
M6002505,6002505,นอติลุสฟู้ด (ประเทศไทย) บจก.,FOOD-MERCHANDISE,2023,"  1,861,969.15 ","  469,536.86 ",21631,04,31,0431
M6002531,6002531,คาร์มาร์ท บมจ. (M6002531),FOOD-MERCHANDISE,2023,"  61,560,032.97 ","  57,128,697.16 ",21661,04,61,0461
M6002551,6002551,พรอส ฟาร์มา บจก.,FOOD-MERCHANDISE,2023,"  1,388,787.38 ","  946,234.97 ",21840,06,20,0620
M6002558,6002558,ยูไนเต็ดอุตสาหกรรมอาหาร บจก.,FOOD-MERCHANDISE,2023,"  49,570.72 ","  46,327.80 ",21760,05,60,0560
M4000029,4000029,สยามร่วมมิตร บจก.,FOOD-MERCHANDISE,2023,"  77,878,519.29 ","  72,783,662.84 ",21620,04,20,0420
M4000047,4000047,สหพัฒนพิบูล บมจ.,FOOD-MERCHANDISE,2023,"  790,925,601.00 ","  728,376,533.80 ",21630,04,30,0430
M4000047,4000047,สหพัฒนพิบูล บมจ.,FOOD-MERCHANDISE,2023,"  5,383,721.92 ","  5,500,257.46 ",21660,04,60,0460
M4000071,4000071,สิทธินันท์ บจก.,FOOD-MERCHANDISE,2023,"  22,484.95 ","  21,013.97 ",21610,04,10,0410
M4000404,4000404,สีทอง 555  บจก.,NONFOOD-MERCHANDISE,2023,"  7,427,447.74 ","  6,941,539.75 ",21350,02,50,0250
M4001302,4001302,สยามเซฟเวย์เทรดดิ้ง บจก.,FOOD-MERCHANDISE,2023,"  2,602,592.16 ","  2,432,329.20 ",21660,04,60,0460
M4002176,4002176,สยามพูลทรัพย์ อินเตอร์ เคมีคอล บจก. (DF),FOOD-MERCHANDISE,2023,"  3,220,611.32 ","  3,009,917.12 ",21670,04,70,0470
M4003155,4003155,สยามเมลามีน มาร์เก็ตติ้ง บจก.,NONFOOD-MERCHANDISE,2023,"  1,908,304.13 ","  1,801,264.69 ",21310,02,10,0210
M6001460,6001460,เอสพีเอส เมดิคอล บจก.,FOOD-MERCHANDISE,2023,"  942,389.99 ","  662,009.30 ",21830,06,10,0610
M6001577,6001577,น้องพร ฟู้ด อินดัสตรี้ส์ บจก.,FOOD-MERCHANDISE,2023,"  2,637,084.93 ","  2,464,565.33 ",21740,05,40,0540
M6001601,6001601,กรีนเอิร์ธ ไบโอเทคโนโลยี (ประเทศไทย) บจก.,FOOD-MERCHANDISE,2023,"  2,039,212.08 ","  1,905,805.65 ",21661,04,61,0461
M6002982,6002982,สมบัติพลอย หจก.,FOOD-MERCHANDISE,2023,"  590,753.66 ","  552,106.21 ",21790,05,70,0570
M6002996,6002996,อี.ที.ซี.เอี๊ยบตงจั่น บจก.,FOOD-MERCHANDISE,2023,"  3,610,551.95 ","  3,399,146.35 ",21610,04,10,0410
M6003010,6003010,ลิตเติ้ลฟาร์ม โกลเบิล บจก.,FOOD-MERCHANDISE,2023,"  442,642.72 ","  413,684.79 ",21760,05,60,0560
M6003042,6003042,ดีเคเอสเอช (ประเทศไทย) บจก. (นมผงดีจี),FOOD-MERCHANDISE,2023, NULL ,  -   ,21630,04,30,0430
M6003045,6003045,กนกวรรณ ฟู้ด โปรดักส์ บจก. (DF),FOOD-MERCHANDISE,2023,"  6,689,509.52 ","  6,251,878.08 ",21630,04,30,0430
M6003049,6003049,เกร็ดแก้ว กรีน บจก.,FOOD-MERCHANDISE,2023,"  619,920.00 ","  580,828.48 ",21790,05,70,0570
M6003106,6003106,ดีนะ โปรดักส์ บจก.,FOOD-MERCHANDISE,2023,"  3,922,677.01 ","  3,666,053.25 ",21630,04,30,0430
M4400232,4400232,เฮงเค็ล (ประเทศไทย) บจก.,FOOD-MERCHANDISE,2023,"  23,865,635.33 ","  22,304,332.13 ",21660,04,60,0460
M6000193,6000193,พรอคเตอร์ แอนด์ แกมเบิล เทรดดิ้ง (ประเทศไทย) บจก.,FOOD-MERCHANDISE,2023,"  7,425,761.90 ","  2,822,420.75 ",21672,04,72,0472
M6000284,6000284,เอ.เอ็น.บี.ลาบอราตอรี่ บจก.,FOOD-MERCHANDISE,2023,"  1,456,787.90 ","  (67,576.24)",21830,06,10,0610
M6002387,6002387,อารี ฟู้ดส์ (ประเทศไทย) บจก. (M6002387),FOOD-MERCHANDISE,2023,"  494,340.00 ","  462,000.00 ",21790,05,70,0570
M6002461,6002461,ช่วยสุข บจก.,FOOD-MERCHANDISE,2023,"  33,501,970.06 ","  31,310,252.30 ",21620,04,20,0420
M6002480,6002480,ดีเคเอสเอช (ประเทศไทย) บจก. (Lactacyd),FOOD-MERCHANDISE,2023,"  17,346,941.82 ","  16,212,095.20 ",21660,04,60,0460
M6002483,6002483,เบอร์ลินฟาร์มาซูติคอลอินดัสตรี้ บจก.,FOOD-MERCHANDISE,2023,"  802,310.24 ","  161,056.00 ",21840,06,20,0620
M6002489,6002489,สมเกียรติ กวินปกรณ์รัตน์,FOOD-MERCHANDISE,2023,"  3,134,065.03 ","  3,134,065.03 ",21720,05,20,0520
M6002491,6002491,ดีเคเอสเอช (ประเทศไทย) บจก. (Fish sauce),FOOD-MERCHANDISE,2023,"  14,585,387.37 ","  13,615,084.51 ",21630,04,30,0430
M6002502,6002502,ดีเคเอสเอช (ประเทศไทย) บจก. (Pantai Delica),FOOD-MERCHANDISE,2023,"  106,433.05 ","  99,470.14 ",21630,04,30,0430
M6002505,6002505,นอติลุสฟู้ด (ประเทศไทย) บจก.,FOOD-MERCHANDISE,2023,"  79,813,635.44 ","  74,549,548.90 ",21630,04,30,0430
M6002512,6002512,ดีเคเอสเอช (ประเทศไทย) บจก. (Kraft Biscuit),FOOD-MERCHANDISE,2023,"  102,465,989.75 ","  95,744,954.01 ",21620,04,20,0420
M6002523,6002523,บีไชน์ นูทริชั่น พลัส บจก.,FOOD-MERCHANDISE,2023,"  1,051,217.48 ","  982,446.24 ",21840,06,20,0620
M6001670,6001670,ไทยริชฟูดส์ กรุ๊ป บจก.,FOOD-MERCHANDISE,2023,"  8,429.46 ",  -   ,21730,05,30,0530
M6001691,6001691,มาซา แลบ บจก.,FOOD-MERCHANDISE,2023,"  894,228.01 ","  807,129.72 ",21840,06,20,0620
M6001718,6001718,แสงไทยเมดิคอล บจก.,FOOD-MERCHANDISE,2023,"  215,190.98 ","  153,060.00 ",21840,06,20,0620
M6001772,6001772,วรรณดี กรุ๊ป เบเกอรี่  บจก.,FOOD-MERCHANDISE,2023,"  14,737,923.20 ","  13,773,760.00 ",21750,05,50,0550
M6001785,6001785,เซ็ปเป้ บมจ.,FOOD-MERCHANDISE,2023,"  9,807,659.24 ","  9,038,440.86 ",21620,04,20,0420
M6001815,6001815,ไทยเทปกาวอุตสาหกรรม บจก. (M6001815),FOOD-MERCHANDISE,2023,"  3,730,230.79 ","  3,112,145.00 ",21740,05,40,0540
M6001828,6001828,เซ็นทรัลโพลีเทรดดิ้ง บจก.,FOOD-MERCHANDISE,2023,"  606,816.26 ","  531,200.00 ",21840,06,20,0620
M6003136,6003136,เพ็ท โฟกัส บจก. (Hyper),FOOD-MERCHANDISE,2023,"  93,680.52 ",  -   ,21630,04,30,0430
M6003138,6003138,พาณิชยการแห่งประเทศไทย บจก. (DF),FOOD-MERCHANDISE,2023,"  19,765,480.68 ","  18,472,411.81 ",21630,04,30,0430
M6003147,6003147,เรกคิทท์ เบนคีเซอร์ (ประเทศไทย) บจก. (Pharmacy),FOOD-MERCHANDISE,2023,"  2,948,025.34 ","  19,570.72 ",21830,06,10,0610
M6002531,6002531,คาร์มาร์ท บมจ. (M6002531),FOOD-MERCHANDISE,2023,"  11,925,596.94 ","  7,736,252.75 ",21660,04,60,0460
M6002586,6002586,ดีเคเอสเอช (ประเทศไทย) บจก. (Reckitt),FOOD-MERCHANDISE,2023,"  11,594,436.45 ","  9,209,345.07 ",21840,06,20,0620
M6002588,6002588,ดีเคเอสเอช (ประเทศไทย) บจก. (blackmores),FOOD-MERCHANDISE,2023,"  4,071,901.06 ","  58,010.07 ",21860,06,40,0640
M6002599,6002599,ชุมชนเภสัชกรรม บมจ.,FOOD-MERCHANDISE,2023,"  767,460.04 ","  366,802.97 ",21840,06,20,0620
M6002619,6002619,แสนดีไรซ์ (ไทยแลนด์) บจก. (M6002619),FOOD-MERCHANDISE,2023,"  689,591.46 ","  644,478.00 ",21630,04,30,0430
M6002752,6002752,บิวตี้ คอมมูนิตี้ บมจ. (M6002752),FOOD-MERCHANDISE,2023,"  1,305,560.74 ","  1,220,150.15 ",21660,04,60,0460
M6002772,6002772,ชวนพัฒน์ บจก.,FOOD-MERCHANDISE,2023,"  2,456,159.26 ","  2,295,475.92 ",21620,04,20,0420
M6002781,6002781,ซีเคเอ็มเอส ไอศกรีม บจก.,FOOD-MERCHANDISE,2023,"  2,037,256.99 ","  1,948,407.57 ",21790,05,70,0570
M6002796,6002796,เมก้า มีท บจก.,FOOD-MERCHANDISE,2023,"  638,787,007.70 ","  638,788,338.70 ",21710,05,10,0510
M6002837,6002837,กรีนแพค มาร์เก็ตติ้ง บจก. (M6002837),FOOD-MERCHANDISE,2023,"  4,133,392.81 ","  3,862,983.96 ",21670,04,70,0470
M6002858,6002858,เคพีที มาร์เก็ตติ้ง บจก.,FOOD-MERCHANDISE,2023,"  285,631.58 ","  266,945.40 ",21760,05,60,0560
M6002867,6002867,ซีโน-แปซิฟิค เทรดดิ้ง (ไทยแลนด์)  บจก. (Hamper),FOOD-MERCHANDISE,2023,"  118,327,901.16 ","  110,586,823.41 ",21696,04,96,0496
M6001881,6001881,สุขสมบูรณ์น้ำมันพืช บจก.,FOOD-MERCHANDISE,2023,"  7,048,929.04 ","  6,568,905.60 ",21720,05,20,0520
M6001881,6001881,สุขสมบูรณ์น้ำมันพืช บจก.,FOOD-MERCHANDISE,2023,"  3,397,660.87 ","  3,175,383.92 ",21750,05,50,0550
M6001884,6001884,ห้าตะขาบ (ซิมเทียนฮ้อ) บจก.,FOOD-MERCHANDISE,2023,"  16,168,095.63 ","  15,110,369.71 ",21840,06,20,0620
M6001909,6001909,ถาวรการค้าอำนาจ หจก.,FOOD-MERCHANDISE,2023,"  3,051,715.49 ","  2,852,070.50 ",21650,04,50,0450
M6001952,6001952,เพนส์ มาร์เก็ตติ้ง แอนด์ ดิสทริบิวชั่น บจก. (M6001952),FOOD-MERCHANDISE,2023,"  881,670.23 ","  823,990.93 ",21660,04,60,0460
M6001952,6001952,เพนส์ มาร์เก็ตติ้ง แอนด์ ดิสทริบิวชั่น บจก. (M6001952),FOOD-MERCHANDISE,2023,"  467,544.61 ","  436,957.44 ",21670,04,70,0470
M6001958,6001958,แกลโลไทย บจก.,FOOD-MERCHANDISE,2023,"  6,408,991.22 ","  5,989,711.33 ",21620,04,20,0420
M6002893,6002893,สยามปราณา บจก.,FOOD-MERCHANDISE,2023,"  1,109,703.00 ","  1,109,703.00 ",21630,04,30,0430
M6002902,6002902,สมาพันธ์เฮลธ์ บจก.,FOOD-MERCHANDISE,2023,"  1,862,008.09 ","  1,740,194.45 ",21840,06,20,0620
M6002906,6002906,ซีเวิลด์ อินเตอร์ฟู้ด บจก.,FOOD-MERCHANDISE,2023,"  65,660,754.00 ","  65,660,754.00 ",21720,05,20,0520
M6002933,6002933,เอราวัณอินเตอร์ฟูด บจก.,FOOD-MERCHANDISE,2023,"  3,601,553.88 ","  3,365,938.18 ",21630,04,30,0430
M6002936,6002936,ดีเคเอสเอช (ประเทศไทย) บจก. (Khaolaor),FOOD-MERCHANDISE,2023,"  2,159,386.16 ","  1,850,457.32 ",21860,06,40,0640
M6002937,6002937,ดีเคเอสเอช (ประเทศไทย) บจก. (Sanofi),FOOD-MERCHANDISE,2023,"  2,654,609.10 ","  2,158,529.38 ",21840,06,20,0620
M6002955,6002955,ซิลลิค ฟาร์มา บจก. (Great eastern),FOOD-MERCHANDISE,2023,"  4,150,014.48 ","  2,020,186.35 ",21830,06,10,0610
M6002955,6002955,ซิลลิค ฟาร์มา บจก. (Great eastern),FOOD-MERCHANDISE,2023,"  4,107,845.85 ","  2,602,383.42 ",21840,06,20,0620
M4400084,4400084,ไฮคิว ผลิตภัณฑ์อาหาร บจก.,FOOD-MERCHANDISE,2023,"  8,367,502.66 ","  1,126,012.71 ",21631,04,31,0431
M4400164,4400164,ไฮแลนด์ อุตสาหกรรม บจก.,NONFOOD-MERCHANDISE,2023,"  548,203.80 ","  512,340.00 ",21310,02,10,0210
M6000203,6000203,อีสท์เวสท์เทรดิ้งแอนด์เอเย่นซีส์ บจก. (M6000203),FOOD-MERCHANDISE,2023,"  176,924.53 ","  165,350.04 ",21620,04,20,0420
M6003182,6003182,เดอะเบสท์บานาน่า บจก.,FOOD-MERCHANDISE,2023,"  2,463,959.00 ","  2,463,959.00 ",21750,05,50,0550
M6003183,6003183,ไทยวา บมจ.,FOOD-MERCHANDISE,2023,"  3,024,141.72 ","  2,779,450.80 ",21610,04,10,0410
M6003203,6003203,เลิศพรธุรกิจ บจก.,FOOD-MERCHANDISE,2023,"  474,360.40 ","  445,662.05 ",21790,05,70,0570
M6003225,6003225,สหพัฒนพิบูล บมจ. (ซื่อสัตย์),FOOD-MERCHANDISE,2023,"  28,735,263.98 ","  26,781,324.81 ",21630,04,30,0430
M6003236,6003236,อุลตร้า มีล บจก.,FOOD-MERCHANDISE,2023,"  86,044,641.00 ","  86,044,641.00 ",21710,05,10,0510
M6003251,6003251,ดีทแฮล์ม เคลเลอร์ โลจิสติกส์ บจก. (SMITH&NEPHEW),FOOD-MERCHANDISE,2023,"  488,669.53 ","  456,700.50 ",21840,06,20,0620
M6002637,6002637,แหลมทองโปรตีนฟู้ด บจก.,FOOD-MERCHANDISE,2023,"  9,133,125.84 ","  8,535,631.57 ",21760,05,60,0560
M6002659,6002659,ที.แมน ฟาร์มา บจก.,FOOD-MERCHANDISE,2023,"  17,007,078.69 ","  15,546,893.00 ",21840,06,20,0620
M6002685,6002685,อัลเฟรโด เอ็นเตอร์ไพรส์ บจก. (M6002685),FOOD-MERCHANDISE,2023,"  3,858,265.91 ","  3,605,856.00 ",21760,05,60,0560
M6002693,6002693,โอสถ อินเตอร์ แลบบอราทอรีส์ บจก.,FOOD-MERCHANDISE,2023,"  278,939.95 ","  43,354.39 ",21840,06,20,0620
M6002733,6002733,โรจูคิส อินเตอร์เนชั่นแนล บมจ. (เวชสำอาง),FOOD-MERCHANDISE,2023,"  464,912.27 ","  434,497.46 ",21840,06,20,0620
M6002735,6002735,ไอเลิฟไอศครีม หจก.,FOOD-MERCHANDISE,2023,"  242,431.62 ","  243,914.77 ",21790,05,70,0570
M6002750,6002750,บิ๊กบอล ฟู้ด บจก. (Credit),FOOD-MERCHANDISE,2023,"  16,159,346.57 ","  15,102,193.08 ",21760,05,60,0560
M6000288,6000288,ดีเคเอสเอช (ประเทศไทย) บจก. (PHARMA) PURE,FOOD-MERCHANDISE,2023,"  4,064,923.82 ","  33,685.00 ",21860,06,40,0640
M6000291,6000291,ถ้วยทองโอสถ บจก.แผนกยา,FOOD-MERCHANDISE,2023,"  6,306,880.96 ","  5,894,281.33 ",21840,06,20,0620
M6000300,6000300,อาร์เอ็กซ์ บจก.,FOOD-MERCHANDISE,2023,"  3,121,942.31 ","  2,459,727.88 ",21830,06,10,0610
M6000300,6000300,อาร์เอ็กซ์ บจก.,FOOD-MERCHANDISE,2023,"  1,082,745.61 ","  123,816.87 ",21850,06,30,0630
M6000306,6000306,ที เอ็น พี เฮลท์แคร์ บจก. (แผนกยา),FOOD-MERCHANDISE,2023,"  45,044.23 ","  42,097.44 ",21661,04,61,0461
M6000315,6000315,เวชพงศ์ มาร์เก็ตติ้ง บจก. (แผนกยา),FOOD-MERCHANDISE,2023,"  2,863,199.21 ","  2,675,887.08 ",21610,04,10,0410
M6000375,6000375,สแตนดาร์ด แมนูแฟคเจอริ่ง บจก.,FOOD-MERCHANDISE,2023,"  16,479,906.35 ","  14,898,342.68 ",21670,04,70,0470
M6000375,6000375,สแตนดาร์ด แมนูแฟคเจอริ่ง บจก.,FOOD-MERCHANDISE,2023,"  1,965,739.02 ","  629,072.64 ",21680,04,80,0480
M6000406,6000406,โปรไทย บจก.,FOOD-MERCHANDISE,2023,"  1,087,526.60 ","  1,016,380.00 ",21790,05,70,0570
M6000424,6000424,เอ็น.ไอ.วี.เครื่องครัว  บจก.,FOOD-MERCHANDISE,2023,"  15,654,596.27 ","  14,630,463.78 ",21310,02,10,0210
M6000440,6000440,ชมิดต บจก.,FOOD-MERCHANDISE,2023,"  4,766,973.05 ","  4,455,706.15 ",21750,05,50,0550
M6000448,6000448,เนสท์เล่ (ไทย) บจก..,FOOD-MERCHANDISE,2023,"  1,067,031.10 ","  579,998.54 ",21631,04,31,0431
M6000448,6000448,เนสท์เล่ (ไทย) บจก..,FOOD-MERCHANDISE,2023,"  1,131,288,863.02 ","  629,225,872.59 ",21640,04,40,0440
M6000468,6000468,อีสท์เวสท์เทรดิ้งแอนด์เอเย่นซีส์ บจก.,FOOD-MERCHANDISE,2023,"  12,287,796.94 ","  11,483,922.38 ",21760,05,60,0560
M6000498,6000498,ฮูทามากิ(ประเทศไทย) บจก.,FOOD-MERCHANDISE,2023,"  22,348,795.99 ","  20,885,502.20 ",21750,05,50,0550
M4300028,4300028,ไอ.ซี.ซี.อินเตอร์เนชั่นแนล  บมจ. (Baby Boys&Girls),FOOD-MERCHANDISE,2023,"  75,060.50 ","  70,150.00 ",21640,04,40,0440
M4300104,4300104,เอส.ซี.ยอห์นสัน แอนด์ ซัน บจก. (DF),FOOD-MERCHANDISE,2023,"  253,611,221.71 ","  236,585,422.63 ",21670,04,70,0470
M4300513,4300513,เอ็ม ที อาร์ กรุ๊ป  บจก.,NONFOOD-MERCHANDISE,2023,"  46,090,522.52 ","  43,079,046.52 ",21330,02,30,0230
M4300643,4300643,ออดินริค-ไทย บจก.,FOOD-MERCHANDISE,2023,"  12,681,197.30 ","  11,851,586.28 ",21660,04,60,0460
M4301257,4301257,เอ็มเอ็มพี คอร์ปอเรชั่น บจก.,FOOD-MERCHANDISE,2023,"  1,170,450.16 ","  1,170,657.50 ",21710,05,10,0510
M4301746,4301746,เนเจอร์ คอร์ปอเรชั่น บจก.,NONFOOD-MERCHANDISE,2023,"  23,555,568.89 ","  22,014,550.39 ",21240,03,40,0340
M4301820,4301820,อาร์.เอส.มาร์เก็ตติ้ง,NONFOOD-MERCHANDISE,2023,"  3,743,129.60 ","  3,498,251.96 ",21110,03,80,0380
M6002791,6002791,ปารีส แบงคอก เบเกอรี่ บจก. (Hyper),FOOD-MERCHANDISE,2023,"  20,090.47 ","  18,776.12 ",21701,00,0,00000
M6002798,6002798,ไอศครีมวอลล์ประจวบคีรีขันธ์ หจก.,FOOD-MERCHANDISE,2023,"  1,516,675.85 ","  1,417,454.38 ",21790,05,70,0570
M6002815,6002815,วินเนอร์กรุ๊ป เอ็นเตอร์ไพรซ์ บมจ. (Bekery),FOOD-MERCHANDISE,2023,"  731,363.23 ","  693,711.04 ",21750,05,50,0550
M6002821,6002821,แสนเกล้ากาฬสินธุ์ หจก.,FOOD-MERCHANDISE,2023,"  631,895.62 ","  595,956.89 ",21790,05,70,0570
M6002862,6002862,ศรีกรุงบิสกิต บจก.,FOOD-MERCHANDISE,2023,"  2,846,876.59 ","  2,660,632.32 ",21620,04,20,0420
M6002887,6002887,โรงงานวิเศษนิยม หสน.,FOOD-MERCHANDISE,2023,"  515,743.41 ","  482,003.20 ",21850,06,30,0630
M6002889,6002889,อเบอร์ดีน เลอ อาฟวร์ บจก.,FOOD-MERCHANDISE,2023,"  24,195,486.64 ","  22,612,604.44 ",21650,04,50,0450
M6002894,6002894,จิตรลดา ไอซ์ หจก.,FOOD-MERCHANDISE,2023,"  40,894.20 ","  39,892.50 ",21790,05,70,0570
M6002895,6002895,บางกอก มีท โปรเซสซิ่ง บจก. (M6002895),FOOD-MERCHANDISE,2023,"  47,668,815.64 ","  44,550,295.00 ",21760,05,60,0560
M6002907,6002907,เคซีจี คอร์ปอเรชั่น บมจ. (DF),FOOD-MERCHANDISE,2023,"  6,962,601.13 ","  6,487,769.94 ",21640,04,40,0440
M6002913,6002913,คิมเบอร์ลี่ย์-คล๊าค ประเทศไทย บจก. DF,FOOD-MERCHANDISE,2023,"  7,236,493.10 ","  6,763,077.54 ",21672,04,72,0472
M6002928,6002928,โมเดิร์น ซอฟท์ โปรดักส์ บจก.,FOOD-MERCHANDISE,2023,"  3,127,126.12 ","  2,922,547.68 ",21672,04,72,0472
M6002940,6002940,ดีเคเอสเอช (ประเทศไทย) บจก. (Baush & Lomb),FOOD-MERCHANDISE,2023,"  7,707,147.10 ","  7,202,941.22 ",21840,06,20,0620
M6002942,6002942,ดีเคเอสเอช (ประเทศไทย) บจก. (Siribuncha),FOOD-MERCHANDISE,2023,"  2,739,425.97 ","  2,381,456.85 ",21840,06,20,0620
M6002942,6002942,ดีเคเอสเอช (ประเทศไทย) บจก. (Siribuncha),FOOD-MERCHANDISE,2023,"  1,404,078.58 ","  221,204.31 ",21860,06,40,0640
M6002948,6002948,ดีเคเอสเอช (ประเทศไทย) บจก. (Bangkok botanica),FOOD-MERCHANDISE,2023,"  1,587,032.64 ","  1,112,401.83 ",21850,06,30,0630
M6002951,6002951,ดีทแฮล์ม เคลเลอร์ โลจิสติกส์ บจก. (Teva),FOOD-MERCHANDISE,2023,"  1,984,425.77 ","  1,749,668.49 ",21840,06,20,0620
M6002583,6002583,เฮ็ลธ์ฟู้ดส์ คอร์ปอเรชั่น บจก.,FOOD-MERCHANDISE,2023,  721.63 ,  674.43 ,21760,05,60,0560
M6002584,6002584,ดีเคเอสเอช (ประเทศไทย) บจก. (PHARMA) BDF Euecrin,FOOD-MERCHANDISE,2023,"  18,857,614.09 ","  17,623,938.39 ",21850,06,30,0630
M6002587,6002587,ดีเคเอสเอช (ประเทศไทย) บจก. (Vistra),FOOD-MERCHANDISE,2023,"  2,229,945.59 ","  181,192.40 ",21830,06,10,0610
M6002587,6002587,ดีเคเอสเอช (ประเทศไทย) บจก. (Vistra),FOOD-MERCHANDISE,2023,"  7,305,451.08 ","  2,995,909.22 ",21850,06,30,0630
M6002588,6002588,ดีเคเอสเอช (ประเทศไทย) บจก. (blackmores),FOOD-MERCHANDISE,2023,"  4,626,923.30 ","  67,275.00 ",21830,06,10,0610
M6002620,6002620,ลอรีอัล (ประเทศไทย) บจก. (M6002620),FOOD-MERCHANDISE,2023,"  15,190,841.57 ","  14,197,048.17 ",21850,06,30,0630
M6002964,6002964,ซิลลิค ฟาร์มา บจก. (Mega),FOOD-MERCHANDISE,2023,"  24,752,927.39 ","  7,344,161.91 ",21830,06,10,0610
M6002964,6002964,ซิลลิค ฟาร์มา บจก. (Mega),FOOD-MERCHANDISE,2023,"  8,224,558.96 ","  916,433.84 ",21860,06,40,0640
M6002973,6002973,พรสยาม เทรดดิ้ง บจก. (M6002973),FOOD-MERCHANDISE,2023,"  510,984.99 ","  386,835.00 ",21611,04,11,0411
M6002994,6002994,เพ็ท ทรีทส์ บจก. (PET),FOOD-MERCHANDISE,2023,"  11,346,172.24 ","  11,346,172.24 ",21680,04,80,0480
M6003031,6003031,ฟู้ด อินโนวา เทรดดิ้ง แอนด์ เซอร์วิส บจก.,FOOD-MERCHANDISE,2023,"  81,898,163.52 ","  81,898,163.52 ",21680,04,80,0480
M6003093,6003093,อิ่มสุข ฟูดส์ แอนด์ โปรดักส์ บจก.,FOOD-MERCHANDISE,2023,"  329,016.17 ","  307,491.75 ",21760,05,60,0560
M6003102,6003102,ปิติยินดี บจก.,FOOD-MERCHANDISE,2023,"  137,780.00 ","  137,780.00 ",21740,05,40,0540
M6002964,6002964,ซิลลิค ฟาร์มา บจก. (Mega),FOOD-MERCHANDISE,2023,"  40,269,156.70 ","  30,166,260.47 ",21840,06,20,0620
M6002975,6002975,เจ ทีโอวาย อินเตอร์ฟู้ด บจก.,FOOD-MERCHANDISE,2023,"  53,575,093.65 ","  53,575,093.65 ",21730,05,30,0530
M6003006,6003006,อ๊อคต้าฟู้ดส์ บจก.,FOOD-MERCHANDISE,2023,"  1,986,884.97 ","  1,856,901.84 ",21630,04,30,0430
M6003017,6003017,อาซัน เซอร์วิส บจก.,FOOD-MERCHANDISE,2023,"  4,867,037.32 ","  4,548,633.00 ",21650,04,50,0450
M6003024,6003024,เกียรติทวีเอ็นเตอร์ไพร้ส์ บจก.,FOOD-MERCHANDISE,2023,"  2,433,141.48 ","  2,273,964.00 ",21840,06,20,0620
M6003031,6003031,ฟู้ด อินโนวา เทรดดิ้ง แอนด์ เซอร์วิส บจก.,FOOD-MERCHANDISE,2023,"  20,982,323.27 ","  19,609,647.80 ",21630,04,30,0430
M6003042,6003042,ดีเคเอสเอช (ประเทศไทย) บจก. (นมผงดีจี),FOOD-MERCHANDISE,2023,"  7,566.82 ","  486,537.74 ",21610,04,10,0410
M6003057,6003057,อัลฟ่า อินเตอร์พลัส บจก.,FOOD-MERCHANDISE,2023,  995.10 ,  930.00 ,21740,05,40,0540
M6003057,6003057,อัลฟ่า อินเตอร์พลัส บจก.,FOOD-MERCHANDISE,2023,"  21,297,773.92 ","  19,904,461.60 ",21750,05,50,0550
M6003271,6003271,เบทาโกรเกษตรอุตสาหกรรม บจก. (Mini),FOOD-MERCHANDISE,2023,"  43,130,329.61 ","  40,308,719.01 ",21740,05,40,0540
M6003275,6003275,เชอรี่ฟู้ด อินดัสตรี้ โดย นายศุภวิทย์ กำลูนเวสารัช,FOOD-MERCHANDISE,2023,"  7,687,134.93 ","  7,184,238.00 ",21760,05,60,0560
M6003282,6003282,ฟิช อีซี่ บจก.,FOOD-MERCHANDISE,2023,"  26,150,966.95 ","  26,150,966.95 ",21720,05,20,0520
M6003294,6003294,แคสป้า ฟาร์มาซูติคอล (ประเทศไทย) บจก.,FOOD-MERCHANDISE,2023,"  322,019.93 ","  182,924.00 ",21830,06,10,0610
M6003296,6003296,เฮงหลี คอมมิวนิตี้ บิสซิเนส บจก.,FOOD-MERCHANDISE,2023,"  5,999,208.95 ","  5,606,737.32 ",21610,04,10,0410
M6003299,6003299,ซิมเพิ้ล ฟู้ดส์ บจก.,FOOD-MERCHANDISE,2023,"  23,409,038.35 ","  21,877,605.90 ",21640,04,40,0440
M4302789,4302789,อาหารดีเพื่อชีวิต บจก.,FOOD-MERCHANDISE,2023,"  1,194,480.00 ","  1,194,480.00 ",21760,05,60,0560
M4303072,4303072,เอ็น ซี ไอ อินเตอร์มาร์ท บจก.,FOOD-MERCHANDISE,2023,"  327,203.66 ","  100,481.51 ",21631,04,31,0431
M4303244,4303244,ไอ.ซี.ซี.อินเตอร์เนชั่นแนล บมจ. (Lingerie  Wacoal Popline),NONFOOD-MERCHANDISE,2023,"  879,374.65 ","  821,845.46 ",21213,03,14,0314
M4400090,4400090,เฮอริเทจ มาร์เก็ตติ้ง บจก,FOOD-MERCHANDISE,2023,"  2,180,463.30 ","  945,829.99 ",21621,04,21,0421
M4400109,4400109,ฮาตาริ อิเลคทริค  บจก.,NONFOOD-MERCHANDISE,2023,"  470,608,828.40 ","  437,955,799.96 ",21510,01,10,0110
M5000993,5000993,มาลี เอ็นเตอร์ไพรส์ บจก. (TCT),TOWN CENTER,2023,"  13,931.40 ","  13,020.00 ",33032,09,,09
M6000608,6000608,โอลีน บจก. (M6000608),FOOD-MERCHANDISE,2023,"  7,780,567.86 ","  2,213,432.75 ",21631,04,31,0431
M6000615,6000615,ดีเคเอสเอช (ประเทศไทย) บจก. (Sensodyne),FOOD-MERCHANDISE,2023,"  12,299,151.71 ","  10,587,793.22 ",21840,06,20,0620
M6000634,6000634,ยูนิ-ชาร์ม (ประเทศไทย) บจก.,FOOD-MERCHANDISE,2023,"  1,347,409.32 ","  1,259,261.04 ",21840,06,20,0620
M6000692,6000692,จิตต์พานิช หจก.,FOOD-MERCHANDISE,2023,"  3,332,314.25 ","  3,114,312.34 ",21650,04,50,0450
M6002014,6002014,เอส.จี.ฟาร์อีสเทิร์น บจก.,FOOD-MERCHANDISE,2023,"  994,606.68 ","  901,074.68 ",21640,04,40,0440
M6002029,6002029,ซันไชน์ อินเตอร์เนชั่นแนล บจก.,FOOD-MERCHANDISE,2023,"  37,371,977.28 ","  34,927,081.53 ",21620,04,20,0420
M6002034,6002034,แอล เอช ไรซ์ อินเตอร์เนชั่นแนล บจก.,FOOD-MERCHANDISE,2023,"  8,327,016.00 ","  8,327,016.00 ",21630,04,30,0430
M6002035,6002035,โกลเบิล พรีเมี่ยม ไวน์ บจก.,FOOD-MERCHANDISE,2023,"  3,960,896.16 ","  3,701,772.12 ",21610,04,10,0410
M6002039,6002039,แวลู พลัส บจก.,FOOD-MERCHANDISE,2023,"  966,019.62 ","  899,042.04 ",21660,04,60,0460
M6002265,6002265,พี.ดี.เอ็น.คอมเมอร์เชียล บจก.,FOOD-MERCHANDISE,2023,"  177,307,049.59 ","  177,307,049.59 ",21710,05,10,0510
M6000761,6000761,บีริช (ประเทศไทย) บจก.,FOOD-MERCHANDISE,2023,"  1,772,457.30 ","  665,582.42 ",21830,06,10,0610
M6000761,6000761,บีริช (ประเทศไทย) บจก.,FOOD-MERCHANDISE,2023,"  2,713,580.57 ","  2,018,728.21 ",21850,06,30,0630
M6000802,6000802,อเมริกัน-ยูโรเปี้ยน โปรดักส์ บจก.,FOOD-MERCHANDISE,2023,"  6,388,788.10 ",  -   ,21730,05,30,0530
M6000809,6000809,ยูนิ-เพรสซิเดนท์ มาร์เก็ตติ้ง บจก.,FOOD-MERCHANDISE,2023,"  60,945,484.50 ","  56,958,396.62 ",21640,04,40,0440
M6000813,6000813,เฮลซ์เทรดดิ้ง(ประเทศไทย) บจก.,FOOD-MERCHANDISE,2023,"  507,716.07 ","  474,501.00 ",21630,04,30,0430
M6000814,6000814,พี.พี.พัฟ หจก.,FOOD-MERCHANDISE,2023,"  10,899,982.77 ","  10,186,899.60 ",21750,05,50,0550
M6000841,6000841,วรรณดี กรุ๊ป เบเกอรี่ บจก..,FOOD-MERCHANDISE,2023,"  2,446,116.30 ","  2,286,090.00 ",21740,05,40,0540
M6000310,6000310,ซิลลิค ฟาร์มา บจก. (แผนกยา),FOOD-MERCHANDISE,2023,"  4,316,299.56 ","  2,724,261.37 ",21850,06,30,0630
M6000351,6000351,เมดไลน์ บจก. (แผนกยา),FOOD-MERCHANDISE,2023,"  881,957.37 ","  819,426.23 ",21830,06,10,0610
M6000351,6000351,เมดไลน์ บจก. (แผนกยา),FOOD-MERCHANDISE,2023,"  119,150.22 ","  7,262.95 ",21840,06,20,0620
M6000451,6000451,ไชน่า อิมเม็กซ์ บจก.,FOOD-MERCHANDISE,2023,"  4,004,138.11 ","  3,742,185.15 ",21610,04,10,0410
M6000498,6000498,ฮูทามากิ(ประเทศไทย) บจก.,FOOD-MERCHANDISE,2023,"  5,536,690.36 ","  5,158,958.00 ",21740,05,40,0540
M6000519,6000519,เพอร์นอต ริคาร์ด (ประเทศไทย) บจก.,FOOD-MERCHANDISE,2023,"  142,891,021.74 ","  133,543,010.84 ",21650,04,50,0450
M6000540,6000540,บาคาร์ดี (ประเทศไทย) บจก. (Liquor),FOOD-MERCHANDISE,2023,"  25,347,080.16 ","  23,688,859.89 ",21650,04,50,0450
M6002677,6002677,บี.เอส.เอ อุบล กรีน พอร์ค หจก.,FOOD-MERCHANDISE,2023,"  101,915,526.85 ","  101,915,526.85 ",21710,05,10,0510
M6002709,6002709,ดีเคเอสเอช (ประเทศไทย) บจก. (Hada),FOOD-MERCHANDISE,2023,"  12,172,191.20 ","  11,348,823.52 ",21661,04,61,0461
M6002729,6002729,แนชเชอรัล แอนด์ พรีเมี่ยม ฟู๊ด บจก. (FF),FOOD-MERCHANDISE,2023,"  7,186,054.94 ","  7,160,667.20 ",21730,05,30,0530
M6002736,6002736,รักฮวกชัย บจก.,FOOD-MERCHANDISE,2023,"  654,485.41 ","  611,668.65 ",21790,05,70,0570
M6002749,6002749,ประยงค์สงวนรวมค้าร้อยเอ็ด หจก. (Beer),FOOD-MERCHANDISE,2023,"  2,059,213.05 ","  1,924,498.14 ",21650,04,50,0450
M6002791,6002791,ปารีส แบงคอก เบเกอรี่ บจก. (Hyper),FOOD-MERCHANDISE,2023,"  34,530,872.19 ","  32,271,843.00 ",21750,05,50,0550
M6000018,6000018,สุทัศน์  สิทธินามสุวรรณ,FOOD-MERCHANDISE,2023,"  24,877,553.20 ","  24,877,553.20 ",21710,05,10,0510
M6000052,6000052,ยาคอบส์ ดาวเออร์ เอ็กเบิร์กส์ ทีเอช บจก.,FOOD-MERCHANDISE,2023,"  275,521,241.09 ","  257,496,486.91 ",21610,04,10,0410
M6000129,6000129,โชติรสมาร์เก็ตติ้ง บจก.,FOOD-MERCHANDISE,2023,"  2,453,277.82 ","  2,292,783.38 ",21790,05,70,0570
M6000162,6000162,ที ไทย แสน็ค ฟู้ดส์  บจก.,FOOD-MERCHANDISE,2023,"  1,006,026.83 ","  940,212.00 ",21620,04,20,0420
M6000164,6000164,น้ำมันพืชไทย บมจ.,FOOD-MERCHANDISE,2023,"  68,796.77 ","  64,296.05 ",21631,04,31,0431
M6000291,6000291,ถ้วยทองโอสถ บจก.แผนกยา,FOOD-MERCHANDISE,2023,"  22,356.00 ","  20,893.46 ",21830,06,10,0610
M6000310,6000310,ซิลลิค ฟาร์มา บจก. (แผนกยา),FOOD-MERCHANDISE,2023,"  13,131,775.73 ","  7,086,612.85 ",21840,06,20,0620
M6000339,6000339,ไบโอฟาร์ม เคมิคัลส์ บจก. (แผนกยา),FOOD-MERCHANDISE,2023,"  5,660,677.28 ","  3,296,231.95 ",21840,06,20,0620
M6003114,6003114,ชูชีพ น่าน หจก.,FOOD-MERCHANDISE,2023,"  1,513,336.10 ","  1,414,332.76 ",21650,04,50,0450
M6003116,6003116,เบเกิลส์ (ไทยแลนด์) บจก.,FOOD-MERCHANDISE,2023,"  7,812,107.53 ","  7,301,035.00 ",21750,05,50,0550
M6003120,6003120,เคพี ดิสทริบิวเตอร์ ระยอง บจก.,FOOD-MERCHANDISE,2023,"  3,790,024.11 ","  3,558,640.04 ",21790,05,70,0570
M6003123,6003123,พี.ซี.แอล.อินเตอร์ บจก.,FOOD-MERCHANDISE,2023,"  2,734,002.30 ","  2,555,142.36 ",21660,04,60,0460
M6003135,6003135,โนโวไลฟ์ บจก.,FOOD-MERCHANDISE,2023,"  12,611,511.66 ","  9,941,507.50 ",21840,06,20,0620
M6003136,6003136,เพ็ท โฟกัส บจก. (Hyper),FOOD-MERCHANDISE,2023,"  10,027,916.33 ","  10,094,278.13 ",21680,04,80,0480
M6003145,6003145,วังวนฟู้ด บจก.,FOOD-MERCHANDISE,2023,"  28,950,804.57 ","  27,056,825.55 ",21760,05,60,0560
M6003151,6003151,ธรณ์ชลธิศ หจก.,FOOD-MERCHANDISE,2023,"  917,802.91 ","  857,914.85 ",21790,05,70,0570
M6003098,6003098,ยืนยงเอ็นเตอร์ไพรส์ บจก.,FOOD-MERCHANDISE,2023,"  20,574,649.08 ",  -   ,21730,05,30,0530
M6003104,6003104,ชิฟฟอน กรุ๊ป บจก.,FOOD-MERCHANDISE,2023,"  2,721,177.30 ","  2,543,156.35 ",21620,04,20,0420
M6003144,6003144,เอ็ม.ที.เอฟ. มาร์เก็ตติ้ง บจก.,FOOD-MERCHANDISE,2023, NULL ,"  18,469.80 ",21740,05,40,0540
M6003147,6003147,เรกคิทท์ เบนคีเซอร์ (ประเทศไทย) บจก. (Pharmacy),FOOD-MERCHANDISE,2023,"  49,739,077.32 ","  46,468,803.02 ",21840,06,20,0620
M6003164,6003164,น้ำแข็งหลอดบ้านดี บจก.,FOOD-MERCHANDISE,2023,"  589,822.52 ","  551,236.00 ",21790,05,70,0570
M6003171,6003171,เฮงหลี เวิลด์ วอลส์ บจก.,FOOD-MERCHANDISE,2023, NULL ,  -   ,21790,05,70,0570
M6002338,6002338,ซีโน-แปซิฟิค เทรดดิ้ง (ไทยแลนด์)  บจก. (M6002338),FOOD-MERCHANDISE,2023,"  2,638,277.08 ","  2,246,423.67 ",21610,04,10,0410
M6002338,6002338,ซีโน-แปซิฟิค เทรดดิ้ง (ไทยแลนด์)  บจก. (M6002338),FOOD-MERCHANDISE,2023,"  48,051,942.17 ","  44,887,179.69 ",21630,04,30,0430
M6002341,6002341,หยั่น หว่อ หยุ่น คอร์ปอเรชั่น กรุ๊ป บจก.,FOOD-MERCHANDISE,2023,"  9,350,844.06 ","  3,338,164.39 ",21631,04,31,0431
M6002341,6002341,หยั่น หว่อ หยุ่น คอร์ปอเรชั่น กรุ๊ป บจก.,FOOD-MERCHANDISE,2023,"  2,976,182.99 ","  2,771,159.04 ",21640,04,40,0440
M6002346,6002346,พี.โอ.แคร์ (ประเทศไทย) บจก.,FOOD-MERCHANDISE,2023,"  2,293,173.00 ","  2,143,152.24 ",21660,04,60,0460
M6002445,6002445,วี แคน เทคโนโลยี บจก.,FOOD-MERCHANDISE,2023,"  6,904,929.98 ","  6,415,396.06 ",21670,04,70,0470
M6002458,6002458,โรงงานเภสัชกรรมแหลมทองการแพทย์ บจก.,FOOD-MERCHANDISE,2023,"  (149,885.08)","  (40,959.50)",21850,06,30,0630
M6002483,6002483,เบอร์ลินฟาร์มาซูติคอลอินดัสตรี้ บจก.,FOOD-MERCHANDISE,2023,"  1,430,751.98 ","  1,194,255.95 ",21830,06,10,0610
M6000890,6000890,ตะวันพืชผล บจก.,FOOD-MERCHANDISE,2023,"  35,559,153.73 ","  35,226,618.00 ",21730,05,30,0530
M6000968,6000968,ซาน มิเกล มาร์เก็ตติ้ง (ประเทศไทย) บจก.,FOOD-MERCHANDISE,2023,"  18,890,048.70 ","  17,654,251.17 ",21650,04,50,0450
M6000999,6000999,ควิค ฟิช ฟูดส์ โปรดักส์ หจก.,FOOD-MERCHANDISE,2023,"  20,520,085.50 ","  19,177,650.00 ",21720,05,20,0520
M6001000,6001000,เจ.ที.แพ็ค ออฟ ฟู้ดส์ บจก.,FOOD-MERCHANDISE,2023,"  3,334,321.16 ","  3,116,188.00 ",21740,05,40,0540
M6001051,6001051,เจริญศรี ทวีผล หจก.,FOOD-MERCHANDISE,2023,"  44,863,404.06 ","  41,928,415.00 ",21760,05,60,0560
M6001105,6001105,ควอลิตี้เบเวอร์เรจ แอนด์ โปรโมชั่น หจก.,FOOD-MERCHANDISE,2023,"  993,655.06 ","  928,649.16 ",21640,04,40,0440
M6003186,6003186,ซี เนเชอรัล ฟาร์มาซูติคอล บจก.,FOOD-MERCHANDISE,2023,"  1,117,152.00 ","  1,044,067.29 ",21860,06,40,0640
M6003199,6003199,อำพรรัตน์ ขนรกุล,FOOD-MERCHANDISE,2023,"  130,080.00 ","  131,680.00 ",21790,05,70,0570
M6003200,6003200,เดอะ พี แอนด์ ที คอลเลคชั่น บจก.,FOOD-MERCHANDISE,2023,"  4,315,789.40 ","  4,033,448.12 ",21661,04,61,0461
M6003244,6003244,ยูโรเปี้ยน สแนค ฟู้ด บจก.,FOOD-MERCHANDISE,2023,"  13,804,941.69 ","  12,901,814.63 ",21620,04,20,0420
M6003255,6003255,ธาวินเฟรช หจก.,FOOD-MERCHANDISE,2023,"  124,276.70 ","  119,238.70 ",21750,05,50,0550
M6003270,6003270,เบทาโกรเกษตรอุตสาหกรรม บจก.,FOOD-MERCHANDISE,2023,"  5,886,276.00 ",  -   ,21730,05,30,0530
M6003188,6003188,แมคโครฟาร์แลบ บจก.,FOOD-MERCHANDISE,2023,"  268,320.01 ","  250,766.33 ",21840,06,20,0620
M6003192,6003192,วารีเทพสระแก้ว หจก.,FOOD-MERCHANDISE,2023,"  57,258.55 ","  53,512.50 ",21790,05,70,0570
M6003201,6003201,ชัยสิทธิ์ ฤทธา หจก.,FOOD-MERCHANDISE,2023,"  285,221.16 ","  269,100.00 ",21740,05,40,0540
M6003224,6003224,แอดวานซ์ เอนริชเชส บจก.,FOOD-MERCHANDISE,2023,"  1,943,921.82 ","  1,816,749.37 ",21850,06,30,0630
M6003240,6003240,บางกอก ฟายน์ ฟู๊ดส์ บจก.,FOOD-MERCHANDISE,2023,"  13,544,041.50 ","  12,657,982.69 ",21760,05,60,0560
M6003252,6003252,แม่เตี้ย ฟู๊ดโปรดักส์ บจก.,FOOD-MERCHANDISE,2023,"  7,617,201.60 ","  7,118,880.00 ",21720,05,20,0520
M6003265,6003265,พี.อาร์.ฟู้ดแลนด์ บจก. (โดนใจ),FOOD-MERCHANDISE,2023,"  2,311,562.05 ","  2,160,338.40 ",21620,04,20,0420
M6002513,6002513,ดีเคเอสเอช (ประเทศไทย) บจก. (Kraft Cheese&Philladelphia),FOOD-MERCHANDISE,2023,"  5,772,743.02 ","  5,395,086.91 ",21760,05,60,0560
M6002520,6002520,สยามซอร์บิทอล บจก.,FOOD-MERCHANDISE,2023,"  4,850,066.04 ","  4,532,772.00 ",21630,04,30,0430
M6002587,6002587,ดีเคเอสเอช (ประเทศไทย) บจก. (Vistra),FOOD-MERCHANDISE,2023,"  18,717,980.87 ","  16,039,310.93 ",21840,06,20,0620
M6003300,6003300,วรัชยา ติยะพิษณุไพศาล,FOOD-MERCHANDISE,2023,"  30,172.50 ","  30,172.50 ",21790,05,70,0570
M6003306,6003306,ธนารักษ์ อินเตอร์ฟู้ดส์ บจก. (FF),FOOD-MERCHANDISE,2023,"  3,369,501.58 ","  3,149,066.88 ",21720,05,20,0520
M6003310,6003310,พรีเซิร์ฟ ฟู้ด สเปเชียลตี้ บจก.,FOOD-MERCHANDISE,2023,"  7,451,577.92 ","  6,964,091.44 ",21610,04,10,0410
M6003318,6003318,ดีเคเอสเอช (ประเทศไทย) บจก. (กะทิอัมพวา),FOOD-MERCHANDISE,2023,"  3,015,332.69 ","  2,818,067.94 ",21630,04,30,0430
M6003339,6003339,เอ็น.พี.บิวตี้ โพรดักส์ หจก. (SME),FOOD-MERCHANDISE,2023,"  1,854,196.14 ","  1,732,893.64 ",21660,04,60,0460
M6003429,6003429,จีเอสบี อินเตอร์เนชั่นแนล บจก. (MM),FOOD-MERCHANDISE,2023,"  35,404,134.68 ","  33,087,975.50 ",21760,05,60,0560
M6003452,6003452,ห้างขายยาห้องยาเภสัช หจก.,FOOD-MERCHANDISE,2023,"  31,641.00 ","  25,710.00 ",21840,06,20,0620
M6001236,6001236,จอห์นสัน แอนด์ จอห์นสัน คอนซูเมอร์ (ประเทศไทย) บจก..,FOOD-MERCHANDISE,2023,"  17,034,989.98 ","  13,432,121.54 ",21672,04,72,0472
M6001279,6001279,หมูสุวรรณการค้า หจก.,FOOD-MERCHANDISE,2023,"  175,019,393.13 ","  175,031,230.03 ",21710,05,10,0510
M6001333,6001333,ซันฟู้ดส์ เทรดดิ้ง บจก.,FOOD-MERCHANDISE,2023,"  31,150,308.18 ","  29,112,437.57 ",21620,04,20,0420
M6001368,6001368,เกตุวานิชอุตสาหกรรม  บจก.,FOOD-MERCHANDISE,2023,"  11,345,967.56 ","  10,603,708.00 ",21750,05,50,0550
M6001393,6001393,เอ็นเค ฟู้ดส์ บจก.,FOOD-MERCHANDISE,2023,"  345,636.75 ","  323,025.00 ",21740,05,40,0540
M6001404,6001404,โกลบอล ฟู้ด โปรดักส์ บจก.,FOOD-MERCHANDISE,2023,"  7,810,871.72 ","  7,232,387.98 ",21640,04,40,0440
M6001425,6001425,บี บี เฟรชฟู้ดส์ บจก.,FOOD-MERCHANDISE,2023,"  5,359,026.38 ","  6,206,653.69 ",21760,05,60,0560
M6003289,6003289,เอ็นเอสบี กรุ๊ป บจก.,FOOD-MERCHANDISE,2023,"  789,672.84 ","  738,012.00 ",21661,04,61,0461
M6003303,6003303,เอ-พลัส ซัพพลาย บจก.,FOOD-MERCHANDISE,2023,"  85,739.34 ","  80,130.22 ",21850,06,30,0630
M6003326,6003326,บรันช์ไทม์ บจก.,FOOD-MERCHANDISE,2023,"  17,619,704.55 ","  16,467,013.62 ",21610,04,10,0410
M6003327,6003327,พรเพ็ญ แซ่โค้ว,FOOD-MERCHANDISE,2023,"  127,260.00 ","  127,560.00 ",21790,05,70,0570
M6003334,6003334,ฟู้ดแอนด์ดริ๊งส์ บมจ. (FF),FOOD-MERCHANDISE,2023,"  2,437,979.31 ","  2,278,485.30 ",21740,05,40,0540
M6003334,6003334,ฟู้ดแอนด์ดริ๊งส์ บมจ. (FF),FOOD-MERCHANDISE,2023,"  26,256,711.35 ","  24,538,982.42 ",21790,05,70,0570
M6003336,6003336,แจ๊กเจียอุตสาหกรรม(ไทย) บมจ. (Pharma),FOOD-MERCHANDISE,2023,"  15,007,785.17 ","  14,026,198.44 ",21840,06,20,0620
M6003443,6003443,ดีมาฟูดส์ บจก.,FOOD-MERCHANDISE,2023,"  1,067,404.58 ","  997,573.93 ",21740,05,40,0540
M6002593,6002593,สหพัฒนพิบูล บมจ. (M6002593),FOOD-MERCHANDISE,2023,"  363,330.27 ","  339,561.00 ",21661,04,61,0461
M6002598,6002598,ล่ำสูง (ประเทศไทย) บมจ. (M6002598),FOOD-MERCHANDISE,2023,"  4,483,677.39 ","  4,190,352.72 ",21630,04,30,0430
M6002599,6002599,ชุมชนเภสัชกรรม บมจ.,FOOD-MERCHANDISE,2023,"  1,007,566.31 ",  0.03 ,21630,04,30,0430
M6002640,6002640,มุกดา ว. บจก.,FOOD-MERCHANDISE,2023,"  390,308.87 ","  381,088.94 ",21790,05,70,0570
M6002652,6002652,รีเบิร์ท (ไทยแลนด์) บจก.,FOOD-MERCHANDISE,2023,"  744,582.35 ","  695,871.36 ",21661,04,61,0461
M6002659,6002659,ที.แมน ฟาร์มา บจก.,FOOD-MERCHANDISE,2023,"  34,556.16 ",  -   ,21630,04,30,0430
M6002681,6002681,เอส แอนด์ เอส มัลติโปรดักส์ บจก.,FOOD-MERCHANDISE,2023,"  2,055,962.20 ","  1,921,460.00 ",21750,05,50,0550
M6002684,6002684,เค วี เอ็น 2012 ดิสทริบิวเตอร์ หจก.,FOOD-MERCHANDISE,2023,"  1,286,895.75 ","  1,202,706.68 ",21790,05,70,0570
M6002687,6002687,ไทยนานาฮาชิ บจก.,FOOD-MERCHANDISE,2023,"  247,861.63 ","  231,646.38 ",21840,06,20,0620
M6002700,6002700,ไลฟ์ฟอร์ด (ประเทศไทย) บจก.,FOOD-MERCHANDISE,2023,"  3,230,829.69 ","  3,019,467.00 ",21661,04,61,0461
M6002703,6002703,สหกรณ์บริการถาวรพัฒนา จำกัด,FOOD-MERCHANDISE,2023,"  2,364,726.00 ","  2,364,726.00 ",21630,04,30,0430
M6000359,6000359,เชียงใหม่ วอลล์ บจก.,FOOD-MERCHANDISE,2023,"  2,831,720.49 ","  2,646,467.99 ",21790,05,70,0570
M6000502,6000502,อุดร วรพล หจก.,FOOD-MERCHANDISE,2023,"  3,000,654.39 ","  2,804,350.10 ",21790,05,70,0570
M6002833,6002833,ฮูทามากิ(ประเทศไทย) บจก. (Town Center),TOWN CENTER,2023,"  10,124,675.98 ","  9,462,314.00 ",33032,09,,09
M6002843,6002843,รำเพย ศักดิ์เมือง,FOOD-MERCHANDISE,2023,"  3,912,534.00 ","  3,912,534.00 ",21730,05,30,0530
M6002854,6002854,สหกรณ์การเกษตรเพื่อการตลาดลูกค้า ธ.ก.ส. ร้อยเอ็ด จำกัด,FOOD-MERCHANDISE,2023,"  2,834,880.00 ","  2,834,880.00 ",21630,04,30,0430
M6002930,6002930,พรสยาม เทรดดิ้ง บจก.,FOOD-MERCHANDISE,2023,"  1,097,338.50 ","  1,025,550.00 ",21760,05,60,0560
M6001437,6001437,จัสมิน (ฟู้ดส์) บจก.,FOOD-MERCHANDISE,2023,"  4,282,993.71 ","  4,002,797.87 ",21620,04,20,0420
M6001463,6001463,นิวเจริญฟาร์มาซูติคอล หจก.,FOOD-MERCHANDISE,2023,"  423,525.07 ","  352,579.93 ",21840,06,20,0620
M6001501,6001501,ฟาร์มาฮอฟ บจก.,FOOD-MERCHANDISE,2023,"  10,253,926.21 ","  6,308,644.73 ",21830,06,10,0610
M6001501,6001501,ฟาร์มาฮอฟ บจก.,FOOD-MERCHANDISE,2023,"  11,558,374.82 ","  4,169,054.97 ",21840,06,20,0620
M6001535,6001535,ฟาม่าฟู้ด บจก.,FOOD-MERCHANDISE,2023,"  1,187,321.11 ","  1,109,645.92 ",21750,05,50,0550
M6001552,6001552,สุราเสริมทรัพย์นครปฐม บจก.,FOOD-MERCHANDISE,2023,"  8,559,597.83 ","  7,999,624.11 ",21650,04,50,0450
M6001583,6001583,สหกรณ์การเกษตร เกษตรวิสัย จำกัด,FOOD-MERCHANDISE,2023,"  1,137,400.00 ","  1,137,400.00 ",21630,04,30,0430
M6001651,6001651,ดีเคเอสเอช (ประเทศไทย) บจก. (Fonterra),FOOD-MERCHANDISE,2023,"  (3,501,624.28)","  (3,501,624.28)",21610,04,10,0410
M6001657,6001657,บางกอกกรีน บจก.,FOOD-MERCHANDISE,2023,"  32,610.00 ","  32,610.00 ",21730,05,30,0530
M6001675,6001675,ยูเนียนเมดดิคอล (ประเทศไทย) บจก.,FOOD-MERCHANDISE,2023,"  306,518.79 ","  290,222.01 ",21830,06,10,0610
M6003461,6003461,ซันลีฟู้ดส์ บจก.,FOOD-MERCHANDISE,2023,"  3,039,510.70 ","  2,840,664.27 ",21730,05,30,0530
M6003462,6003462,บุญรอด เทรดดิ้ง บจก.,FOOD-MERCHANDISE,2023,"  34,949,578.40 ","  32,642,415.86 ",21620,04,20,0420
M6003466,6003466,เกรทเทสท์ เพ็ทแคร์ บจก.,FOOD-MERCHANDISE,2023,"  9,864,119.50 ","  9,875,394.40 ",21680,04,80,0480
M6003472,6003472,ดีซีเอช ออริกา (ประเทศไทย) บจก. (Pharma),FOOD-MERCHANDISE,2023,"  3,280,502.75 ","  2,995,308.71 ",21840,06,20,0620
M6003478,6003478,พี เอ็ม เจ เทรดดิ้ง บจก.,FOOD-MERCHANDISE,2023,"  10,015.20 ","  9,360.00 ",21760,05,60,0560
M6003488,6003488,บี ที ที (ไทยแลนด์) บจก.,FOOD-MERCHANDISE,2023,"  311,589.00 ","  311,589.00 ",21710,05,10,0510
M6003491,6003491,ราชสีมา เอ็น.ดี.พี. บจก.,FOOD-MERCHANDISE,2023,"  1,104,520.68 ","  1,032,666.48 ",21790,05,70,0570
M6003546,6003546,มูลนิธิโรงพยาบาลเจ้าพระยาอภัยภูเบศร ในพระอุปถัมภ์สมเด็จพระเจ้าภคินีเธอเจ้าฟ้าเพชรรัตนราชสุดา สิริโสภาพัณณวดี,FOOD-MERCHANDISE,2023,"  4,554,467.45 ","  2,992,410.63 ",21860,06,40,0640
M6003422,6003422,ธนพล แย้มเกษร (MM),FOOD-MERCHANDISE,2023,"  11,349,820.83 ","  11,349,820.83 ",21720,05,20,0520
M6003443,6003443,ดีมาฟูดส์ บจก.,FOOD-MERCHANDISE,2023,  747.60 ,  698.69 ,21310,02,10,0210
M6003449,6003449,เอสเค บุญทวี บจก.,FOOD-MERCHANDISE,2023,"  890,874.08 ","  851,576.82 ",21790,05,70,0570
M6003462,6003462,บุญรอด เทรดดิ้ง บจก.,FOOD-MERCHANDISE,2023,"  932,440,029.15 ","  871,408,926.12 ",21640,04,40,0440
M6003470,6003470,เนเจอร์ ไบโอเทค บจก.,FOOD-MERCHANDISE,2023,"  238,290.11 ","  222,701.04 ",21860,06,40,0640
M6003485,6003485,คอนเนค แอนด์ แกเธอร์ บจก.,FOOD-MERCHANDISE,2023,"  807,693.16 ","  773,240.00 ",21630,04,30,0430
M6003489,6003489,ภัทร ไอศกรีม บจก.,FOOD-MERCHANDISE,2023,"  675,596.20 ","  631,398.63 ",21790,05,70,0570
M6003503,6003503,เซนติเมนทัล (ประเทศไทย) บจก.,FOOD-MERCHANDISE,2023,"  370,115.71 ",  -   ,21630,04,30,0430
M6003511,6003511,คอสลุคส์ บจก.,FOOD-MERCHANDISE,2023,"  1,508,671.79 ","  1,409,973.64 ",21661,04,61,0461
M6003514,6003514,พี.พี.เอ็น. ฟู้ดส์ บจก.,FOOD-MERCHANDISE,2023,"  1,167,451.83 ","  1,091,076.48 ",21760,05,60,0560
M6003516,6003516,ดีเคเอสเอช (ประเทศไทย) บจก. (Mundi Pharma),FOOD-MERCHANDISE,2023,"  5,477,366.41 ","  5,054,739.57 ",21840,06,20,0620
M6003522,6003522,ไทยเพ็ทสแน็ค บจก.,FOOD-MERCHANDISE,2023,"  336,424.80 ","  309,360.00 ",21340,02,40,0240
M6003522,6003522,ไทยเพ็ทสแน็ค บจก.,FOOD-MERCHANDISE,2023,"  3,078,842.62 ","  3,079,238.32 ",21680,04,80,0480
M6003523,6003523,เฮง ดี เจริญ บจก.,FOOD-MERCHANDISE,2023,"  572,985.00 ","  554,999.40 ",21760,05,60,0560
M6003534,6003534,อภินันทวรรณ สินคณารักษ์,FOOD-MERCHANDISE,2023,"  1,708,926.00 ","  1,719,162.00 ",21760,05,60,0560
M6002938,6002938,ดีเคเอสเอช (ประเทศไทย) บจก. (J&J),FOOD-MERCHANDISE,2023,"  19,148,645.82 ","  16,707,197.23 ",21840,06,20,0620
M6002947,6002947,ดีเคเอสเอช (ประเทศไทย) บจก. (Medinova),FOOD-MERCHANDISE,2023,"  6,780,126.76 ","  2,461,663.18 ",21840,06,20,0620
M6002954,6002954,ดีทแฮล์ม เคลเลอร์ โลจิสติกส์ บจก. (British Dispensary),FOOD-MERCHANDISE,2023,  936.25 ,  875.00 ,21830,06,10,0610
M6002958,6002958,ซิลลิค ฟาร์มา บจก. (Pfizer),FOOD-MERCHANDISE,2023,"  2,377,613.53 ","  2,092,706.21 ",21830,06,10,0610
M6002979,6002979,ดีเคเอสเอช (ประเทศไทย) บจก. (โอสถสภา),FOOD-MERCHANDISE,2023,"  3,670,494.68 ","  3,320,131.44 ",21840,06,20,0620
M6003455,6003455,กวีวงศ์ โคมทอง,FOOD-MERCHANDISE,2023,"  13,140.00 ","  13,140.00 ",21790,05,70,0570
M6003472,6003472,ดีซีเอช ออริกา (ประเทศไทย) บจก. (Pharma),FOOD-MERCHANDISE,2023,"  874,786.10 ","  (19,358.46)",21830,06,10,0610
M6003485,6003485,คอนเนค แอนด์ แกเธอร์ บจก.,FOOD-MERCHANDISE,2023,"  127,959.16 ","  112,440.00 ",21620,04,20,0420
M6003485,6003485,คอนเนค แอนด์ แกเธอร์ บจก.,FOOD-MERCHANDISE,2023,"  954,540.58 ","  892,094.00 ",21760,05,60,0560
M6003521,6003521,ฟ้าสาง บจก.,FOOD-MERCHANDISE,2023,"  170,386.80 ","  159,240.00 ",21740,05,40,0540
M6003552,6003552,เอส บี ไอติม หจก.,FOOD-MERCHANDISE,2023,"  1,252,680.78 ","  1,171,289.17 ",21790,05,70,0570
M6003595,6003595,ดอกบัวฟู๊ดส์ บจก.,FOOD-MERCHANDISE,2023,"  23,856.72 ","  14,376.00 ",21760,05,60,0560
M6003606,6003606,ไทยยูเนี่ยน กรุ๊ป บมจ.,FOOD-MERCHANDISE,2023,"  47,261,950.61 ","  44,170,047.28 ",21630,04,30,0430
M6003620,6003620,น้ำแข็งบัวทอง 2532 บจก.,FOOD-MERCHANDISE,2023,"  158,876.50 ","  169,350.00 ",21790,05,70,0570
M6003623,6003623,นิว ไทย ที เบเกอรี่ หจก. (DF),FOOD-MERCHANDISE,2023,"  12,913,170.59 ","  12,068,383.73 ",21620,04,20,0420
M6003639,6003639,แม็กซ์โอเชี่ยน บจก.,FOOD-MERCHANDISE,2023,"  5,489,574.19 ","  5,130,443.14 ",21760,05,60,0560
M6003647,6003647,สรายุทธ ศรีสะกูล,FOOD-MERCHANDISE,2023,"  3,131,308.85 ","  3,131,308.85 ",21730,05,30,0530
M6003551,6003551,ครอสแม็กซ์ รีเทล บจก.,FOOD-MERCHANDISE,2023,"  33,810,411.80 ","  31,598,515.61 ",21760,05,60,0560
M6003554,6003554,บิ๊ก เอ. เอ็นเตอร์ไพรส์ หจก.,FOOD-MERCHANDISE,2023,"  423,055.51 ","  395,379.17 ",21790,05,70,0570
M6003591,6003591,เอที คอสเมติค (ประเทศไทย) บจก. (แทน 6003112),FOOD-MERCHANDISE,2023,"  215,440.86 ","  185,160.37 ",21670,04,70,0470
M6003595,6003595,ดอกบัวฟู๊ดส์ บจก.,FOOD-MERCHANDISE,2023,"  776,520.35 ","  725,719.96 ",21730,05,30,0530
M6003595,6003595,ดอกบัวฟู๊ดส์ บจก.,FOOD-MERCHANDISE,2023,"  17,873.28 ","  7,920.00 ",21740,05,40,0540
M6003603,6003603,เอฟบี ฟู้ด เซอร์วิส (2017) บจก. (แทน 6002686),FOOD-MERCHANDISE,2023,"  5,208,778.37 ","  5,208,778.37 ",21710,05,10,0510
M6001700,6001700,รุ่งพิทยานนท์ บจก.,FOOD-MERCHANDISE,2023,"  13,044,503.00 ","  13,044,503.00 ",21730,05,30,0530
M6001712,6001712,ส.เจริญเภสัชเทรดดิ้ง บจก.,FOOD-MERCHANDISE,2023,"  18,995,144.35 ","  17,357,962.14 ",21840,06,20,0620
M6001713,6001713,คลองโพธิ์เจริญพานิช หจก.,FOOD-MERCHANDISE,2023,"  45,539.16 ","  44,616.37 ",21790,05,70,0570
M6001716,6001716,มี้ด จอห์นสัน นิวทริชัน (ประเทศไทย) บจก.,FOOD-MERCHANDISE,2023,"  575,090,377.77 ","  537,467,642.79 ",21610,04,10,0410
M6001742,6001742,บางกอกตลาดข้าวไทย บจก. (SME),FOOD-MERCHANDISE,2023,"  2,073,861.25 ","  2,075,271.25 ",21740,05,40,0540
M6001771,6001771,อุตสาหกรรมอาหารไทย (1964)  บจก.,FOOD-MERCHANDISE,2023,"  123,872.40 ","  1,160.00 ",21631,04,31,0431
M6001774,6001774,ดีเอฟที (ประเทศไทย) บจก.,FOOD-MERCHANDISE,2023,"  44,127,724.15 ","  41,240,863.80 ",21660,04,60,0460
M6001815,6001815,ไทยเทปกาวอุตสาหกรรม บจก. (M6001815),FOOD-MERCHANDISE,2023,"  6,994,235.67 ","  6,397,160.82 ",21710,05,10,0510
M6001842,6001842,ผลิตภัณฑ์สมุนไพรไทย บจก.,FOOD-MERCHANDISE,2023,"  449,839.20 ","  275,046.96 ",21850,06,30,0630
M6003574,6003574,ที.เจ. เฮิร์บ บจก.,FOOD-MERCHANDISE,2023,"  46,204.15 ","  43,181.44 ",21840,06,20,0620
M6003583,6003583,ร้านสโนว์ไอซ์ โดย นายวิสิทธิ์ จรัสวุฒิเดช,FOOD-MERCHANDISE,2023,"  538,325.56 ","  507,667.97 ",21790,05,70,0570
M6003587,6003587,ติ่ง ฟง ฟู้ดส์ บจก.,FOOD-MERCHANDISE,2023,"  10,928,827.64 ","  10,213,857.60 ",21640,04,40,0440
M6003594,6003594,โกลเด้น คอสเมติก บจก.,FOOD-MERCHANDISE,2023,"  749,097.37 ","  700,091.00 ",21661,04,61,0461
M6003635,6003635,ยูนิคอร์ด บมจ.,FOOD-MERCHANDISE,2023,"  68,131,741.11 ","  63,674,524.54 ",21630,04,30,0430
M6003645,6003645,ลัคกี้ ยูเนี่ยน ฟู้ดส์ บจก.,FOOD-MERCHANDISE,2023,"  4,223,089.84 ","  3,946,812.91 ",21720,05,20,0520
M6003645,6003645,ลัคกี้ ยูเนี่ยน ฟู้ดส์ บจก.,FOOD-MERCHANDISE,2023,"  3,742,391.59 ","  3,497,562.12 ",21790,05,70,0570
M6003648,6003648,จิราพรฟู๊ด บจก.,FOOD-MERCHANDISE,2023,"  9,653,331.59 ","  9,021,805.20 ",21760,05,60,0560
M6003696,6003696,ยู สตาร์ (ประเทศไทย) บจก.,FOOD-MERCHANDISE,2023,"  1,418,369.01 ","  1,325,398.03 ",21661,04,61,0461
M6003711,6003711,ซินโนวา บจก. (Bolaven),FOOD-MERCHANDISE,2023,"  363,519.66 ","  346,469.00 ",21701,00,0,00000
M6003721,6003721,สวีท แอนด์ คูล เอเจนซี่ (1999) บจก.,FOOD-MERCHANDISE,2023,"  947,041.88 ","  885,523.35 ",21790,05,70,0570
M6002992,6002992,ชาลินี ลอยนุ้ย,FOOD-MERCHANDISE,2023,"  4,374,292.99 ","  4,374,292.99 ",21730,05,30,0530
M6002995,6002995,ศักดา วงษ์โกวิท,FOOD-MERCHANDISE,2023,"  4,151,440.00 ","  4,151,440.00 ",21860,06,40,0640
M6003010,6003010,ลิตเติ้ลฟาร์ม โกลเบิล บจก.,FOOD-MERCHANDISE,2023,"  17,144,261.30 ","  16,022,674.08 ",21750,05,50,0550
M6003012,6003012,เอเอ็นพีเอส แอนด์ อนันต์ไพศาล (2009) บจก.,FOOD-MERCHANDISE,2023,"  116,395.57 ","  23,350.75 ",21840,06,20,0620
M6003012,6003012,เอเอ็นพีเอส แอนด์ อนันต์ไพศาล (2009) บจก.,FOOD-MERCHANDISE,2023,"  301,416.89 ","  258,150.78 ",21860,06,40,0640
M6003055,6003055,จิสประพัจน์ หจก.,FOOD-MERCHANDISE,2023,"  209,333.09 ","  49,500.00 ",21860,06,40,0640
M6003068,6003068,การยาสูบแห่งประเทศไทย,FOOD-MERCHANDISE,2023,"  2,449,728,950.00 ","  2,277,417,964.27 ",21690,04,90,0490
M6003098,6003098,ยืนยงเอ็นเตอร์ไพรส์ บจก.,FOOD-MERCHANDISE,2023,"  1,688,085.03 ","  1,688,085.03 ",21710,05,10,0510
M6003110,6003110,โอสถสภา เบฟเวอเรจ บจก. (Peptine Sweet1),FOOD-MERCHANDISE,2023,"  1,565,419.30 ","  1,463,008.68 ",21620,04,20,0420
M6003679,6003679,คิงส์ วิช บจก. (แทน M6002810),FOOD-MERCHANDISE,2023,"  73,776,064.63 ","  68,947,964.20 ",21740,05,40,0540
M6003680,6003680,ครูยุ คอทเทจ บจก.,FOOD-MERCHANDISE,2023,"  759,559.83 ","  709,869.00 ",21760,05,60,0560
M6003684,6003684,วิสาหกิจชุมชนกลุ่มเกษตรพัฒนาแผนใหม่บุรีรัมย์,FOOD-MERCHANDISE,2023,"  10,348,735.00 ","  10,348,735.00 ",21730,05,30,0530
M6003698,6003698,กรุงเทพทิพโอสถ บจก.,FOOD-MERCHANDISE,2023,"  2,413,906.92 ","  2,255,987.78 ",21860,06,40,0640
M6003701,6003701,เอสเอ็น เฟรช บจก.,FOOD-MERCHANDISE,2023,"  160,353,628.02 ","  160,353,628.02 ",21730,05,30,0530
M6003701,6003701,เอสเอ็น เฟรช บจก.,FOOD-MERCHANDISE,2023,"  24,477,712.00 ","  24,477,712.00 ",21740,05,40,0540
M6003711,6003711,ซินโนวา บจก. (Bolaven),FOOD-MERCHANDISE,2023,"  19,521.08 ",  -   ,21730,05,30,0530
M6003640,6003640,ธาริกัน ฟู้ดส์ บจก.,FOOD-MERCHANDISE,2023,"  12,374,368.86 ","  11,564,830.54 ",21760,05,60,0560
M6003645,6003645,ลัคกี้ ยูเนี่ยน ฟู้ดส์ บจก.,FOOD-MERCHANDISE,2023,"  14,216,690.60 ","  13,286,626.68 ",21760,05,60,0560
M6003677,6003677,มิตรใหม่ฟู้ดส์ (ประเทศไทย) บจก.,FOOD-MERCHANDISE,2023,"  4,552,146.38 ","  4,254,342.40 ",21620,04,20,0420
M6003679,6003679,คิงส์ วิช บจก. (แทน M6002810),FOOD-MERCHANDISE,2023,"  6,502,814.93 ","  6,076,498.84 ",21760,05,60,0560
M6003723,6003723,ไอ.ซี.ซี. อินเตอร์เนชั่นแนล บมจ. (น้ำหอมปรับอากาศ),FOOD-MERCHANDISE,2023,"  7,934,404.78 ","  7,127,428.73 ",21670,04,70,0470
M6003724,6003724,เอส.เอ็น.ฟรุ๊ต บจก.,FOOD-MERCHANDISE,2023,"  13,442,195.00 ","  13,442,195.00 ",21730,05,30,0530
M6001907,6001907,สิงห์สกล (2009) บจก.,FOOD-MERCHANDISE,2023,"  8,059,583.83 ","  7,532,321.32 ",21650,04,50,0450
M6001910,6001910,บลูสไปซ์ บจก.,FOOD-MERCHANDISE,2023,"  21,306,504.73 ","  19,912,621.25 ",21630,04,30,0430
M6001958,6001958,แกลโลไทย บจก.,FOOD-MERCHANDISE,2023,"  161,497.24 ","  150,932.00 ",21750,05,50,0550
M6002002,6002002,ปาลิดา อิมพอร์ต เอ็กพอร์ต บจก. (M6002002),FOOD-MERCHANDISE,2023,"  670,690.68 ","  626,813.40 ",21630,04,30,0430
M6002006,6002006,ไดโช (ประเทศไทย) บจก.,FOOD-MERCHANDISE,2023,"  3,985,972.13 ","  3,724,668.90 ",21630,04,30,0430
M6002014,6002014,เอส.จี.ฟาร์อีสเทิร์น บจก.,FOOD-MERCHANDISE,2023,"  13,332,969.17 ","  12,428,464.41 ",21620,04,20,0420
M6002033,6002033,ซันยางอุตสาหกรรมอาหาร บจก. (M6002033),FOOD-MERCHANDISE,2023,"  23,472,840.44 ","  21,937,234.06 ",21620,04,20,0420
M6002727,6002727,สิงห์อรฉัตร บจก. (Beer),FOOD-MERCHANDISE,2023,"  3,874,111.13 ","  3,620,664.57 ",21650,04,50,0450
M6002733,6002733,โรจูคิส อินเตอร์เนชั่นแนล บมจ. (เวชสำอาง),FOOD-MERCHANDISE,2023,"  33,462,906.58 ","  30,957,570.12 ",21661,04,61,0461
M6002739,6002739,ไดอารี่ กรุ๊ป (2007) บจก. (M6002739),FOOD-MERCHANDISE,2023,"  2,284,007.91 ","  2,134,586.88 ",21660,04,60,0460
M6002792,6002792,ธวัชชัย แย้มยืนยง,FOOD-MERCHANDISE,2023,"  1,970.00 ","  1,970.00 ",21790,05,70,0570
M6002802,6002802,ดีเคเอสเอช (ประเทศไทย) บจก. (Tea tree),FOOD-MERCHANDISE,2023,"  2,419,264.91 ","  2,218,483.44 ",21661,04,61,0461
M6002853,6002853,แอดว๊านส์ คอสเมติคส์ บจก. (M6002853),FOOD-MERCHANDISE,2023,"  539,727.20 ","  504,417.96 ",21661,04,61,0461
M6002866,6002866,พิริยพูล อินเตอร์เนชั่นแนล บจก. (Hamper),FOOD-MERCHANDISE,2023,"  35,666,510.17 ","  33,333,187.00 ",21696,04,96,0496
M6003740,6003740,พีรกรสิน บจก.,FOOD-MERCHANDISE,2023,"  57,282.85 ","  53,535.37 ",21660,04,60,0460
M6003758,6003758,กรีนฟู้ดส์ เอเชีย บจก. (SME),FOOD-MERCHANDISE,2023,"  4,735,767.43 ","  4,425,950.82 ",21610,04,10,0410
M6003761,6003761,พัฒน์ธน มารีน แอนด์ ฟู๊ดส์ บจก.,FOOD-MERCHANDISE,2023,"  20,824,062.10 ","  19,461,740.20 ",21630,04,30,0430
M6003763,6003763,พัชรินทร์ เจริญพรสมบัติ,FOOD-MERCHANDISE,2023,"  462,250.00 ","  462,250.00 ",21730,05,30,0530
M6003773,6003773,พราวด์ทูเพรย์ อินเตอร์เทรด บจก.,FOOD-MERCHANDISE,2023,"  9,302,692.22 ","  8,694,104.81 ",21661,04,61,0461
M6003783,6003783,บุญทวี แอนด์ ฟรุทส์ บจก.,FOOD-MERCHANDISE,2023,"  19,336,637.70 ","  19,336,637.70 ",21730,05,30,0530
M6003785,6003785,กู๊ดดี้ เวิลด์ บจก.,FOOD-MERCHANDISE,2023,"  1,955,122.51 ","  1,827,217.36 ",21620,04,20,0420
M6003791,6003791,เจดีฟู้ด บมจ.,FOOD-MERCHANDISE,2023,"  1,706,116.98 ","  1,594,502.65 ",21620,04,20,0420
M6003121,6003121,เอส พี มาร์เก็ตติ้ง แอนด์ ดิสทริบิวชั่น บจก.,FOOD-MERCHANDISE,2023,"  2,116,063.62 ","  1,978,077.00 ",21760,05,60,0560
M6003135,6003135,โนโวไลฟ์ บจก.,FOOD-MERCHANDISE,2023,"  10,660,795.20 ","  1,128,984.00 ",21860,06,40,0640
M6003142,6003142,หนองคายศิริชัย หจก.,FOOD-MERCHANDISE,2023,"  1,247,638.69 ","  1,166,017.44 ",21790,05,70,0570
M6003143,6003143,ลีซัน วิชั่น บจก.,FOOD-MERCHANDISE,2023,"  130,993.42 ","  122,423.76 ",21850,06,30,0630
M6003148,6003148,โทฟุซัง บจก.,FOOD-MERCHANDISE,2023,"  23,171,471.24 ","  21,655,580.46 ",21760,05,60,0560
M6003152,6003152,น้ำดื่มเมืองตราด หจก.,FOOD-MERCHANDISE,2023,"  74,958.23 ","  70,054.40 ",21790,05,70,0570
M6003157,6003157,นามุ ไลฟ์ พลัส บจก.,FOOD-MERCHANDISE,2023,"  2,601,192.00 ","  2,431,020.54 ",21850,06,30,0630
M6003158,6003158,เค.พี.พราว เบเกอรี่ บจก.,FOOD-MERCHANDISE,2023,"  2,449,175.57 ","  2,288,949.06 ",21750,05,50,0550
M6003169,6003169,ลัคกี้ครีม บจก.,FOOD-MERCHANDISE,2023,"  114,142.67 ","  106,675.36 ",21790,05,70,0570
M6003730,6003730,ประหยัดธุรกิจ หจก.,FOOD-MERCHANDISE,2023,"  5,708.80 ","  5,335.35 ",21790,05,70,0570
M6003746,6003746,ดีเคเอสเอช (ประเทศไทย) บจก. (Sherwoodแทน 3700729),FOOD-MERCHANDISE,2023,"  59,850,801.16 ","  54,013,632.93 ",21670,04,70,0470
M6003753,6003753,ดอยคำผลิตภัณฑ์อาหาร บจก. (น้ำผึ้ง),FOOD-MERCHANDISE,2023,"  29,088,532.40 ","  28,606,966.88 ",21610,04,10,0410
M6003768,6003768,เค ซี แอล เทรดดิ้ง บจก.,FOOD-MERCHANDISE,2023,"  270,102.24 ","  252,432.00 ",21790,05,70,0570
M6003778,6003778,ฟรีซแลนด์ โปรดักส์ บจก.,FOOD-MERCHANDISE,2023,"  2,707,635.00 ","  2,538,600.00 ",21790,05,70,0570
M6003745,6003745,บุญส่งโอสถ บจก. (แทน 6002538),FOOD-MERCHANDISE,2023,"  7,113,196.18 ","  5,412,303.53 ",21840,06,20,0620
M6003749,6003749,บอส ฟาร์มาแคร์ บจก. (แทน 6003749),FOOD-MERCHANDISE,2023,"  6,741,137.63 ","  6,300,128.62 ",21840,06,20,0620
M6003753,6003753,ดอยคำผลิตภัณฑ์อาหาร บจก. (น้ำผึ้ง),FOOD-MERCHANDISE,2023,"  31,287,390.97 ","  29,224,838.88 ",21620,04,20,0420
M6003757,6003757,เอส.เอส.เทรนอินเตอร์โปรดักส์ หจก.,FOOD-MERCHANDISE,2023,"  381,002.05 ","  356,076.68 ",21760,05,60,0560
M6003759,6003759,ดี-กู๊ด บจก.,FOOD-MERCHANDISE,2023,"  7,511,892.77 ","  7,020,460.56 ",21610,04,10,0410
M6003771,6003771,เอส.ที.เบเกอรี่ บจก.,FOOD-MERCHANDISE,2023,"  25,211,530.08 ","  23,562,176.37 ",21750,05,50,0550
M6003785,6003785,กู๊ดดี้ เวิลด์ บจก.,FOOD-MERCHANDISE,2023,"  807,657.40 ","  754,820.00 ",21740,05,40,0540
M6003804,6003804,คิวบิก ฟู้ดส์ แอนด์ แคทเทอริ่ง บจก.,FOOD-MERCHANDISE,2023,"  8,642,523.97 ","  8,077,125.36 ",21750,05,50,0550
M6003813,6003813,สหแพทย์เภสัช บจก.,FOOD-MERCHANDISE,2023,"  304,008.40 ","  284,120.00 ",21840,06,20,0620
M6003822,6003822,สากล เบเวอเร็ดจ์ บจก.,FOOD-MERCHANDISE,2023,"  4,009,348.39 ","  3,747,054.60 ",21640,04,40,0440
M6003825,6003825,เวล อินดิเพนเดนท์ บจก.,FOOD-MERCHANDISE,2023,"  (189,013.54)","  (176,648.17)",21850,06,30,0630
M6003833,6003833,ชาระมิงค์ บจก. (Wawee),FOOD-MERCHANDISE,2023,"  286,000.00 ","  267,289.71 ",21701,00,0,00000
M6003844,6003844,เบญจมิตรบรรจุภัณฑ์ บจก.Wawee,FOOD-MERCHANDISE,2023,"  59,866.50 ","  55,950.00 ",21701,00,0,00000
M6002900,6002900,กรุงทองภาคใต้ หจก.,FOOD-MERCHANDISE,2023,"  1,607,849.13 ","  1,502,662.73 ",21650,04,50,0450
M6002901,6002901,ตั้งท่วนจี่น้ำทิพย์ หจก.,FOOD-MERCHANDISE,2023,"  1,365,477.23 ","  1,276,146.90 ",21650,04,50,0450
M6002912,6002912,แพค แอนด์ เซฟ บจก. (Credit),FOOD-MERCHANDISE,2023,"  3,802,148.70 ","  3,553,410.00 ",21750,05,50,0550
M6002916,6002916,เคซีจี คอร์ปอเรชั่น บมจ.,FOOD-MERCHANDISE,2023,"  13,489,937.76 ",  -   ,21730,05,30,0530
M6002933,6002933,เอราวัณอินเตอร์ฟูด บจก.,FOOD-MERCHANDISE,2023,"  526,850.88 ","  492,384.00 ",21760,05,60,0560
M6002938,6002938,ดีเคเอสเอช (ประเทศไทย) บจก. (J&J),FOOD-MERCHANDISE,2023,"  1,490,945.32 ","  181,019.68 ",21850,06,30,0630
M6002943,6002943,ดีเคเอสเอช (ประเทศไทย) บจก. (Bayer),FOOD-MERCHANDISE,2023,"  10,723,360.51 ","  10,021,832.26 ",21830,06,10,0610
M6002947,6002947,ดีเคเอสเอช (ประเทศไทย) บจก. (Medinova),FOOD-MERCHANDISE,2023,"  9,538,208.92 ","  7,778,108.50 ",21850,06,30,0630
M6000545,6000545,องค์การส่งเสริมกิจการโคนมแห่งประเทศไทย(อ.ส.ค.),FOOD-MERCHANDISE,2023,"  285,882,950.99 ","  282,896,389.24 ",21640,04,40,0440
M6000551,6000551,พีแอนด์ที สยาม บจก.,FOOD-MERCHANDISE,2023,"  13,232,851.89 ","  12,361,240.32 ",21660,04,60,0460
M6000554,6000554,ฟาร์เซ็นท์ เอ็นเตอร์ไพรส์ (ประเทศไทย) บจก.,FOOD-MERCHANDISE,2023,"  27,494,057.51 ","  25,695,380.92 ",21670,04,70,0470
M6000569,6000569,ซีพีเอฟ เทรดดิ้ง บจก.,FOOD-MERCHANDISE,2023,"  10,571,379.21 ","  9,942,760.36 ",21790,05,70,0570
M6000581,6000581,ดีเคเอสเอช (ประเทศไทย) บจก. (Ovaltine Cofectionaryn),FOOD-MERCHANDISE,2023,"  130,995,598.26 ","  122,375,096.32 ",21640,04,40,0440
M6000582,6000582,ดีเคเอสเอช (ประเทศไทย) บจก. (Gatsby),FOOD-MERCHANDISE,2023,"  3,535,110.40 ","  2,683,210.96 ",21672,04,72,0472
M6003868,6003868,ไอมาร์เก็ต (ไทยแลนด์) บจก. (IMPORT),FOOD-MERCHANDISE,2023,"  1,059,848.89 ","  1,038,897.72 ",21620,04,20,0420
M6003868,6003868,ไอมาร์เก็ต (ไทยแลนด์) บจก. (IMPORT),FOOD-MERCHANDISE,2023,"  1,181,846.64 ","  1,128,905.99 ",21640,04,40,0440
M6003952,6003952,ชายสี่ คอร์ปอเรชั่น บจก.,FOOD-MERCHANDISE,2023,"  1,243,314.04 ","  1,161,975.70 ",21760,05,60,0560
M6003959,6003959,ทอมมัส แอนด์ โค บจก.,FOOD-MERCHANDISE,2023,"  8,337,807.01 ","  7,792,342.99 ",21850,06,30,0630
M6000653,6000653,ดาริชกรีน บจก.,FOOD-MERCHANDISE,2023,"  3,101,538.00 ","  2,994,816.00 ",21760,05,60,0560
M6000695,6000695,มิตรราชสีมา เทรดดิ้ง บจก. (Soda),FOOD-MERCHANDISE,2023,"  20,336,959.75 ","  19,006,504.37 ",21650,04,50,0450
M6000699,6000699,ดั๊กเคน (ประเทศไทย) บจก.,FOOD-MERCHANDISE,2023,"  2,206,765.18 ","  2,062,397.03 ",21740,05,40,0540
M6000777,6000777,ไร่ธัญญะ บจก.,FOOD-MERCHANDISE,2023,"  50,882,893.11 ","  50,710,976.61 ",21630,04,30,0430
M6000805,6000805,บางกอก ดรัก บจก.,FOOD-MERCHANDISE,2023,"  1,013,990.24 ","  473,226.90 ",21850,06,30,0630
M6003823,6003823,ดีเคเอสเอช (ประเทศไทย) บจก. (Makado&RINBEE),FOOD-MERCHANDISE,2023,"  5,523,044.87 ","  5,161,723.97 ",21620,04,20,0420
M6003906,6003906,บุญรอด เทรดดิ้ง บจก. (NEW),FOOD-MERCHANDISE,2023,"  3,240,355.19 ","  3,027,309.60 ",21630,04,30,0430
M6003921,6003921,ซีโน-แปซิฟิค เทรดดิ้ง (ไทยแลนด์) บจก. (แทน 6001063),FOOD-MERCHANDISE,2023,"  9,345,368.16 ","  8,733,988.81 ",21760,05,60,0560
M6003922,6003922,กัสตรอนอมเม่อ บจก.,FOOD-MERCHANDISE,2023,"  2,612,253.87 ","  2,441,358.77 ",21720,05,20,0520
M6003932,6003932,ดีเคเอสเอช (ประเทศไทย) บจก. (Himalaya),FOOD-MERCHANDISE,2023,"  722,599.40 ","  675,326.55 ",21850,06,30,0630
M6002124,6002124,ร่วมมิตรฟาร์ม หจก.,FOOD-MERCHANDISE,2023,"  1,367,856.00 ","  1,366,022.01 ",21740,05,40,0540
M6002165,6002165,บังอร บุญปัญญาธนาชัย,FOOD-MERCHANDISE,2023,"  5,256,013.50 ","  5,205,902.04 ",21720,05,20,0520
M6002200,6002200,ยูเนี่ยนไทย-นิจิบัน บจก.,FOOD-MERCHANDISE,2023,"  2,345,763.14 ","  2,192,302.00 ",21750,05,50,0550
M6002305,6002305,สหกรณ์โคนมหนองโพราชบุรี  จำกัด(ในพระบรมราชูปถัมภ์),FOOD-MERCHANDISE,2023,"  203,989.93 ","  190,644.80 ",21620,04,20,0420
M6003207,6003207,เบสบาล์ม หจก.,FOOD-MERCHANDISE,2023,"  21,191,565.21 ","  19,805,201.12 ",21840,06,20,0620
M6003210,6003210,เจริญอุตสาหกรรม บมจ.,FOOD-MERCHANDISE,2023,"  1,780,798.86 ","  1,664,298.00 ",21630,04,30,0430
M6003226,6003226,ซีโน-แปซิฟิค เทรดดิ้ง (ไทยแลนด์)  บจก. (ไทยลอตเต้),FOOD-MERCHANDISE,2023,"  49,082,807.59 ","  45,871,782.81 ",21620,04,20,0420
M6003235,6003235,ปารดา ปรีชาชนะชัย,FOOD-MERCHANDISE,2023,"  895,960.00 ","  895,960.00 ",21790,05,70,0570
M6003255,6003255,ธาวินเฟรช หจก.,FOOD-MERCHANDISE,2023,"  4,263.80 ",  50.00 ,21740,05,40,0540
M6003257,6003257,ดีเคเอสเอช (ประเทศไทย) บจก. (Polident Stiefel),FOOD-MERCHANDISE,2023,"  626,568.47 ","  585,577.99 ",21850,06,30,0630
M6003258,6003258,ธนารักษ์ แสงรัตน์วัชรา,FOOD-MERCHANDISE,2023,"  320,474.34 ","  320,848.18 ",21790,05,70,0570
M6003802,6003802,อินเตอร์เนชั่นแนล เพ็ท ฟู้ด บจก.,FOOD-MERCHANDISE,2023,"  541,465.88 ",  -   ,21630,04,30,0430
M6003834,6003834,ชอบธรรม บจก. (Wawee),FOOD-MERCHANDISE,2023,"  16,371.00 ","  15,300.00 ",21701,00,0,00000
M6003861,6003861,วาย.เค.น้ำแข็งหลอด-น้ำดื่ม หจก.,FOOD-MERCHANDISE,2023,"  682,385.22 ","  638,761.01 ",21790,05,70,0570
M6003863,6003863,บุญกว้างพาณิชย์ หจก.,FOOD-MERCHANDISE,2023,"  101,671.39 ","  95,019.79 ",21790,05,70,0570
M6003876,6003876,แพน ราชเทวี กรุ๊ป บมจ. (Pure),FOOD-MERCHANDISE,2023,"  1,060,029.65 ","  672,989.95 ",21850,06,30,0630
M6003881,6003881,สหกรณ์ผู้เลี้ยงไก่ไข่ เชียงใหม่-ลำพูน จำกัด,FOOD-MERCHANDISE,2023,"  8,137,842.00 ","  8,137,842.00 ",21760,05,60,0560
M6003898,6003898,ศิริพงษ์เกียรติรุ่งเรือง หจก.,FOOD-MERCHANDISE,2023,"  287,985.27 ","  269,145.12 ",21760,05,60,0560
M6003939,6003939,เค เพาเวอร์ แมเนจเม้นท์ กรุ๊ป บจก. (Oral Herb),FOOD-MERCHANDISE,2023,"  2,184,130.22 ","  2,041,243.20 ",21660,04,60,0460
M6000985,6000985,มาเมซอง เนเจอร์ บจก.,FOOD-MERCHANDISE,2023,"  28,040,980.17 ","  26,206,523.48 ",21660,04,60,0460
M6000990,6000990,พาณิชยการแห่งประเทศไทย บจก. (PLM),FOOD-MERCHANDISE,2023,"  (33,131.38)","  (13,251.90)",21620,04,20,0420
M6001008,6001008,ลานนาเกษตรอุตสาหกรรม บจก.,FOOD-MERCHANDISE,2023,"  4,182,995.72 ","  3,909,341.80 ",21790,05,70,0570
M6001036,6001036,ประกอบ บีฟ โปรดักส์ บจก.,FOOD-MERCHANDISE,2023,"  6,815,880.10 ","  6,812,210.98 ",21790,05,70,0570
M6001061,6001061,องค์การเภสัชกรรม,FOOD-MERCHANDISE,2023,"  171,137.86 ","  170,972.20 ",21830,06,10,0610
M6001061,6001061,องค์การเภสัชกรรม,FOOD-MERCHANDISE,2023,"  92,854.25 ","  111,950.24 ",21840,06,20,0620
M6001073,6001073,ดีซีเอช ออริกา (ประเทศไทย) บจก. (HBA),FOOD-MERCHANDISE,2023,"  935,396.45 ","  876,085.63 ",21660,04,60,0460
M6001075,6001075,เจ.ดี.เอ.สไปร์ซีฟู๊ดส์ โดยน.ส.วัชราภรณ์ วัยพัฒน์,FOOD-MERCHANDISE,2023,"  389,126.00 ","  389,126.00 ",21740,05,40,0540
M6001124,6001124,ฟู้ดสตาร์ บจก.,FOOD-MERCHANDISE,2023,"  788,776.98 ","  737,174.80 ",21620,04,20,0420
M6001124,6001124,ฟู้ดสตาร์ บจก.,FOOD-MERCHANDISE,2023,"  21,958,300.08 ","  20,521,775.94 ",21640,04,40,0440
M6001138,6001138,ฮาร์โมนี ไลฟ์ อินเตอร์เนชั่นแนล บจก.,FOOD-MERCHANDISE,2023,"  1,639,719.13 ","  1,532,447.76 ",21630,04,30,0430
M6001168,6001168,ยูนิลีเวอร์ ไทย เทรดดิ้ง  บจก.,FOOD-MERCHANDISE,2023,"  525,081.31 ","  490,730.15 ",21610,04,10,0410
M6001168,6001168,ยูนิลีเวอร์ ไทย เทรดดิ้ง  บจก.,FOOD-MERCHANDISE,2023,"  5,800,836.54 ","  5,330,887.97 ",21630,04,30,0430
M6002964,6002964,ซิลลิค ฟาร์มา บจก. (Mega),FOOD-MERCHANDISE,2023,"  6,456,078.96 ","  339,898.88 ",21850,06,30,0630
M6003053,6003053,แบล็ค แซลมอล อินเตอร์เนชั่นแนล ฟู้ดส์ บจก.,FOOD-MERCHANDISE,2023,"  2,681,778.54 ","  2,506,335.20 ",21760,05,60,0560
M6003081,6003081,ซิลลิค ฟาร์มา บจก. (GALDERMA),FOOD-MERCHANDISE,2023,"  4,602,506.79 ","  2,883,037.78 ",21830,06,10,0610
M6003091,6003091,นิวเจน 2015 หจก.,FOOD-MERCHANDISE,2023,"  667,680.70 ","  624,000.76 ",21790,05,70,0570
M6003102,6003102,ปิติยินดี บจก.,FOOD-MERCHANDISE,2023,"  12,895,486.05 ","  12,895,486.05 ",21720,05,20,0520
M6003966,6003966,สุนทรี ฟู้ดส์ บจก.,FOOD-MERCHANDISE,2023,  (719.04),  (672.00),21760,05,60,0560
M6003974,6003974,ไทดี888 บจก.,FOOD-MERCHANDISE,2023,"  253,533.51 ","  236,947.20 ",21660,04,60,0460
M6003993,6003993,เล็ทเทอร์ พี 2010 บจก.,FOOD-MERCHANDISE,2023,"  32,453.10 ","  30,330.00 ",21790,05,70,0570
M6003994,6003994,ส้มหวาน ฟาร์ม บจก.,FOOD-MERCHANDISE,2023,"  39,702,728.00 ","  40,185,888.99 ",21730,05,30,0530
M6004004,6004004,ถนอม ฟาร์มา ดิสทริบิวชั่น บจก.,FOOD-MERCHANDISE,2023,"  2,516,021.21 ","  1,602,422.26 ",21830,06,10,0610
M6003933,6003933,เทสท์เมคเคอร์ บจก.,FOOD-MERCHANDISE,2023,"  693,970.51 ","  648,570.96 ",21630,04,30,0430
M6003946,6003946,คิง เฟรช ฟาร์ม บจก.,FOOD-MERCHANDISE,2023,"  9,238,663.22 ","  9,105,397.61 ",21730,05,30,0530
M6003953,6003953,ซูกิชิ อินเตอร์กรุ๊ป บจก.,FOOD-MERCHANDISE,2023,"  760,513.81 ","  702,265.84 ",21740,05,40,0540
M6003956,6003956,ซี.พี.ดี. ชีทบอร์ด บจก. (Wawee),FOOD-MERCHANDISE,2023,"  78,645.00 ","  73,500.00 ",21701,00,0,00000
M6003979,6003979,ที.ซี. กรีนไพน์ บจก.,FOOD-MERCHANDISE,2023, NULL ,  -   ,21620,04,20,0420
M6003980,6003980,ซิลลิค ฟาร์มา บจก. (Nanomed แทน 6003133),FOOD-MERCHANDISE,2023,"  52,125.65 ","  42,895.08 ",21850,06,30,0630
M6003982,6003982,อรุณณีย์ ไชยศรี,FOOD-MERCHANDISE,2023,"  107,100.00 ","  107,750.00 ",21790,05,70,0570
M6004003,6004003,พืชผลอารมณ์ดี บจก.,FOOD-MERCHANDISE,2023,"  15,645.00 ","  2,974.00 ",21740,05,40,0540
M6004005,6004005,ซิลลิค ฟาร์มา บจก. (เทวกรรมโอสถ),FOOD-MERCHANDISE,2023,"  7,233,199.71 ","  6,759,999.75 ",21840,06,20,0620
M6004032,6004032,ซีพีเอฟ เทรดดิ้ง บจก. (แทน 6003815),FOOD-MERCHANDISE,2023,"  1,282,256.25 ","  1,198,370.36 ",21760,05,60,0560
M6004041,6004041,ซีพีเอฟ เทรดดิ้ง บจก. (แทน 6003819),FOOD-MERCHANDISE,2023,"  8,049,946.02 ","  7,523,314.05 ",21740,05,40,0540
M6000567,6000567,ยูนิลีเวอร์ ไทย เทรดดิ้ง บจก. (DF),FOOD-MERCHANDISE,2023,"  3,336,483,463.47 ","  2,470,202,496.64 ",21660,04,60,0460
M6000567,6000567,ยูนิลีเวอร์ ไทย เทรดดิ้ง บจก. (DF),FOOD-MERCHANDISE,2023,"  3,028,469,813.54 ","  1,905,124,051.61 ",21670,04,70,0470
M6000572,6000572,ยูนิลีเวอร์ ไทย เทรดดิ้ง บจก. (FF),FOOD-MERCHANDISE,2023,"  58,330,164.42 ","  54,669,757.91 ",21790,05,70,0570
M6000588,6000588,ฟลาวเวอร์ ฟูด หจก.,FOOD-MERCHANDISE,2023,"  15,048,791.49 ","  14,064,291.02 ",21620,04,20,0420
M6000594,6000594,จิง จิง เฮียง เชียงใหม่ บจก.,FOOD-MERCHANDISE,2023,"  6,831,617.85 ","  6,385,755.00 ",21760,05,60,0560
M6000641,6000641,เมืองใต้พาณิชย์ หาดใหญ่ หจก.,FOOD-MERCHANDISE,2023,"  3,170,746.84 ","  2,963,314.64 ",21650,04,50,0450
M6004044,6004044,วุฒิเดช ฟู้ด บจก.,FOOD-MERCHANDISE,2023,"  954,763.34 ","  892,302.52 ",21790,05,70,0570
M6004045,6004045,วัลเล่ย์พลัส บจก.,FOOD-MERCHANDISE,2023,"  823,942.80 ","  707,634.00 ",21661,04,61,0461
M6004056,6004056,อินทผลัมภาคตะวันตก บจก.,FOOD-MERCHANDISE,2023,"  1,320.02 ","  1,233.66 ",21760,05,60,0560
M6004064,6004064,ชุมนุมสหกรณ์ การเกษตรภาคเหนือ จำกัด,FOOD-MERCHANDISE,2023,"  149,262,550.00 ","  149,262,550.00 ",21730,05,30,0530
M6004065,6004065,ดีเคเอสเอช (ประเทศไทย) บจก. (OXE CURE),FOOD-MERCHANDISE,2023,"  2,832,250.08 ","  2,646,962.70 ",21850,06,30,0630
M6004070,6004070,มัลติเทค ฟู้ด แมนูแฟคเจอริ่ง บจก. (Wawee),FOOD-MERCHANDISE,2023,"  243,459.24 ","  227,532.00 ",21701,00,0,00000
M6004071,6004071,"นิวซิตี้ (กรุงเทพฯ) บมจ. (ถุงน่อง,เครื่องสำอาง)",FOOD-MERCHANDISE,2023,"  3,745,478.39 ","  3,500,447.04 ",21660,04,60,0460
M6004076,6004076,คิสออฟบิวตี้ บจก. (โลชั่น),FOOD-MERCHANDISE,2023,"  2,245,524.87 ","  2,098,621.50 ",21660,04,60,0460
M6004098,6004098,ออล ไรซ์ พลัส บจก.,FOOD-MERCHANDISE,2023,"  95,165.39 ","  82,896.00 ",21620,04,20,0420
M6003985,6003985,ไบเออร์สด๊อรฟ (ประเทศไทย) บจก.,FOOD-MERCHANDISE,2023,"  241,287,673.07 ","  162,918,743.50 ",21661,04,61,0461
M6003990,6003990,แหลมทองฟู้ดมาร์เก็ตติ้ง บจก. (FF),FOOD-MERCHANDISE,2023,"  207,043,904.20 ","  209,625,968.20 ",21710,05,10,0510
M6004008,6004008,พี.เอส.ซัพพลาย 2018 บจก.,FOOD-MERCHANDISE,2023,"  445,241.46 ","  418,799.47 ",21790,05,70,0570
M6004016,6004016,โอวีวา คอร์ป บจก.,FOOD-MERCHANDISE,2023,"  6,502,327.64 ","  6,104,390.34 ",21610,04,10,0410
M6004030,6004030,ซีพีเอฟ เทรดดิ้ง บจก. (แทน 6003311),FOOD-MERCHANDISE,2023,"  6,361,372.35 ","  6,361,372.35 ",21760,05,60,0560
M6004031,6004031,ซีพีเอฟ เทรดดิ้ง บจก. (แทน 6003814),FOOD-MERCHANDISE,2023,"  513,944.12 ","  480,321.60 ",21790,05,70,0570
M6002334,6002334,รสอมฤต บจก.,FOOD-MERCHANDISE,2023,"  2,039,854.89 ","  1,906,397.55 ",21790,05,70,0570
M6002341,6002341,หยั่น หว่อ หยุ่น คอร์ปอเรชั่น กรุ๊ป บจก.,FOOD-MERCHANDISE,2023,"  408,920.68 ","  382,168.95 ",21740,05,40,0540
M6002351,6002351,ลีโอ เมดดิคอล บจก.,FOOD-MERCHANDISE,2023,"  5,293,420.86 ","  5,105,319.55 ",21840,06,20,0620
M6002354,6002354,ตรีรัตน์หล่มสัก หจก. (M6002354),FOOD-MERCHANDISE,2023,"  1,251,281.72 ","  1,169,422.17 ",21650,04,50,0450
M6002360,6002360,เค ซี ซี พี 2011 กรุ๊ป บจก. (สปาคลีน),FOOD-MERCHANDISE,2023,"  (1,236.50)","  (1,155.60)",21310,02,10,0210
M6002370,6002370,ที.โอ.เคมีคอลส์ (1979) บจก. (M6002370),FOOD-MERCHANDISE,2023,"  52,878.33 ",  -   ,21630,04,30,0430
M6002370,6002370,ที.โอ.เคมีคอลส์ (1979) บจก. (M6002370),FOOD-MERCHANDISE,2023,"  316,357.20 ","  173,592.00 ",21850,06,30,0630
M6002381,6002381,ไอ-ติม วอลล์ ลำพูน บจก.,FOOD-MERCHANDISE,2023,"  737,353.41 ","  689,951.20 ",21790,05,70,0570
M6002382,6002382,เวียงเจ็ดริน บจก.,FOOD-MERCHANDISE,2023,"  1,394.11 ",  (0.01),21730,05,30,0530
M6004061,6004061,ดีเคเอสเอช (ประเทศไทย) บจก. (UTT INTER),FOOD-MERCHANDISE,2023,"  109,781.84 ","  67,897.60 ",21660,04,60,0460
M6004065,6004065,ดีเคเอสเอช (ประเทศไทย) บจก. (OXE CURE),FOOD-MERCHANDISE,2023,"  143,294.40 ","  133,920.00 ",21661,04,61,0461
M6004069,6004069,สกลชลทิต 2018 หจก.,FOOD-MERCHANDISE,2023,"  13,000.50 ","  12,645.00 ",21790,05,70,0570
M6004082,6004082,คิงส์ วิช บจก. (อาหารพร้อมทาน),FOOD-MERCHANDISE,2023,"  673,192.03 ","  648,677.75 ",21790,05,70,0570
M6004084,6004084,เค.เอส.ไอซ์ 2539 บจก.,FOOD-MERCHANDISE,2023,"  157,129.50 ","  146,850.00 ",21790,05,70,0570
M6004092,6004092,นครพนมไอศกรีม บจก.,FOOD-MERCHANDISE,2023,"  347,638.76 ","  326,766.83 ",21790,05,70,0570
M6004096,6004096,ขายยาเพ็ญภาค บจก. (Beverage),FOOD-MERCHANDISE,2023,"  2,003,959.90 ","  1,872,859.71 ",21640,04,40,0440
M6004103,6004103,หนองคายเพาเวอร์ดริ๊งก์ บจก.,FOOD-MERCHANDISE,2023,"  8,697,119.30 ","  8,128,148.88 ",21640,04,40,0440
M6004106,6004106,แพร่ปฐพี หจก.,FOOD-MERCHANDISE,2023,"  2,086,891.49 ","  2,033,836.79 ",21790,05,70,0570
M6004102,6004102,ตังกุยจั๊บเบฟเวอเรจ บจก.,FOOD-MERCHANDISE,2023,"  11,674,875.37 ","  10,911,098.40 ",21640,04,40,0440
M6004129,6004129,ละมุน เบบี้ บจก.,FOOD-MERCHANDISE,2023,"  90,606.43 ","  59,370.27 ",21672,04,72,0472
M6004130,6004130,ดีเคเอสเอช (ประเทศไทย) บจก. (Blue Brand&Best Food),FOOD-MERCHANDISE,2023,"  6,264,469.16 ","  5,854,644.05 ",21610,04,10,0410
M6004135,6004135,ไทซีซั่นฟรุ๊ต เซ็นเตอร์ บจก.,FOOD-MERCHANDISE,2023,"  2,428,549.00 ","  2,428,549.00 ",21730,05,30,0530
M6004142,6004142,ดีเคเอสเอช (ประเทศไทย) บจก. (Aura),FOOD-MERCHANDISE,2023,"  117,928,100.86 ","  110,213,178.28 ",21640,04,40,0440
M6004150,6004150,สหไทยพัฒนภัณฑ์ บจก. (Skincare),FOOD-MERCHANDISE,2023,"  724,353.60 ","  676,966.00 ",21661,04,61,0461
M6004154,6004154,ซีพีเอฟ เทรดดิ้ง บจก. (Remit 6004032),FOOD-MERCHANDISE,2023,"  2,713.35 ","  2,535.84 ",21840,06,20,0620
M6004161,6004161,โรงงานโขงน้ำแข็งหลอด,FOOD-MERCHANDISE,2023,"  80,800.00 ","  80,800.00 ",21790,05,70,0570
M6004170,6004170,เซ็น ซัพพลาย เชน แมเนจเม้นท์ บจก.,FOOD-MERCHANDISE,2023,"  174,391.08 ","  162,982.32 ",21720,05,20,0520
M6000732,6000732,แบริ่ง เพ็ทแคร์ (ประเทศไทย) บจก.,FOOD-MERCHANDISE,2023,"  44,952.90 ","  42,012.00 ",21340,02,40,0240
M6000805,6000805,บางกอก ดรัก บจก.,FOOD-MERCHANDISE,2023,"  2,030,292.62 ","  712,952.71 ",21840,06,20,0620
M6000810,6000810,วีรยุทธ กนกรัตนนุกูล,FOOD-MERCHANDISE,2023,"  6,650,440.00 ","  6,650,440.00 ",21720,05,20,0520
M6000823,6000823,สิงห์ฉะเชิงเทรา บจก.,FOOD-MERCHANDISE,2023,"  3,840,704.96 ","  3,589,443.78 ",21650,04,50,0450
M6000833,6000833,เอเชี่ยนซี คอร์ปอเรชั่น บมจ.,FOOD-MERCHANDISE,2023,"  110,424.00 ","  103,200.00 ",21740,05,40,0540
M6004040,6004040,อุดมทรัพย์ดิสทริบิวเตอร์ บจก.,FOOD-MERCHANDISE,2023,"  956,652.06 ","  927,314.90 ",21790,05,70,0570
M6004055,6004055,แพนด้า แพลน ดี บจก.,FOOD-MERCHANDISE,2023,"  1,335,353.58 ","  1,247,994.00 ",21790,05,70,0570
M6004062,6004062,ซิลลิค ฟาร์มา บจก. (Yuuu&Interpharma),FOOD-MERCHANDISE,2023,"  2,051,808.46 ","  1,543,026.69 ",21840,06,20,0620
M6004062,6004062,ซิลลิค ฟาร์มา บจก. (Yuuu&Interpharma),FOOD-MERCHANDISE,2023,"  168,667.10 ","  98,745.60 ",21850,06,30,0630
M6003115,6003115,บิ๊กโฮม นิวทรีชั่น หจก.,FOOD-MERCHANDISE,2023,"  549,936.81 ","  518,048.62 ",21790,05,70,0570
M6003137,6003137,สระบุรีวารีเทพ บจก.,FOOD-MERCHANDISE,2023,"  785,650.00 ","  787,365.00 ",21790,05,70,0570
M6003143,6003143,ลีซัน วิชั่น บจก.,FOOD-MERCHANDISE,2023,"  216,998.57 ","  202,802.40 ",21840,06,20,0620
M6003172,6003172,ซีโน-แปซิฟิค เทรดดิ้ง (ไทยแลนด์)  บจก. (Voice),FOOD-MERCHANDISE,2023,"  35,846,104.99 ","  33,501,032.59 ",21620,04,20,0420
M6003178,6003178,ยูเนียน อินต้า บจก. (FF),FOOD-MERCHANDISE,2023,"  444,086.38 ","  479,968.00 ",21740,05,40,0540
M6003190,6003190,โกลบอล เมดดิคัล (ประเทศไทย) บจก. (Pure),FOOD-MERCHANDISE,2023,"  18,258,781.06 ","  17,064,281.27 ",21661,04,61,0461
M6003196,6003196,ไพบูลย์ โปรดักส์ บจก.,FOOD-MERCHANDISE,2023,"  10,287,693.68 ","  9,614,666.96 ",21620,04,20,0420
M6004131,6004131,ผึ้งหลวง อัศวิน บจก.,FOOD-MERCHANDISE,2023,"  278,876.77 ","  260,632.50 ",21640,04,40,0440
M6004163,6004163,ถกลศรีฟาร์ม บจก.,FOOD-MERCHANDISE,2023,"  139,902.22 ","  130,749.62 ",21790,05,70,0570
M6004168,6004168,ไอ เอสทีบี บจก.,FOOD-MERCHANDISE,2023,"  315,458.81 ","  294,821.28 ",21650,04,50,0450
M6004169,6004169,อาร์บี ไฮยีน โฮม (ประเทศไทย) บจก.,FOOD-MERCHANDISE,2023, NULL ,  -   ,21672,04,72,0472
M6004182,6004182,มิซึฮาดะ กรุ๊ป บจก.,FOOD-MERCHANDISE,2023,"  9,643,658.45 ","  8,984,334.55 ",21661,04,61,0461
M6004184,6004184,คาโอ อินดัสเตรียล (ประเทศไทย) บจก. (Remit 0400415),FOOD-MERCHANDISE,2023,"  8,413,084.87 ","  354,126.36 ",21671,04,71,0471
M6001192,6001192,ซี.วาย.บอสส์ ฟู้ด บจก.,FOOD-MERCHANDISE,2023,"  3,131,554.02 ","  3,056,219.94 ",21650,04,50,0450
M6001208,6001208,เอเซียแปซิฟิค คอสเมติกส์ คอร์ปอเรชั่น บจก.,FOOD-MERCHANDISE,2023,"  11,590,524.18 ","  10,832,265.54 ",21661,04,61,0461
M6001248,6001248,สารจินดาพงศ์ หจก.,FOOD-MERCHANDISE,2023,"  177,370.52 ","  165,766.91 ",21790,05,70,0570
M6001351,6001351,มาลี เอ็นเตอร์ไพรส์ บจก. (FF),FOOD-MERCHANDISE,2023,"  40,199,373.58 ","  39,555,383.75 ",21760,05,60,0560
M6000839,6000839,ซันซอส อุตสาหกรรมอาหาร บจก.,FOOD-MERCHANDISE,2023,"  9,418,056.77 ","  8,801,922.21 ",21740,05,40,0540
M6000852,6000852,ขนมเปี๊ยะ แต้เซ่งเฮง บจก.,FOOD-MERCHANDISE,2023,"  80,731.50 ","  75,450.00 ",21750,05,50,0550
M6000973,6000973,สุรินทร์สินไทย หจก. (Liquor),FOOD-MERCHANDISE,2023,"  2,926,566.84 ","  2,735,109.12 ",21650,04,50,0450
M6001000,6001000,เจ.ที.แพ็ค ออฟ ฟู้ดส์ บจก.,FOOD-MERCHANDISE,2023,"  800,231.00 ","  800,231.00 ",21730,05,30,0530
M6001001,6001001,ณัชชนาฟูดส์ หจก.,FOOD-MERCHANDISE,2023,"  3,626,570.02 ","  3,389,317.83 ",21630,04,30,0430
M6001024,6001024,เดอเบล บจก.,FOOD-MERCHANDISE,2023,"  349,509,945.69 ","  326,644,808.79 ",21640,04,40,0440
M6001073,6001073,ดีซีเอช ออริกา (ประเทศไทย) บจก. (HBA),FOOD-MERCHANDISE,2023,"  21,441,920.58 ","  20,039,178.11 ",21672,04,72,0472
M6001164,6001164,ยูนิลีเวอร์ ไทย เทรดดิ้ง บจก.,FOOD-MERCHANDISE,2023,"  3,134,872.84 ","  896,802.34 ",21631,04,31,0431
M6002512,6002512,ดีเคเอสเอช (ประเทศไทย) บจก. (Kraft Biscuit),FOOD-MERCHANDISE,2023,"  660,140.53 ","  585,227.19 ",21610,04,10,0410
M6002516,6002516,พีทูเอ็น บิซซิเนส หจก.,FOOD-MERCHANDISE,2023,"  2,550,333.63 ","  2,383,489.99 ",21790,05,70,0570
M6002547,6002547,พรีเมียร์ มาร์เก็ตติ้ง บมจ. (Begen),FOOD-MERCHANDISE,2023,"  15,802,377.15 ","  14,743,150.68 ",21630,04,30,0430
M6004175,6004175,บี ฟาร์ม 1973 บจก.,FOOD-MERCHANDISE,2023,"  863,656.62 ","  817,599.91 ",21610,04,10,0410
M6004184,6004184,คาโอ อินดัสเตรียล (ประเทศไทย) บจก. (Remit 0400415),FOOD-MERCHANDISE,2023,"  44,538,158.33 ","  38,172,091.98 ",21660,04,60,0460
M6004184,6004184,คาโอ อินดัสเตรียล (ประเทศไทย) บจก. (Remit 0400415),FOOD-MERCHANDISE,2023,"  243,161,753.07 ","  218,709,057.12 ",21672,04,72,0472
M6004185,6004185,สิงห์ สามารถ เทรดดิ้ง บจก.,FOOD-MERCHANDISE,2023,"  1,716,302.65 ","  1,604,021.16 ",21650,04,50,0450
M6004193,6004193,น้ำแข็ง-น้ำดื่ม สากล (1980) บจก. (FF),FOOD-MERCHANDISE,2023,"  93,041.85 ","  87,635.00 ",21790,05,70,0570
M6004196,6004196,มิตรภาพ15 หจก.,FOOD-MERCHANDISE,2023,  800.00 ,  0.06 ,21730,05,30,0530
M6004202,6004202,เลิศอมรธุรกิจ หจก. (สนญ.),FOOD-MERCHANDISE,2023,"  406,646.06 ","  394,023.37 ",21790,05,70,0570
M6004211,6004211,เตียหงี่เฮียง (เจ้าสัว) บจก. (Credit),FOOD-MERCHANDISE,2023,"  50,868,828.95 ","  47,540,961.31 ",21760,05,60,0560
M6004223,6004223,บ้านไทยธรรมชาติ หจก.,FOOD-MERCHANDISE,2023,"  688,450.40 ","  607,902.66 ",21661,04,61,0461
M6004225,6004225,วาสนาเมล่อนฟาร์ม บจก.,FOOD-MERCHANDISE,2023,"  35,960,269.00 ","  35,960,269.00 ",21730,05,30,0530
M6004231,6004231,กล้า เนเจอร์ บจก.,FOOD-MERCHANDISE,2023,"  342,992.90 ","  314,157.31 ",21661,04,61,0461
M6004105,6004105,รณกร วรวรรโณทัย,FOOD-MERCHANDISE,2023, NULL ,"  3,200.00 ",21790,05,70,0570
M6004122,6004122,บีบี แลนด์ 1998 บจก.,FOOD-MERCHANDISE,2023,"  10,411,795.00 ","  10,411,795.00 ",21730,05,30,0530
M6004127,6004127,ซีโน-แปซิฟิค เทรดดิ้ง (ไทยแลนด์) บจก. (ซัมยัง),FOOD-MERCHANDISE,2023,"  1,632,604.49 ","  1,460,556.91 ",21620,04,20,0420
M6004143,6004143,ฟอร์แคร์ บจก. (NEW),FOOD-MERCHANDISE,2023,"  143,373.81 ","  133,994.25 ",21640,04,40,0440
M6004146,6004146,คอนเซ็ปต์ วอเตอร์ บจก.,FOOD-MERCHANDISE,2023,"  266,870.19 ","  293,820.80 ",21640,04,40,0440
M6004169,6004169,อาร์บี ไฮยีน โฮม (ประเทศไทย) บจก.,FOOD-MERCHANDISE,2023,"  96,977,604.70 ","  90,630,411.76 ",21670,04,70,0470
M6004183,6004183,อำนาจ ไอซ์ หจก.,FOOD-MERCHANDISE,2023,"  48,541.11 ","  54,130.00 ",21790,05,70,0570
M6001425,6001425,บี บี เฟรชฟู้ดส์ บจก.,FOOD-MERCHANDISE,2023,"  1,614,582.92 ",  -   ,21730,05,30,0530
M6001490,6001490,พันธ์เชษฐ์ 2549 หจก.,FOOD-MERCHANDISE,2023,"  232,920.72 ","  217,682.89 ",21850,06,30,0630
M6001502,6001502,ธันยพรสมุนไพร บจก.,FOOD-MERCHANDISE,2023,"  523,314.54 ","  429,200.28 ",21661,04,61,0461
M6001512,6001512,แมนดอมคอร์ปอเรชั่น (ประเทศไทย) บจก.,FOOD-MERCHANDISE,2023,"  89,459.27 ","  83,606.76 ",21660,04,60,0460
M6004217,6004217,แมสมาร์เกตติ้ง บจก. (Puricars),FOOD-MERCHANDISE,2023,"  (6,004.82)","  (5,611.99)",21850,06,30,0630
M6004218,6004218,มีตังค์ใบแต้วรุ่งเรืองทรัพย์ บจก.,FOOD-MERCHANDISE,2023,"  2,297,484.26 ","  2,147,181.47 ",21661,04,61,0461
M6004221,6004221,ชีวาดี โปรดักส์ บจก. (NEW),FOOD-MERCHANDISE,2023,"  148,766.74 ","  139,034.28 ",21630,04,30,0430
M6004242,6004242,ฮอว์ลี่ย์ แอนด์ ฮาเซล เคมิคอล (ประเทศไทย) บจก.,FOOD-MERCHANDISE,2023,"  163,182,162.20 ","  152,506,693.48 ",21660,04,60,0460
M6004244,6004244,เซาท์เทิร์นแดรี่ บจก.,FOOD-MERCHANDISE,2023,"  47,066,190.15 ","  46,258,416.25 ",21760,05,60,0560
M6004259,6004259,ริทชนกฟู้ด บจก.,FOOD-MERCHANDISE,2023,"  778,060.67 ","  727,159.67 ",21790,05,70,0570
M6004250,6004250,มิตรภาพอุตสาหกรรมนครราชสีมา บจก.,FOOD-MERCHANDISE,2023,"  13,019.20 ","  12,460.00 ",21790,05,70,0570
M6004254,6004254,เล็ก เฮง เจริญ บจก.,FOOD-MERCHANDISE,2023,"  8,627.02 ","  8,062.68 ",21790,05,70,0570
M6004256,6004256,บี บี ฟู้ด แอนด์ เบฟเวอร์เลจ บจก.,FOOD-MERCHANDISE,2023,"  2,064,082.34 ","  1,939,682.01 ",21790,05,70,0570
M6004279,6004279,อินโนเวชั่น พาวเวอร์ กรุ๊ป บจก.,FOOD-MERCHANDISE,2023,"  697,852.07 ","  652,198.19 ",21620,04,20,0420
M6004281,6004281,สกิน ลาบอราทอรี่ บจก.,FOOD-MERCHANDISE,2023,"  320,764.52 ","  299,779.92 ",21661,04,61,0461
M6004292,6004292,เทพา บจก. (SME),FOOD-MERCHANDISE,2023,"  110,870.60 ","  103,617.36 ",21630,04,30,0430
M6004304,6004304,ยันฮี วิตามิน วอเตอร์ บจก.,FOOD-MERCHANDISE,2023,"  4,791,905.71 ","  3,086,479.68 ",21850,06,30,0630
M6001536,6001536,มาลี เอ็นเตอร์ไพรส์ บจก.,FOOD-MERCHANDISE,2023,"  9,057,020.88 ","  8,464,505.58 ",21760,05,60,0560
M6001541,6001541,ส.ขอนแก่นฟู้ดส์ บมจ.,FOOD-MERCHANDISE,2023,"  16,727,599.07 ","  15,633,270.01 ",21760,05,60,0560
M6001569,6001569,ดีทแฮล์ม เคลเลอร์ โลจิสติกส์ บจก.(รวม),FOOD-MERCHANDISE,2023,"  3,704,344.85 ","  3,110,017.67 ",21830,06,10,0610
M6001571,6001571,พิพัฒน์วัฒนา หจก.,FOOD-MERCHANDISE,2023,"  5,651,866.18 ","  5,282,117.77 ",21650,04,50,0450
M6001649,6001649,โนวัส อินเตอร์เทรด บจก.,FOOD-MERCHANDISE,2023,"  910,864.23 ","  851,274.96 ",21660,04,60,0460
M6001651,6001651,ดีเคเอสเอช (ประเทศไทย) บจก. (Fonterra),FOOD-MERCHANDISE,2023,"  38,418,318.92 ","  35,904,970.93 ",21760,05,60,0560
M6004302,6004302,สุขสวัสดิ์ธำรง บจก.,FOOD-MERCHANDISE,2023,"  4,302,693.20 ","  4,021,208.66 ",21740,05,40,0540
M6004304,6004304,ยันฮี วิตามิน วอเตอร์ บจก.,FOOD-MERCHANDISE,2023,"  3,460,827.27 ","  3,234,418.08 ",21640,04,40,0440
M6004304,6004304,ยันฮี วิตามิน วอเตอร์ บจก.,FOOD-MERCHANDISE,2023,"  2,685,296.88 ","  631,363.68 ",21860,06,40,0640
M6004306,6004306,สยามนกไทย54 บจก.,FOOD-MERCHANDISE,2023,"  3,707,164.80 ","  3,464,640.00 ",21660,04,60,0460
M6004318,6004318,ที.พี.เอส เคมีคอล บจก.,FOOD-MERCHANDISE,2023,"  169,150.42 ","  172,743.83 ",21790,05,70,0570
M6004326,6004326,เค.เค.เอส.แอนด์ เอส ซัพพลาย หจก.,FOOD-MERCHANDISE,2023,"  336,276.78 ","  314,277.40 ",21790,05,70,0570
M6004345,6004345,เซนต์ บิวตี้ คอสเมติก (ประเทศไทย) บจก. (Credit),FOOD-MERCHANDISE,2023,"  418,199.69 ","  305,970.24 ",21661,04,61,0461
M6004347,6004347,โชวารี บจก.,FOOD-MERCHANDISE,2023,"  1,181,043.52 ","  1,103,777.16 ",21610,04,10,0410
M6004205,6004205,เลิศอมรธุรกิจ หจก. (สาขาที่ 1),FOOD-MERCHANDISE,2023,"  514,342.62 ","  480,694.21 ",21790,05,70,0570
M6004209,6004209,บี.อี.ฟู้ดส์ บจก.,FOOD-MERCHANDISE,2023,  (135.36),  (126.50),21760,05,60,0560
M6004210,6004210,นำเชา (ประเทศไทย) บจก. (New),FOOD-MERCHANDISE,2023,"  7,654,251.77 ","  7,148,580.20 ",21610,04,10,0410
M6004232,6004232,น้ำตาล สหมิตร บจก.,FOOD-MERCHANDISE,2023,"  125,036,950.32 ","  116,856,962.90 ",21650,04,50,0450
M6002575,6002575,แมสมาร์เกตติ้ง บจก. (M6002575),FOOD-MERCHANDISE,2023,"  69,124,470.96 ","  48,347,814.61 ",21661,04,61,0461
M6002579,6002579,วรรณดี กรุ๊ป เบเกอรี่ บจก. (M6002579),FOOD-MERCHANDISE,2023,"  7,241,827.17 ","  6,768,062.10 ",21750,05,50,0550
M6002583,6002583,เฮ็ลธ์ฟู้ดส์ คอร์ปอเรชั่น บจก.,FOOD-MERCHANDISE,2023,"  14,450,848.54 ","  13,505,465.92 ",21740,05,40,0540
M6002592,6002592,ไบ่ ลี่ เอ็นเตอร์ไพร์ส บจก.,FOOD-MERCHANDISE,2023,"  48,581,582.85 ","  45,403,348.36 ",21620,04,20,0420
M6002593,6002593,สหพัฒนพิบูล บมจ. (M6002593),FOOD-MERCHANDISE,2023,"  4,678,281.71 ","  675,923.79 ",21662,04,62,0462
M6002594,6002594,ไทย เฮ ฮา บจก.,FOOD-MERCHANDISE,2023,"  11,520.00 ",  -   ,21730,05,30,0530
M6002602,6002602,ล็อกซเล่ย์ เทรดดิ้ง บจก. (M6002602),FOOD-MERCHANDISE,2023,"  11,688,209.59 ","  10,911,027.51 ",21630,04,30,0430
M6002621,6002621,ไทโยเฮลตี้ หจก.,FOOD-MERCHANDISE,2023,"  1,394,493.55 ","  1,303,265.00 ",21740,05,40,0540
M6002634,6002634,ลาวัณย์ ลัดคุ่ย,FOOD-MERCHANDISE,2023,"  19,660,612.60 ","  20,337,809.18 ",21730,05,30,0530
M6002634,6002634,ลาวัณย์ ลัดคุ่ย,FOOD-MERCHANDISE,2023,"  531,300.00 ","  531,300.00 ",21750,05,50,0550
M6004319,6004319,อาร์แอนด์วี ดิสทริบิวเตอร์ หจก.,FOOD-MERCHANDISE,2023,"  2,516,547.99 ","  2,370,550.20 ",21790,05,70,0570
M6004328,6004328,ที แอนด์ โอ ฟู้ด บจก.,FOOD-MERCHANDISE,2023,"  388,403.85 ","  362,994.36 ",21790,05,70,0570
M6004329,6004329,อู้เต๋อ ไอศกรีม หจก.,FOOD-MERCHANDISE,2023,"  4,449,294.97 ","  4,158,220.26 ",21790,05,70,0570
M6004335,6004335,เส้นดี 99 บจก.,FOOD-MERCHANDISE,2023,"  1,196,590.31 ","  1,118,308.50 ",21760,05,60,0560
M6004339,6004339,มิลเลี่ยนบั๊กส์ (2424) บจก.,FOOD-MERCHANDISE,2023,"  22,175.20 ","  20,724.48 ",21660,04,60,0460
M6004382,6004382,ม้ามังกร (DRAGON HORSE),FOOD-MERCHANDISE,2023,"  43,330,143.33 ","  43,330,143.33 ",21730,05,30,0530
M6004383,6004383,ซุปเปอร์ เอ้กซ์ บจก.,FOOD-MERCHANDISE,2023,"  772,861.00 ","  722,300.00 ",21790,05,70,0570
M6004385,6004385,เจนเนอรัล เบฟเวอร์เรจ บจก. (New),FOOD-MERCHANDISE,2023,"  27,670,215.25 ","  25,860,014.18 ",21640,04,40,0440
M6003205,6003205,กู๊ดดี้ ซีฟู้ด บจก.,FOOD-MERCHANDISE,2023,"  2,594,849.86 ","  2,594,849.86 ",21720,05,20,0520
M6003206,6003206,ระย่อมเทรดดิ้ง บจก.,FOOD-MERCHANDISE,2023,"  1,910,522.09 ","  1,785,534.64 ",21650,04,50,0450
M6003207,6003207,เบสบาล์ม หจก.,FOOD-MERCHANDISE,2023,"  67,410.00 ","  63,000.00 ",21850,06,30,0630
M6003210,6003210,เจริญอุตสาหกรรม บมจ.,FOOD-MERCHANDISE,2023,"  484,651.89 ","  452,945.69 ",21620,04,20,0420
M6003222,6003222,ไทยเทปกาวอุตสาหกรรม บจก. (DF),FOOD-MERCHANDISE,2023,"  1,152,820.14 ","  1,077,402.00 ",21840,06,20,0620
M6003236,6003236,อุลตร้า มีล บจก.,FOOD-MERCHANDISE,2023,"  5,423,796.00 ","  5,423,796.00 ",21740,05,40,0540
M6003248,6003248,เอเซียติค อุตสาหกรรมเกษตร บจก.,FOOD-MERCHANDISE,2023,"  4,798,564.36 ","  4,475,969.61 ",21640,04,40,0440
M6003272,6003272,เบทาโกรเกษตรอุตสาหกรรม บจก. (แทน 6002668),FOOD-MERCHANDISE,2023,"  11,786,050.00 ","  11,015,000.00 ",21750,05,50,0550
M6003274,6003274,ธนารักษ์ อินเตอร์ฟู้ดส์ บจก.,FOOD-MERCHANDISE,2023,"  14,405,663.08 ","  13,463,236.70 ",21620,04,20,0420
M6003276,6003276,เบทาโกรเกษตรอุตสาหกรรม บจก. (แทน 6002663),FOOD-MERCHANDISE,2023,"  73,616,693.25 ","  69,083,168.23 ",21760,05,60,0560
M6001684,6001684,เกษราพร หจก.,FOOD-MERCHANDISE,2023,"  2,290,008.74 ","  2,140,195.00 ",21740,05,40,0540
M6001709,6001709,มาลีธารทิพย์ บจก.,FOOD-MERCHANDISE,2023,"  8,504,038.50 ","  7,947,699.48 ",21650,04,50,0450
M6001714,6001714,วรรณดี กรุ๊ป เบเกอรี่ บจก.,FOOD-MERCHANDISE,2023,"  61,183,836.69 ","  57,181,155.70 ",21750,05,50,0550
M6001718,6001718,แสงไทยเมดิคอล บจก.,FOOD-MERCHANDISE,2023,"  504,771.04 ","  376,764.62 ",21830,06,10,0610
M6001727,6001727,พีทีเอ็น กัวร์เม มาร์เก็ตติ้ง บจก.,FOOD-MERCHANDISE,2023,"  5,813,148.24 ","  5,749,488.00 ",21790,05,70,0570
M6001762,6001762,อายิโนะโมะโต๊ะ เซลส์ (ประเทศไทย) บจก.,FOOD-MERCHANDISE,2023,"  1,718,760.00 ","  1,606,317.76 ",21740,05,40,0540
M6001785,6001785,เซ็ปเป้ บมจ.,FOOD-MERCHANDISE,2023,"  5,096,227.55 ","  4,389,748.52 ",21610,04,10,0410
M6001785,6001785,เซ็ปเป้ บมจ.,FOOD-MERCHANDISE,2023,"  3,093,212.11 ","  2,604,030.24 ",21850,06,30,0630
M6001787,6001787,เพอร์เฟค คอมพาเนียน กรุ๊ป บจก.,FOOD-MERCHANDISE,2023,"  46,738.80 ",  -   ,21630,04,30,0430
M6004369,6004369,ดีเคเอสเอช (ประเทศไทย) บจก. (Centrum&Caltrate),FOOD-MERCHANDISE,2023,"  8,804,682.24 ","  8,226,299.09 ",21840,06,20,0620
M6004379,6004379,ดอกอ้อ บุญไตรย์,FOOD-MERCHANDISE,2023,"  4,086,896.80 ","  4,086,896.80 ",21730,05,30,0530
M6004380,6004380,เอสนูวา บจก.,FOOD-MERCHANDISE,2023,"  419,782.87 ","  392,320.42 ",21850,06,30,0630
M6004393,6004393,กนกพร ฤกษ์ยาม,FOOD-MERCHANDISE,2023,"  3,262,666.17 ","  3,262,666.17 ",21720,05,20,0520
M6004397,6004397,เจริญไอศกรีม หจก.,FOOD-MERCHANDISE,2023,"  746,507.33 ","  697,670.65 ",21790,05,70,0570
M6004399,6004399,เบรด มาร์เก็ตติ้ง หจก. (Coffee),FOOD-MERCHANDISE,2023,"  422,948.85 ","  395,279.65 ",21701,00,0,00000
M6004402,6004402,ณัฐรินทร์ ศิลาสุขเกษมศิริ (TLKK),FOOD-MERCHANDISE,2023,"  36,760.00 ","  36,760.00 ",33421,00,0,00000
M6004396,6004396,จานิฟ ฟู้ด แอนด์ เบฟเวอเรจ บจก. (TLKK),FOOD-MERCHANDISE,2023,"  35,524.00 ","  33,200.00 ",33421,00,0,00000
M6004410,6004410,โกเบ-ย่า โชกุฮิน โคเงียว บจก.,FOOD-MERCHANDISE,2023,"  337,685.58 ","  313,800.00 ",21610,04,10,0410
M6004410,6004410,โกเบ-ย่า โชกุฮิน โคเงียว บจก.,FOOD-MERCHANDISE,2023,"  1,634,328.70 ","  1,525,098.00 ",21630,04,30,0430
M6004426,6004426,นิน่าอุตสาหกรรม บจก.,FOOD-MERCHANDISE,2023,"  (381,310.33)","  (356,364.80)",21850,06,30,0630
M6004431,6004431,โกดังขนม บจก.,FOOD-MERCHANDISE,2023,"  76,832.00 ","  76,832.00 ",21701,00,0,00000
M6004434,6004434,นูทริชั่น โปรเฟส บจก. (Pure),FOOD-MERCHANDISE,2023,"  293,876.52 ","  274,650.96 ",21840,06,20,0620
M6004438,6004438,มั๊กมั๊ก บจก.,FOOD-MERCHANDISE,2023,"  598,126.82 ","  558,997.04 ",21650,04,50,0450
M6004442,6004442,เมเจอร์ ซีนีเพล็กซ์ กรุ้ป บมจ. (DF),FOOD-MERCHANDISE,2023,"  1,418,833.34 ","  1,326,012.49 ",21620,04,20,0420
M6004456,6004456,พีซีอาร์ สแน็กแอนด์ฟู้ด บจก.,FOOD-MERCHANDISE,2023,"  67,724.41 ","  63,293.87 ",21620,04,20,0420
M6001168,6001168,ยูนิลีเวอร์ ไทย เทรดดิ้ง  บจก.,FOOD-MERCHANDISE,2023,"  741,522.84 ","  693,012.00 ",21740,05,40,0540
M6001236,6001236,จอห์นสัน แอนด์ จอห์นสัน คอนซูเมอร์ (ประเทศไทย) บจก..,FOOD-MERCHANDISE,2023,"  232,895,632.83 ","  214,189,758.91 ",21660,04,60,0460
M6001237,6001237,สกินโค (ประเทศไทย) บจก.,FOOD-MERCHANDISE,2023,"  2,208,912.42 ","  2,041,342.92 ",21661,04,61,0461
M6001279,6001279,หมูสุวรรณการค้า หจก.,FOOD-MERCHANDISE,2023,  -   ,  -   ,21720,05,20,0520
M6001348,6001348,อาร์. เอ็ม. เทรดดิ้ง บจก.,FOOD-MERCHANDISE,2023,"  115,560.00 ","  108,000.00 ",21750,05,50,0550
M6001377,6001377,อินเตอร์แอ็ดว้านซ์ฟูด บจก.,FOOD-MERCHANDISE,2023,"  20,876,774.26 ","  19,511,204.54 ",21760,05,60,0560
M6001393,6001393,เอ็นเค ฟู้ดส์ บจก.,FOOD-MERCHANDISE,2023,"  3,178,596.57 ","  2,970,651.00 ",21730,05,30,0530
M6001404,6001404,โกลบอล ฟู้ด โปรดักส์ บจก.,FOOD-MERCHANDISE,2023,"  38,780.90 ","  36,243.83 ",21790,05,70,0570
M6001881,6001881,สุขสมบูรณ์น้ำมันพืช บจก.,FOOD-MERCHANDISE,2023,"  137,423,015.46 ","  128,347,097.62 ",21630,04,30,0430
M6001897,6001897,อุตสาหกรรมนมไทย บจก.,FOOD-MERCHANDISE,2023,"  12,041,576.90 ","  11,253,810.18 ",21760,05,60,0560
M6001911,6001911,มูลนิธิแม่ฟ้าหลวงในพระบรมราชูปถัมภ์,FOOD-MERCHANDISE,2023,"  3,654,722.40 ","  3,654,722.40 ",21620,04,20,0420
M6001922,6001922,ที.ซี.ฟาร์มา-เคม บจก.,FOOD-MERCHANDISE,2023,"  431,026.83 ","  144,076.45 ",21830,06,10,0610
M6001929,6001929,น้ำตาลครบุรี บมจ.,FOOD-MERCHANDISE,2023,"  71,823,149.63 ","  67,124,438.99 ",21630,04,30,0430
M6001944,6001944,กาญจนา เฟรช พอร์ค บจก.,FOOD-MERCHANDISE,2023,"  9,678,969.95 ","  9,678,969.95 ",21790,05,70,0570
M6001952,6001952,เพนส์ มาร์เก็ตติ้ง แอนด์ ดิสทริบิวชั่น บจก. (M6001952),FOOD-MERCHANDISE,2023,"  3,004,404.99 ","  2,807,855.10 ",21640,04,40,0440
M6001967,6001967,เรนโบว์ ฟู้ดส์แอนด์แมททีเรียล ซัพพลาย บจก.,FOOD-MERCHANDISE,2023,"  4,169,951.55 ","  3,930,295.00 ",21750,05,50,0550
M6003270,6003270,เบทาโกรเกษตรอุตสาหกรรม บจก.,FOOD-MERCHANDISE,2023,"  102,200,120.62 ","  95,639,497.48 ",21740,05,40,0540
M6003277,6003277,เถลิงศักดิ์ รัตนะคุณชัย,FOOD-MERCHANDISE,2023,"  222,000.00 ","  222,000.00 ",21790,05,70,0570
M6003287,6003287,ซีโน-แปซิฟิค เทรดดิ้ง (ไทยแลนด์)  บจก. (Pharma),FOOD-MERCHANDISE,2023,"  56,113,657.46 ","  52,321,642.36 ",21840,06,20,0620
M6003309,6003309,โนวา ออร์แกนิค บมจ.,FOOD-MERCHANDISE,2023,"  19,167,980.86 ","  17,914,000.81 ",21840,06,20,0620
M6003317,6003317,สหนนท์ อินเตอร์ ฟู้ดส์ บจก.,FOOD-MERCHANDISE,2023,"  5,362,484.76 ","  4,993,208.00 ",21710,05,10,0510
M6003317,6003317,สหนนท์ อินเตอร์ ฟู้ดส์ บจก.,FOOD-MERCHANDISE,2023,"  80,630.92 ","  18,460.00 ",21760,05,60,0560
M6003282,6003282,ฟิช อีซี่ บจก.,FOOD-MERCHANDISE,2023,"  3,550.00 ","  3,550.00 ",21740,05,40,0540
M6003405,6003405,ฟาร์มเห็ดระยองแอนด์วีวีไบโอเทค บจก. (MM),FOOD-MERCHANDISE,2023,"  33,752,950.52 ","  33,753,180.52 ",21730,05,30,0530
M6003452,6003452,ห้างขายยาห้องยาเภสัช หจก.,FOOD-MERCHANDISE,2023,"  49,232.40 ","  36,006.60 ",21860,06,40,0640
M6003458,6003458,ไทย อกริ ฟู้ดส์ บมจ. (แบรนด์อร่อยดี),FOOD-MERCHANDISE,2023,"  20,741,767.93 ","  4,165,504.47 ",21631,04,31,0431
M6004275,6004275,กิมชุนไอซ์ เลิงนกทา บจก.,FOOD-MERCHANDISE,2023,"  13,727.00 ","  12,828.82 ",21790,05,70,0570
M6004280,6004280,อุตสาหกรรมน้ำปลาระยอง บจก.,FOOD-MERCHANDISE,2023,"  12,291,105.58 ","  11,487,014.60 ",21630,04,30,0430
M6004288,6004288,เอ็ม. เอ. เอส โกลบอล บจก.,FOOD-MERCHANDISE,2023,"  44,492.74 ","  41,582.00 ",21840,06,20,0620
M6004300,6004300,สิงห์สุพรรณ หจก.,FOOD-MERCHANDISE,2023,"  734,712.77 ","  686,647.44 ",21650,04,50,0450
M6004301,6004301,เบสิคไลน์ ฟาร์ม บจก.,FOOD-MERCHANDISE,2023,"  2,448,457.00 ","  2,288,277.53 ",21740,05,40,0540
M6004307,6004307,ยาคอบส์ ดาวเออร์ เอ็กเบิร์กส์ ทีเอช บจก. (Super),FOOD-MERCHANDISE,2023,"  73,686,425.13 ","  68,865,817.84 ",21610,04,10,0410
M6004309,6004309,ธนาสินกรุ๊ป บจก.,FOOD-MERCHANDISE,2023,"  166,055.15 ","  156,713.23 ",21790,05,70,0570
M6004312,6004312,บ้านไอศครีม บจก.,FOOD-MERCHANDISE,2023,"  504,203.94 ","  471,218.85 ",21790,05,70,0570
M6004325,6004325,โคโคเน่ น้ำมะพร้าว บจก.,FOOD-MERCHANDISE,2023,"  5,688,681.97 ","  5,175,068.62 ",21660,04,60,0460
M6004460,6004460,เอสทีดับบลิว กรุ๊ป บจก. (SME),FOOD-MERCHANDISE,2023,"  447,602.40 ","  418,320.00 ",21620,04,20,0420
M6004485,6004485,ห้างขายยาตราเสือดาว บจก.,FOOD-MERCHANDISE,2023,"  (16,098.65)","  (6,112.72)",21850,06,30,0630
M6004487,6004487,บ้านไร่น้ำแข็ง บจก. (TLKK),FOOD-MERCHANDISE,2023,"  7,205.00 ","  7,205.00 ",26100,00,0,00000
M6004432,6004432,เอสพีอาร์ 2013 บจก.,FOOD-MERCHANDISE,2023,"  26,012,767.99 ","  26,012,767.99 ",21710,05,10,0510
M6004439,6004439,อั่งเปา ดิสทริบิวเตอร์ บจก.,FOOD-MERCHANDISE,2023,"  378,830.51 ","  354,047.28 ",21790,05,70,0570
M6004443,6004443,ฟูลมูนบริวเวอร์ค บจก.,FOOD-MERCHANDISE,2023,"  3,236,212.10 ","  3,024,497.28 ",21650,04,50,0450
M6004449,6004449,เจ็นกรีนสแน็ค บจก.,FOOD-MERCHANDISE,2023,"  63,316.93 ","  59,174.70 ",21701,00,0,00000
M6004463,6004463,กับแกล้ม ฟู้ด บจก. (SME),FOOD-MERCHANDISE,2023,"  419,076.39 ","  391,660.15 ",21620,04,20,0420
M6004472,6004472,มาสเตอร์ ฟู้ดส์ เทคโนโลยี บจก. (SME),FOOD-MERCHANDISE,2023,"  1,413,641.34 ","  1,321,160.16 ",21630,04,30,0430
M6004473,6004473,เซ็น แอนด์ โกสุม อินเตอร์ฟู้ดส์ บจก.,FOOD-MERCHANDISE,2023,"  158,951.51 ","  148,552.80 ",21720,05,20,0520
M6004474,6004474,ดีเคเอสเอช (ประเทศไทย) บจก. (NABATI) Remit M6004010,FOOD-MERCHANDISE,2023,"  12,557,159.06 ","  11,735,662.66 ",21620,04,20,0420
M6004483,6004483,ออล อะเบาท์ ยู บจก.,FOOD-MERCHANDISE,2023,"  40,277.93 ","  24,493.44 ",21660,04,60,0460
M6004484,6004484,เอส แอนด์ บี ฟู้ดส์ ซัพพลาย บจก.,FOOD-MERCHANDISE,2023,"  25,486,379.50 ","  25,486,379.50 ",21730,05,30,0530
M6004501,6004501,สหกรณ์การเกษตรพิมาย จำกัด,FOOD-MERCHANDISE,2023,"  1,967,299.89 ","  1,969,716.54 ",21630,04,30,0430
M6004502,6004502,ดีเคเอสเอช (ประเทศไทย) บจก. (Arnott’s),FOOD-MERCHANDISE,2023,"  11,911,153.97 ","  11,131,919.62 ",21620,04,20,0420
M6004504,6004504,ฟรุตแอนด์มี บจก.,FOOD-MERCHANDISE,2023,"  7,366,380.34 ","  7,366,380.34 ",21730,05,30,0530
M6004516,6004516,จริยา ปุณณภัทร์พงษ์ (TLKK),FOOD-MERCHANDISE,2023,"  4,920.00 ","  4,920.00 ",33421,00,0,00000
M6004352,6004352,หาวยือ (ไทยแลนด์) บจก.,FOOD-MERCHANDISE,2023,"  5,997,906.02 ","  5,605,519.68 ",21672,04,72,0472
M6004357,6004357,ไทย-สตาร์ ฟู้ดส์ แอนด์ เบฟเวอร์เรจ บจก.,FOOD-MERCHANDISE,2023,"  3,106,683.75 ","  2,903,442.82 ",21620,04,20,0420
M6004360,6004360,เนเจอร์ สไปซ์ บจก. (SME),FOOD-MERCHANDISE,2023,"  1,681,452.44 ","  1,571,450.82 ",21630,04,30,0430
M6004365,6004365,สมทัศน์ งิ้วไธสง,FOOD-MERCHANDISE,2023,"  25,060.00 ","  25,340.00 ",21790,05,70,0570
M6004374,6004374,ซานเป่าไท่ บจก. (SME),FOOD-MERCHANDISE,2023,"  1,234,272.76 ","  1,153,525.96 ",21620,04,20,0420
M6004384,6004384,เก๋าไซร์ ไอซ์ นครนายก หจก.,FOOD-MERCHANDISE,2023,"  165,074.25 ","  154,675.00 ",21790,05,70,0570
M6004387,6004387,ซีโน-แปซิฟิค เทรดดิ้ง (ไทยแลนด์) บจก. (M6004387),FOOD-MERCHANDISE,2023,"  215,597.54 ","  201,492.95 ",21760,05,60,0560
M6004392,6004392,สิริ โปร บจก.,FOOD-MERCHANDISE,2023,"  3,320,357.69 ","  3,103,137.96 ",21640,04,40,0440
M6004582,6004582,ชัยเจริญมารีน (2002) บจก. (SME),FOOD-MERCHANDISE,2023,"  2,589,109.26 ","  2,419,728.24 ",21760,05,60,0560
M6004595,6004595,เจ้านาง(ไทยแลนด์) บจก.,FOOD-MERCHANDISE,2023,"  4,345,479.81 ","  4,061,196.00 ",21661,04,61,0461
M6004598,6004598,ดีดี เว่อร์ (ประเทศไทย) บจก. (SME),FOOD-MERCHANDISE,2023,"  342,493.80 ","  320,087.52 ",21630,04,30,0430
M6004602,6004602,ยานาฟาร์ม บจก.,FOOD-MERCHANDISE,2023,"  4,368,221.75 ","  4,368,221.75 ",21760,05,60,0560
M6004613,6004613,เอ็มวายยู-นิค บจก. (FACE CARE),FOOD-MERCHANDISE,2023,"  115,160.93 ","  107,627.04 ",21661,04,61,0461
M6004525,6004525,เอ-เบสท์  บจก. (FF),FOOD-MERCHANDISE,2023,"  791,909.51 ","  740,102.38 ",21790,05,70,0570
M6004528,6004528,สยามอินเตอร์ซี บจก. (Frozen),FOOD-MERCHANDISE,2023,"  1,072,501.20 ","  1,072,501.20 ",21790,05,70,0570
M6004531,6004531,ไทยเพียว อะกริ ฟู้ด แอนด์ โปรดักส์ บจก. (Remit M6004181),FOOD-MERCHANDISE,2023,"  4,113,332.52 ","  3,844,236.00 ",21760,05,60,0560
M6004557,6004557,ดัชเชส บจก. (Wawee),FOOD-MERCHANDISE,2023,"  55,680.66 ","  73,038.00 ",21701,00,0,00000
M6004570,6004570,ไอ เอส เอ็ม ฟูดส์ โปรดักส์ บจก.,FOOD-MERCHANDISE,2023,"  64,800.00 ","  60,560.75 ",21701,00,0,00000
M6004571,6004571,พิมรี่ รีเทล บจก. (Credit),FOOD-MERCHANDISE,2023,"  2,517,020.24 ","  2,352,355.37 ",21630,04,30,0430
M6004574,6004574,วิริก้า คอสเมติกส์ บจก.,FOOD-MERCHANDISE,2023,"  1,902,893.63 ","  1,778,405.18 ",21661,04,61,0461
M6004575,6004575,วันทูเทรดดิ้ง บจก. (Remit M6001888),FOOD-MERCHANDISE,2023,"  21,511,953.28 ","  19,969,710.51 ",21630,04,30,0430
M6004588,6004588,บุญช่วยค้าข้าว1999 บจก.,FOOD-MERCHANDISE,2023,"  129,144.00 ","  129,144.00 ",21630,04,30,0430
M6004590,6004590,โสรยาผักสด ปลีก-ส่ง (TLKK),FOOD-MERCHANDISE,2023,"  221,061.50 ","  221,061.50 ",33424,00,0,00000
M6004632,6004632,ไทยยูเนี่ยน ซีฟู้ด บจก.,FOOD-MERCHANDISE,2023,"  7,974,949.60 ","  7,974,949.60 ",21720,05,20,0520
M6004632,6004632,ไทยยูเนี่ยน ซีฟู้ด บจก.,FOOD-MERCHANDISE,2023,"  484,350.70 ","  452,664.10 ",21790,05,70,0570
M6004635,6004635,ดีเซนที บจก. (Wawee),FOOD-MERCHANDISE,2023,"  150,067.50 ","  140,250.00 ",21701,00,0,00000
M6004641,6004641,ภัทรวลัญช์ สุขร่าง (TLKK),FOOD-MERCHANDISE,2023,"  10,640.00 ","  10,640.00 ",26100,00,0,00000
M6004644,6004644,เอซ สตาร์ อินเตอร์เนชั่นแนล เทรดดิ้ง บจก. (SME),FOOD-MERCHANDISE,2023,"  1,820,572.06 ","  1,701,469.36 ",21620,04,20,0420
M6004657,6004657,เพชรธงชัย เทรดดิ้ง บจก. (TLKK),FOOD-MERCHANDISE,2023,"  8,355.60 ","  7,808.97 ",33421,00,0,00000
M6004659,6004659,ทรัพย์เจริญวาณิช 1944 บจก. (SME),FOOD-MERCHANDISE,2023,"  1,288,717.52 ","  1,244,188.00 ",21730,05,30,0530
M6004663,6004663,เติบโต ดิสทริบิวชั่น บจก.,FOOD-MERCHANDISE,2023,"  1,294,733.29 ","  1,210,913.37 ",21790,05,70,0570
M6004668,6004668,พงษ์-ศรา ดิสทริบิวชั่น บจก. (TLKK),FOOD-MERCHANDISE,2023,"  253,498.00 ","  236,913.98 ",33420,00,0,00000
M6004676,6004676,เอส แอนด์ พี ซินดิเคท บมจ. Snack (Cookie),FOOD-MERCHANDISE,2023,"  8,909,356.50 ","  8,326,501.20 ",21620,04,20,0420
M6004679,6004679,แพ็คฟู้ด บมจ. (Frozen),FOOD-MERCHANDISE,2023,"  389,767.83 ","  364,269.00 ",21740,05,40,0540
M6004682,6004682,ชางวอนฟู้ด บจก. (SME),FOOD-MERCHANDISE,2023,"  1,273,739.48 ","  1,190,410.68 ",21762,05,62,0562
M6004684,6004684,ศุภโชคโภคทรัพย์พาณิชย์ บจก. (SME),FOOD-MERCHANDISE,2023,"  119,677.05 ","  111,847.68 ",21762,05,62,0562
M6003466,6003466,เกรทเทสท์ เพ็ทแคร์ บจก.,FOOD-MERCHANDISE,2023,"  60,544.50 ",  -   ,21630,04,30,0430
M6003503,6003503,เซนติเมนทัล (ประเทศไทย) บจก.,FOOD-MERCHANDISE,2023,"  1,821,323.80 ","  1,936,533.66 ",21661,04,61,0461
M6003519,6003519,ธนัทกร อินเตอร์เนชั่นแนล บจก.,FOOD-MERCHANDISE,2023,"  11,675,145.92 ","  10,911,351.41 ",21670,04,70,0470
M6003522,6003522,ไทยเพ็ทสแน็ค บจก.,FOOD-MERCHANDISE,2023,"  1,110.90 ",  -   ,21360,02,60,0260
M6003525,6003525,ผลิตภัณฑ์ ธรรมชาติ ทะเลภู บจก.,FOOD-MERCHANDISE,2023,"  22,328,929.17 ","  20,853,309.11 ",21660,04,60,0460
M6003525,6003525,ผลิตภัณฑ์ ธรรมชาติ ทะเลภู บจก.,FOOD-MERCHANDISE,2023,"  1,379,391.58 ","  1,258,783.08 ",21670,04,70,0470
M6004394,6004394,ดีเคเอสเอช (ประเทศไทย) บจก. (ACNE AID),FOOD-MERCHANDISE,2023,"  4,464,775.19 ","  4,172,687.04 ",21661,04,61,0461
M6004400,6004400,ดัชมิลล์ บจก. (Coffee),FOOD-MERCHANDISE,2023,"  813,894.00 ","  814,368.00 ",21760,05,60,0560
M6004405,6004405,พี แอนด์ พี ฟู้ดแอนด์เบฟเวอเรจ บจก. (SME),FOOD-MERCHANDISE,2023,"  207,232.49 ","  193,675.20 ",21620,04,20,0420
M6004409,6004409,แรบบิท มาร์เก็ตติ้ง บจก.,FOOD-MERCHANDISE,2023,"  4,410,772.72 ","  4,122,217.44 ",21630,04,30,0430
M6004428,6004428,กรุงสยามเครื่องดื่ม บจก.,FOOD-MERCHANDISE,2023,"  1,820,096.54 ","  1,701,024.80 ",21640,04,40,0440
M6004430,6004430,ธนิน วิบูลจิตธรรม,FOOD-MERCHANDISE,2023,"  1,500,000.00 ","  1,500,000.00 ",21701,00,0,00000
M6004433,6004433,โชคเพชรสมุทร 1999 บจก. (TLKK),FOOD-MERCHANDISE,2023,"  5,152.05 ","  4,815.00 ",26100,00,0,00000
M6004441,6004441,วอลล์ นราธิวาส หจก.,FOOD-MERCHANDISE,2023,"  3,349,267.31 ","  3,130,156.88 ",21790,05,70,0570
M6004459,6004459,นราเพชรมั่นคง บจก.,FOOD-MERCHANDISE,2023,"  11,562.49 ","  20,431.06 ",21790,05,70,0570
M6004464,6004464,ปณิดา จันทรศรีวงศ์,FOOD-MERCHANDISE,2023,"  8,065,557.00 ","  8,065,557.00 ",21760,05,60,0560
M6003471,6003471,ซินเซียร์ไอซ์ บจก.,FOOD-MERCHANDISE,2023,"  161,623.22 ","  151,048.80 ",21790,05,70,0570
M6003492,6003492,บลองค์ เทค บจก. (FF),FOOD-MERCHANDISE,2023,"  2,409,720.00 ","  2,409,720.00 ",21710,05,10,0510
M6003493,6003493,ไทยนิปปอนฟู้ดส์ บจก. (ไก่แปรรูป),FOOD-MERCHANDISE,2023,"  4,459,035.00 ","  4,167,321.00 ",21760,05,60,0560
M6004648,6004648,เคยนิคะ หจก. (SME),FOOD-MERCHANDISE,2023,"  5,465.99 ","  5,108.40 ",21632,04,32,0432
M6004650,6004650,นันดา เทรด บจก. (IMPORT 0420 SWEETED),FOOD-MERCHANDISE,2023,"  73,259.23 ","  68,466.60 ",21640,04,40,0440
M6004651,6004651,ล็อกซเล่ย์ เทรดดิ้ง บจก. (LEE KUM KEE),FOOD-MERCHANDISE,2023,"  4,983,510.23 ","  4,657,486.24 ",21630,04,30,0430
M6004653,6004653,เค-เฟรช บจก. (SME),FOOD-MERCHANDISE,2023,"  998,541.00 ","  1,011,312.00 ",21730,05,30,0530
M6004660,6004660,ดีเคเอสเอช (ประเทศไทย) บจก. (Swisse),FOOD-MERCHANDISE,2023,"  3,333,482.55 ","  3,115,404.26 ",21840,06,20,0620
M6004671,6004671,เตี๋ยวตุ๋นหม้อไฟอินดี้ หจก. (SME),FOOD-MERCHANDISE,2023,"  27,820.98 ","  26,000.94 ",21632,04,32,0432
M6004681,6004681,เคซีเอฟ ไพร์มฟู้ด บจก.,FOOD-MERCHANDISE,2023,"  2,535,066.60 ","  2,582,255.00 ",21740,05,40,0540
M6004683,6004683,เซ็นสเปร้าท์ บจก. (SME),FOOD-MERCHANDISE,2023,"  23,875.45 ","  22,313.52 ",21642,04,42,0442
M6002108,6002108,มูลนิธิโครงการหลวง (M6002108),FOOD-MERCHANDISE,2023,"  49,704,130.64 ","  49,704,130.64 ",21730,05,30,0530
M6002124,6002124,ร่วมมิตรฟาร์ม หจก.,FOOD-MERCHANDISE,2023,"  2,132,906.01 ","  2,126,924.02 ",21750,05,50,0550
M6002231,6002231,แดรี่โฮม วิสาหกิจ เพื่อสังคม บจก.,FOOD-MERCHANDISE,2023,"  16,600,079.78 ","  15,889,088.57 ",21760,05,60,0560
M6002265,6002265,พี.ดี.เอ็น.คอมเมอร์เชียล บจก.,FOOD-MERCHANDISE,2023,"  15,116,705.68 ","  14,460,334.60 ",21740,05,40,0540
M6002305,6002305,สหกรณ์โคนมหนองโพราชบุรี  จำกัด(ในพระบรมราชูปถัมภ์),FOOD-MERCHANDISE,2023,"  22,578,284.25 ","  21,997,593.16 ",21760,05,60,0560
M6002308,6002308,ดีเคเอสเอช (ประเทศไทย) บจก. (Meiji),FOOD-MERCHANDISE,2023,"  178,500.19 ","  166,822.60 ",21610,04,10,0410
M6002319,6002319,แหนมไบโอเทค บจก.,FOOD-MERCHANDISE,2023,"  719,478.70 ","  672,410.00 ",21760,05,60,0560
M6002330,6002330,ยูนีซัน บจก.,FOOD-MERCHANDISE,2023,"  229,509.30 ","  16,902.49 ",21830,06,10,0610
M6002330,6002330,ยูนีซัน บจก.,FOOD-MERCHANDISE,2023,"  2,778,530.79 ","  2,586,816.05 ",21840,06,20,0620
M6002337,6002337,แมสมาร์เกตติ้ง บจก. (M6002337),FOOD-MERCHANDISE,2023,"  5,516,911.39 ","  867,064.83 ",21850,06,30,0630
M6004479,6004479,โรงน้ำแข็งแม่ฮ่องสอน,FOOD-MERCHANDISE,2023,"  2,925.00 ","  3,150.00 ",21790,05,70,0570
M6004486,6004486,ซิลลิค ฟาร์มา บจก. (Remit 6004217),FOOD-MERCHANDISE,2023,"  5,742,528.72 ","  5,366,849.30 ",21850,06,30,0630
M6004497,6004497,เจเคเอ็น ดริ๊งก์ บจก.,FOOD-MERCHANDISE,2023,"  988,491.75 ","  923,823.96 ",21760,05,60,0560
M6004518,6004518,เพิร์ล ซัพพลาย12 บจก.,FOOD-MERCHANDISE,2023,"  5,631,630.87 ","  5,631,630.87 ",21680,04,80,0480
M6004525,6004525,เอ-เบสท์  บจก. (FF),FOOD-MERCHANDISE,2023,"  6,715,552.85 ","  6,276,217.42 ",21760,05,60,0560
M6004533,6004533,ไทยกูลิโกะ บจก.,FOOD-MERCHANDISE,2023,"  13,099,186.95 ","  12,242,230.84 ",21790,05,70,0570
M6004538,6004538,วารีเทพ จอมทอง บจก.,FOOD-MERCHANDISE,2023,"  18,800.00 ","  17,570.01 ",21790,05,70,0570
M6004542,6004542,ร้านน้ำดื่มคลาสสิก,FOOD-MERCHANDISE,2023,"  11,800.00 ","  12,050.00 ",21790,05,70,0570
M6004544,6004544,กลุ่มสยามบรรจุภัณฑ์ บจก.,FOOD-MERCHANDISE,2023,"  7,864.50 ","  7,350.00 ",21696,04,96,0496
M6004695,6004695,วิน คอล มาร์เก็ตติ้ง บจก. (โดนใจ),FOOD-MERCHANDISE,2023,"  389,425.90 ","  363,949.44 ",21620,04,20,0420
M6004697,6004697,ไทยน้ำทิพย์ คอร์ปอเรชั่น บจก. (TCT),TOWN CENTER,2023,"  353,338.41 ","  330,222.83 ",33032,09,,09
M6004701,6004701,ไทยน้ำทิพย์ คอร์ปอเรชั่น บจก. (โดนใจ),FOOD-MERCHANDISE,2023,"  210,065.61 ","  41,149.61 ",21641,04,41,0441
M6004708,6004708,ดีไลท์ 88 บจก. (SME),FOOD-MERCHANDISE,2023,"  1,290,321.01 ","  1,205,908.69 ",21632,04,32,0432
M6004709,6004709,ปึง ฟู้ด (ไทยแลนด์) บจก.,FOOD-MERCHANDISE,2023,"  7,082,011.28 ","  6,618,701.96 ",21760,05,60,0560
M6004710,6004710,นารา ทรี บจก.,FOOD-MERCHANDISE,2023,"  1,598,314.54 ","  1,355,466.30 ",21661,04,61,0461
M6004724,6004724,มิลเลี่ยน ฟู้ดส์ บจก.,FOOD-MERCHANDISE,2023,"  416,141.87 ","  388,917.64 ",21620,04,20,0420
M6004730,6004730,มัลติพลาย บาย เอท บจก.,FOOD-MERCHANDISE,2023,"  8,889,640.13 ","  8,308,074.89 ",21840,06,20,0620
M6004750,6004750,ซีพีเอฟ โกลบอล ฟู้ด โซลูชั่น บมจ. (แทนM6004026),FOOD-MERCHANDISE,2023,"  9,076,892.71 ","  8,483,077.05 ",21760,05,60,0560
M6004757,6004757,ซีพีเอฟ โกลบอล ฟู้ด โซลูชั่น บมจ. (แทนM6004154),FOOD-MERCHANDISE,2023,"  2,597,357.20 ","  2,427,436.62 ",21740,05,40,0540
M6004766,6004766,เอ.เอส.เอ (กรุงเทพฯ) หจก. (SME),FOOD-MERCHANDISE,2023,"  2,490,329.55 ","  2,327,410.80 ",21640,04,40,0440
M6004558,6004558,คาร่าเบเกอรี่ บจก.,FOOD-MERCHANDISE,2023,"  9,430,052.37 ","  8,813,133.07 ",21750,05,50,0550
M6004560,6004560,พชรมนต์ นุชนาฏ (TLKK),FOOD-MERCHANDISE,2023,"  3,300.00 ","  3,300.00 ",26100,00,0,00000
M6004560,6004560,พชรมนต์ นุชนาฏ (TLKK),FOOD-MERCHANDISE,2023,"  2,420.00 ","  2,420.00 ",33421,00,0,00000
M6004562,6004562,อุตสาหกรรมแป้งไทย บจก. (Credit),FOOD-MERCHANDISE,2023,"  892,595.65 ","  834,201.47 ",21610,04,10,0410
M6004564,6004564,ฮายัท ไฮจีนิค โปรดักส์ (ประเทศไทย) บจก.,FOOD-MERCHANDISE,2023,"  143,189,245.50 ","  133,821,724.58 ",21672,04,72,0472
M6004578,6004578,เอดีเอ็น อิมปอร์ต เอ็กซ์ปอร์ต หจก.,FOOD-MERCHANDISE,2023,"  3,000,066.00 ","  2,803,800.00 ",21840,06,20,0620
M6004581,6004581,ไทยยูเนี่ยน กรุ๊ป บมจ. (FF),FOOD-MERCHANDISE,2023,"  6,878,649.76 ","  6,725,112.81 ",21790,05,70,0570
M6004590,6004590,โสรยาผักสด ปลีก-ส่ง (TLKK),FOOD-MERCHANDISE,2023,"  1,878,996.81 ","  1,878,996.81 ",33420,00,0,00000
M6004590,6004590,โสรยาผักสด ปลีก-ส่ง (TLKK),FOOD-MERCHANDISE,2023,"  26,810.50 ","  26,810.50 ",33423,00,0,00000
M6004594,6004594,มีท อวตาร บจก. (SME),FOOD-MERCHANDISE,2023,"  260,358.68 ","  243,326.16 ",21790,05,70,0570
M6004596,6004596,ซี แอล ชุนหลี บจก.,FOOD-MERCHANDISE,2023,"  1,513,746.69 ","  1,414,716.48 ",21661,04,61,0461
M6004597,6004597,อัมรินทร์ ไทยเบฟเวอเรจ บจก. (SME),FOOD-MERCHANDISE,2023,"  262,308.36 ","  245,148.00 ",21640,04,40,0440
M6004605,6004605,ภัทราพร ทรัพย์ศรีโสภา (TLKK),FOOD-MERCHANDISE,2023,"  2,520.00 ","  2,520.00 ",26100,00,0,00000
M6004612,6004612,ส. ไทยฮวด (2002) บจก.,FOOD-MERCHANDISE,2023,"  518,736.00 ","  484,800.00 ",21610,04,10,0410
M6004615,6004615,ดีเคเอสเอช (ประเทศไทย) บจก. (Stada),FOOD-MERCHANDISE,2023,"  1,085,464.71 ","  419,445.40 ",21830,06,10,0610
M6004615,6004615,ดีเคเอสเอช (ประเทศไทย) บจก. (Stada),FOOD-MERCHANDISE,2023,"  681,441.27 ","  494,999.60 ",21840,06,20,0620
M6003545,6003545,สมุนไพรไทย หงส์ไทย บจก.,FOOD-MERCHANDISE,2023,"  7,760,818.20 ","  7,223,945.91 ",21840,06,20,0620
M6003546,6003546,มูลนิธิโรงพยาบาลเจ้าพระยาอภัยภูเบศร ในพระอุปถัมภ์สมเด็จพระเจ้าภคินีเธอเจ้าฟ้าเพชรรัตนราชสุดา สิริโสภาพัณณวดี,FOOD-MERCHANDISE,2023,"  2,198,325.82 ",  -   ,21830,06,10,0610
M6003550,6003550,ไทยอินโนฟู้ด บจก.,FOOD-MERCHANDISE,2023,"  18,156,977.83 ","  16,969,138.26 ",21760,05,60,0560
M6003555,6003555,บี.เอ็ล.ฮั้ว บจก. (Pharmar),FOOD-MERCHANDISE,2023,"  2,804,591.98 ","  2,503,320.00 ",21840,06,20,0620
M6003591,6003591,เอที คอสเมติค (ประเทศไทย) บจก. (แทน 6003112),FOOD-MERCHANDISE,2023,"  7,676,061.79 ","  7,173,309.08 ",21660,04,60,0460
M6004769,6004769,ลพบุรี ฟู้ด หจก.,FOOD-MERCHANDISE,2023,"  4,276,059.48 ","  4,090,838.50 ",21720,05,20,0520
M6004783,6004783,ไทยเทเนี่ยม เบฟเวอเรจ บจก.,FOOD-MERCHANDISE,2023,"  721,090.84 ","  718,529.78 ",21640,04,40,0440
M6004785,6004785,คริสปี้ สเตชั่น บจก. (SME),FOOD-MERCHANDISE,2023,"  577,876.28 ","  540,071.28 ",21622,04,22,0422
M6004799,6004799,กู๊ดเฟรนส์ ฟู้ด อินโนเทค บจก. (SME),FOOD-MERCHANDISE,2023,"  215,054.96 ","  200,985.96 ",21632,04,32,0432
M6004804,6004804,เบทเตอร์เวย์ อินเตอร์เนชั่นแนล บจก.,FOOD-MERCHANDISE,2023,"  4,801,661.84 ","  4,480,369.55 ",21661,04,61,0461
M6004806,6004806,สยามเฮลตี้เวิลด์ บจก.,FOOD-MERCHANDISE,2023,"  243,434.85 ","  227,509.20 ",21840,06,20,0620
M6004809,6004809,ไพรัตน์ จิ๋วปัญญา (ABT),FOOD-MERCHANDISE,2023,"  367,312.00 ","  367,312.00 ",21620,04,20,0420
M6004819,6004819,แองเจลล่า บจก. (ABT),FOOD-MERCHANDISE,2023,"  145,358.43 ","  135,849.00 ",21672,04,72,0472
M6004828,6004828,ซี.พี.คอนซูเมอร์โพรดักส์ บจก. (ABT),FOOD-MERCHANDISE,2023,"  255,467.72 ","  238,754.88 ",21670,04,70,0470
M6004831,6004831,ชัยณรงค์ฤทธิ์ หจก. (ABT),FOOD-MERCHANDISE,2023,"  752,339.38 ","  703,120.92 ",21620,04,20,0420
M6004846,6004846,ไอ แอม เรียล กรุ๊ป บจก. (ABT),FOOD-MERCHANDISE,2023,"  381,421.19 ","  356,468.40 ",21620,04,20,0420
M6004849,6004849,เจ็นกรีนสแน็ค บจก. (ABT),FOOD-MERCHANDISE,2023,"  76,077.00 ","  71,100.00 ",21750,05,50,0550
M6004850,6004850,จิราพรฟู๊ด บจก. (ABT),FOOD-MERCHANDISE,2023,"  51,360.00 ","  48,000.00 ",21760,05,60,0560
M6004896,6004896,แต้ง่วนไถ่ บจก. (ABT),FOOD-MERCHANDISE,2023,"  54,570.00 ","  51,000.00 ",21620,04,20,0420
M6004917,6004917,ดีเคเอสเอช (ประเทศไทย) บจก. (Megachef),FOOD-MERCHANDISE,2023,"  334,357.20 ","  201,223.17 ",21631,04,31,0431
M6004926,6004926,สยาม เอ็ม.ซี. บจก.,FOOD-MERCHANDISE,2023,"  1,403,155.33 ","  1,311,360.14 ",21760,05,60,0560
M6004928,6004928,ครัวนภัส ผลิตภัณฑ์อาหาร บจก. (SME),FOOD-MERCHANDISE,2023,"  266,338.05 ","  248,914.08 ",21632,04,32,0432
M6004938,6004938,นีโอ คอร์ปอเรท บมจ. (แทนM7000577),FOOD-MERCHANDISE,2023,"  773,973.48 ","  628,185.54 ",21672,04,72,0472
M6004939,6004939,นีโอ คอร์ปอเรท บมจ. (แทนM2600938),FOOD-MERCHANDISE,2023,"  87,445,669.34 ","  80,992,794.16 ",21660,04,60,0460
M6004939,6004939,นีโอ คอร์ปอเรท บมจ. (แทนM2600938),FOOD-MERCHANDISE,2023,"  101,679,309.38 ","  93,302,717.50 ",21670,04,70,0470
M6004691,6004691,คิงส์แพ็ค อินดัสเตรียล บจก. FF (New),FOOD-MERCHANDISE,2023,"  633,975.00 ","  592,500.00 ",21740,05,40,0540
M6004698,6004698,ไทยน้ำทิพย์ คอร์ปอเรชั่น บจก. (DF),FOOD-MERCHANDISE,2023,"  4,572.81 ","  4,273.65 ",21750,05,50,0550
M6004700,6004700,ไทยน้ำทิพย์ คอร์ปอเรชั่น บจก. (TLKK),FOOD-MERCHANDISE,2023,"  235,651.10 ","  220,234.65 ",33420,00,0,00000
M6004706,6004706,โคอิเคยะ (ประเทศไทย) บจก.,FOOD-MERCHANDISE,2023,"  9,720,779.70 ","  9,084,840.72 ",21620,04,20,0420
M6004716,6004716,ง่วนสูน พริกไทยและเครื่องเทศ บจก.,FOOD-MERCHANDISE,2023,"  13,483,646.39 ","  13,407,151.64 ",21630,04,30,0430
M6004723,6004723,อรรถพงษ์ วีระแพทย์ (TLKK),FOOD-MERCHANDISE,2023,"  4,510.00 ","  4,510.00 ",33420,00,0,00000
M6004725,6004725,โอเชี่ยน ลูท (ประเทศไทย) บจก. (Credit),FOOD-MERCHANDISE,2023,"  86,130.00 ","  86,130.00 ",21720,05,20,0520
M6004748,6004748,ซีพีเอฟ โกลบอล ฟู้ด โซลูชั่น บมจ. (แทนM6001486),FOOD-MERCHANDISE,2023,"  1,749,900.71 ","  1,635,421.20 ",21790,05,70,0570
M6004749,6004749,ซีพีเอฟ โกลบอล ฟู้ด โซลูชั่น บมจ. (แทนM6004025),FOOD-MERCHANDISE,2023,"  4,448,629.14 ","  4,157,865.38 ",21760,05,60,0560
M6004753,6004753,ซีพีเอฟ โกลบอล ฟู้ด โซลูชั่น บมจ. (แทนM6004032),FOOD-MERCHANDISE,2023,"  8,956,351.80 ","  8,370,421.68 ",21760,05,60,0560
M6004768,6004768,ลองไลฟ์ บจก. (SME),FOOD-MERCHANDISE,2023,"  207,931.99 ","  194,328.96 ",21632,04,32,0432
M6004942,6004942,ไวตาเมะ 6395 บจก. (SME),FOOD-MERCHANDISE,2023,"  438,745.28 ","  410,042.32 ",21622,04,22,0422
M6004955,6004955,เอ็นเค เฟรชฟู๊ดส์ บจก. (ABT),FOOD-MERCHANDISE,2023,"  113,657.90 ","  74,116.90 ",21730,05,30,0530
M6004967,6004967,ชมทิพปภา บจก. (ABT),FOOD-MERCHANDISE,2023,"  434,626.30 ","  406,192.80 ",21760,05,60,0560
M6004969,6004969,ภัทรภร โฮมเมด บจก. (ABT),FOOD-MERCHANDISE,2023,"  101,397.48 ","  94,764.00 ",21760,05,60,0560
M6005024,6005024,วีชมาร์ต บจก. (SME),FOOD-MERCHANDISE,2023,"  771,745.10 ","  721,257.12 ",21660,04,60,0460
M6005031,6005031,เมรัยชัยภูมิ บจก. (แทน 6001554),FOOD-MERCHANDISE,2023,"  2,329,247.33 ","  2,176,866.66 ",21650,04,50,0450
M6005033,6005033,ทองอำไพ ควอลิตี้ฟู้ด บจก. (ABT),FOOD-MERCHANDISE,2023,"  456,847.20 ","  426,960.00 ",21760,05,60,0560
M6005063,6005063,ดริ๊งค์ เอนเตอร์ไพรส์ บจก.,FOOD-MERCHANDISE,2023,"  366,177.28 ","  342,221.76 ",21640,04,40,0440
M6005064,6005064,เบอร์ลินฟาร์มาซูติคอลอินดัสตรี้ บจก. (PHARMACY),FOOD-MERCHANDISE,2023,"  263,625.18 ","  246,378.66 ",21830,06,10,0610
M6003561,6003561,ดีเคเอสเอช (ประเทศไทย) บจก. (Berman),FOOD-MERCHANDISE,2023,"  17,041,351.47 ","  15,926,496.84 ",21660,04,60,0460
M6003575,6003575,ดาลุ่ม แดรี่ บจก.,FOOD-MERCHANDISE,2023,"  6,217,767.57 ","  5,958,398.24 ",21760,05,60,0560
M6003594,6003594,โกลเด้น คอสเมติก บจก.,FOOD-MERCHANDISE,2023,"  354,166.35 ","  330,996.60 ",21660,04,60,0460
M6003612,6003612,น้ำแข็งอนามัยไพศาล หจก.,FOOD-MERCHANDISE,2023,"  175,549.55 ","  166,060.00 ",21790,05,70,0570
M6003618,6003618,สมายส์แอนด์คูล 99 บจก.,FOOD-MERCHANDISE,2023,"  336,485.66 ","  318,858.37 ",21790,05,70,0570
M6004780,6004780,อิ่มท้อง บจก.,FOOD-MERCHANDISE,2023,"  1,660,407.81 ","  1,551,783.00 ",21760,05,60,0560
M6004788,6004788,แฮปปี้ แบด ด๊อก บจก.,FOOD-MERCHANDISE,2023,"  4,453,116.18 ","  4,161,790.82 ",21650,04,50,0450
M6004800,6004800,พีบี เบสท์ บจก. (SME),FOOD-MERCHANDISE,2023,"  268,680.91 ","  251,103.64 ",21632,04,32,0432
M6004803,6004803,วานิชเจริญ อินดัสเทรียล บจก.,FOOD-MERCHANDISE,2023,"  88,017.13 ","  82,259.00 ",21790,05,70,0570
M6004805,6004805,แร่เบฟเวอเรจ บจก.,FOOD-MERCHANDISE,2023,"  2,772,531.39 ","  2,595,340.01 ",21640,04,40,0440
M6004862,6004862,แม่แจง บจก. (ABT),FOOD-MERCHANDISE,2023,"  78,279.63 ","  73,158.53 ",21610,04,10,0410
M6004868,6004868,เอ็นแอนด์โค คอร์ปอเรชั่น บจก. (ABT),FOOD-MERCHANDISE,2023,"  93,475.20 ","  87,360.00 ",21660,04,60,0460
M6004887,6004887,สมญาวี บจก. (ABT),FOOD-MERCHANDISE,2023,"  218,100.70 ","  203,832.43 ",21620,04,20,0420
M6004893,6004893,สุวัฒน์เดโชกุล หจก. (ABT),FOOD-MERCHANDISE,2023,"  643,701.00 ","  689,514.95 ",21620,04,20,0420
M6004924,6004924,เฮลธี่-ดี บจก. (SME),FOOD-MERCHANDISE,2023,"  480,552.63 ","  449,114.62 ",21762,05,62,0562
M6005029,6005029,ชาไทย อินเตอร์เนชั่นแนล บจก. (ABT),FOOD-MERCHANDISE,2023,"  674,126.75 ","  630,025.00 ",21610,04,10,0410
M6004620,6004620,ทรัพย์กนก 2565 บจก.,FOOD-MERCHANDISE,2023,"  966,550.81 ","  903,318.96 ",21790,05,70,0570
M6004629,6004629,88(ไทยแลนด์) บจก.,FOOD-MERCHANDISE,2023,"  7,559,929.03 ","  7,065,354.24 ",21660,04,60,0460
M6004638,6004638,พรทวีลาภ (TLKK),FOOD-MERCHANDISE,2023,"  18,425.00 ","  18,425.00 ",33421,00,0,00000
M6004639,6004639,เอสเค เอ็นเตอร์ไพรส์ (2022) บจก.,FOOD-MERCHANDISE,2023,"  284,596.47 ","  284,596.47 ",21860,06,40,0640
M6004643,6004643,โรงงานเชอร์รี่ไอศกรีม บจก. (TLKK),FOOD-MERCHANDISE,2023,"  68,224.00 ","  63,760.72 ",26100,00,0,00000
M6004643,6004643,โรงงานเชอร์รี่ไอศกรีม บจก. (TLKK),FOOD-MERCHANDISE,2023,"  126,179.99 ","  117,925.21 ",33421,00,0,00000
M6004646,6004646,จาง แอนด์ โค บจก. (Coffee),FOOD-MERCHANDISE,2023,"  480,753.14 ","  449,302.00 ",21701,00,0,00000
M6004650,6004650,นันดา เทรด บจก. (IMPORT 0420 SWEETED),FOOD-MERCHANDISE,2023,"  381,502.69 ","  354,017.40 ",21620,04,20,0420
M6004664,6004664,ภราดัย ช็อคโกแลต บจก. (SME),FOOD-MERCHANDISE,2023,"  828,754.65 ","  774,537.00 ",21620,04,20,0420
M6004666,6004666,แอมแซ่บ กรุ๊ป บจก. (SME),FOOD-MERCHANDISE,2023,"  706,956.47 ","  660,706.93 ",21762,05,62,0562
M6004668,6004668,พงษ์-ศรา ดิสทริบิวชั่น บจก. (TLKK),FOOD-MERCHANDISE,2023,"  123,427.50 ","  115,352.64 ",26100,00,0,00000
M6004668,6004668,พงษ์-ศรา ดิสทริบิวชั่น บจก. (TLKK),FOOD-MERCHANDISE,2023,"  265,597.50 ","  248,221.77 ",33421,00,0,00000
M6004678,6004678,รอยัล สไปซ์ (ประเทศไทย) บจก. (SME),FOOD-MERCHANDISE,2023,"  523,666.56 ","  492,288.00 ",21622,04,22,0422
M6002360,6002360,เค ซี ซี พี 2011 กรุ๊ป บจก. (สปาคลีน),FOOD-MERCHANDISE,2023,"  10,741,221.77 ","  10,038,525.03 ",21670,04,70,0470
M6002445,6002445,วี แคน เทคโนโลยี บจก.,FOOD-MERCHANDISE,2023,"  211,636.59 ","  100,276.80 ",21630,04,30,0430
M6002464,6002464,ซิตี้ เฟรช ฟรุ๊ต บจก. (M6002464),FOOD-MERCHANDISE,2023,"  7,100.00 ","  7,100.00 ",21790,05,70,0570
M6002479,6002479,ดีเคเอสเอช (ประเทศไทย) บจก. (Enchanteur),FOOD-MERCHANDISE,2023,"  8,862,680.80 ","  8,282,878.94 ",21660,04,60,0460
M6003611,6003611,หลอดนครสวรรค์ บจก. (FF),FOOD-MERCHANDISE,2023,"  103,833.91 ","  97,041.20 ",21790,05,70,0570
M6003617,6003617,เสรี แอนด์ บราเธอร์ ไอศกรีม บจก.,FOOD-MERCHANDISE,2023,"  1,411,414.07 ","  1,331,500.79 ",21790,05,70,0570
M6003650,6003650,คชเชอร์ โกลบอล ฟู้ด บจก.,FOOD-MERCHANDISE,2023,"  1,382,380.57 ","  1,315,290.53 ",21640,04,40,0440
M6003657,6003657,เสาวณีย์ ชื่นอารมณ์,FOOD-MERCHANDISE,2023,"  8,495,279.13 ","  8,495,279.13 ",21730,05,30,0530
M6003663,6003663,พี แอนด์ พี พีรพัทธ์ หจก.,FOOD-MERCHANDISE,2023,"  231,378.15 ","  216,570.00 ",21790,05,70,0570
M6003664,6003664,โกลบอลพาร์ทเนอร์บิสสิเนส บจก.,FOOD-MERCHANDISE,2023,"  1,029,931.92 ","  1,029,931.92 ",21760,05,60,0560
M6100185,6100185,ยูนีเวอร์สบิวตี้ บจก.,BAS CONSOL,2023,"  718,830.14 ","  671,803.89 ",21661,04,61,0461
M6100432,6100432,มณฑศรรรณ หจก.,BAS CONSOL,2023, NULL ,  786.70 ,21730,05,30,0530
M6100611,6100611,บุษยา บุญรอด,BAS CONSOL,2023,"  4,324,358.24 ","  4,324,358.24 ",21730,05,30,0530
M6100645,6100645,เค.พี.เฮ้าส์ ฟู้ดแอนด์เบฟเวอเรจโปรดักชั่น หจก.,BAS CONSOL,2023,"  121,201.17 ","  113,272.12 ",21760,05,60,0560
M6100681,6100681,ซีพีเอฟ เทรดดิ้ง บจก. (BAS),BAS CONSOL,2023,"  24,222,263.37 ","  24,199,555.42 ",21710,05,10,0510
M6004703,6004703,อาหารสำเร็จรูปสุไหงโก-ลก บจก. (SME),FOOD-MERCHANDISE,2023,"  213,941.28 ","  199,945.13 ",21630,04,30,0430
M6004715,6004715,บ้านกล้วย(2017) บจก. (SME),FOOD-MERCHANDISE,2023,"  146,764.72 ","  160,728.28 ",21620,04,20,0420
M6004720,6004720,ของพี่น้องระยอง บจก.,FOOD-MERCHANDISE,2023,"  1,267,700.96 ","  1,185,039.36 ",21620,04,20,0420
M6004732,6004732,ไทย ยังเกอร์ ฟาร์ม บจก. (SME),FOOD-MERCHANDISE,2023,"  1,745,094.63 ","  1,630,929.60 ",21610,04,10,0410
M6004738,6004738,สยาม ดีไลท์ กรุ๊ป บจก. (SME),FOOD-MERCHANDISE,2023,"  89,015.66 ","  83,192.20 ",21622,04,22,0422
M6004752,6004752,ซีพีเอฟ โกลบอล ฟู้ด โซลูชั่น บมจ. (แทนM6004031),FOOD-MERCHANDISE,2023,"  1,285,408.27 ","  1,201,316.10 ",21790,05,70,0570
M6004756,6004756,ซีพีเอฟ โกลบอล ฟู้ด โซลูชั่น บมจ. (แทนM6004042),FOOD-MERCHANDISE,2023,"  4,444,380.62 ","  4,153,626.76 ",21790,05,70,0570
M6004764,6004764,คิงสเตลล่า กรุ๊ป บจก. (แทน M4002176),FOOD-MERCHANDISE,2023,"  8,634,811.48 ","  8,069,917.32 ",21670,04,70,0470
M6004769,6004769,ลพบุรี ฟู้ด หจก.,FOOD-MERCHANDISE,2023,"  1,311,510.00 ","  1,311,510.00 ",21740,05,40,0540
M6004770,6004770,แดรี่แชมป์ บจก.,FOOD-MERCHANDISE,2023,"  164,220.24 ","  153,476.92 ",21790,05,70,0570
M6100908,6100908,จิราพัชร ใจเจริญ,BAS CONSOL,2023,"  179,316.64 ","  179,316.64 ",21740,05,40,0540
M6100910,6100910,ปริดา แซ่อึ๊ง,BAS CONSOL,2023,"  677,774.52 ","  677,774.52 ",21760,05,60,0560
M6100939,6100939,พิสมัย อรมัง,BAS CONSOL,2023,"  751,529.42 ","  751,529.42 ",21730,05,30,0530
M6100946,6100946,วราภรณ์ ตุ้มเพ็ชร,BAS CONSOL,2023, NULL ,"  1,685.72 ",21740,05,40,0540
M6100993,6100993,เอกพล พฤกษ์วัฒนศิริ,BAS CONSOL,2023,"  281,521.25 ","  281,521.25 ",21720,05,20,0520
M6101019,6101019,เชียงการีลา ฟู้ดโปรดักส์ บจก. (BAS),BAS CONSOL,2023,"  1,953,436.68 ","  1,825,641.76 ",21740,05,40,0540
M6101033,6101033,อภิรดี ไกรทอง,BAS CONSOL,2023,"  4,235,896.94 ","  4,235,896.94 ",21730,05,30,0530
M6101045,6101045,ยุทธพันธ์ จิตรตรง,BAS CONSOL,2023,"  7,461,524.94 ","  7,461,524.94 ",21730,05,30,0530
M6101051,6101051,แอคชั่น อายแวร์ บจก. (Bas DF),BAS CONSOL,2023,"  1,043,211.37 ","  974,963.94 ",21850,06,30,0630
M6001415,6001415,ไทยฮา บมจ.,FOOD-MERCHANDISE,2023,"  1,474,385.50 ","  1,377,930.35 ",21630,04,30,0430
M6001423,6001423,เซ็นทรัลเทรดดิ้ง บจก. (DF),FOOD-MERCHANDISE,2023,"  5,513,186.20 ","  5,152,510.56 ",21660,04,60,0460
M6001450,6001450,กวงเตี่ยงดิสเปนซารี่ หสน.,FOOD-MERCHANDISE,2023,"  7,871,097.88 ","  5,666,174.51 ",21840,06,20,0620
M6001490,6001490,พันธ์เชษฐ์ 2549 หจก.,FOOD-MERCHANDISE,2023,"  7,247,358.04 ","  6,773,231.77 ",21660,04,60,0460
M6001497,6001497,เล่าจุ่นเซ้ง หจก..,FOOD-MERCHANDISE,2023,"  1,503,764.89 ","  1,405,387.74 ",21650,04,50,0450
M6001501,6001501,ฟาร์มาฮอฟ บจก.,FOOD-MERCHANDISE,2023,"  8,585,373.62 ","  1,952,477.79 ",21860,06,40,0640
M6001543,6001543,โรงน้ำแข็งวรรณเทพ,FOOD-MERCHANDISE,2023,"  111,909.01 ","  104,962.20 ",21790,05,70,0570
M6003622,6003622,เอลิแอล อินเตอร์เนชั่นแนล (ไทยแลนด์) บจก.,FOOD-MERCHANDISE,2023,"  100,472,016.15 ","  93,899,080.47 ",21672,04,72,0472
M6003687,6003687,บีบี วินเนอร์ 99 หจก.,FOOD-MERCHANDISE,2023,"  387,288.48 ","  361,951.86 ",21760,05,60,0560
M6003690,6003690,ลิลลี่อุตสาหกรรม บจก.,FOOD-MERCHANDISE,2023,"  2,147,403.89 ","  2,006,919.54 ",21620,04,20,0420
M6003696,6003696,ยู สตาร์ (ประเทศไทย) บจก.,FOOD-MERCHANDISE,2023,  (129.08),  (120.64),21850,06,30,0630
M6003727,6003727,ชาณิดา โชติพัฒนถาวร,FOOD-MERCHANDISE,2023,"  22,990.00 ","  22,990.00 ",21790,05,70,0570
M6003667,6003667,ยะลาฟูดส์ บจก.,FOOD-MERCHANDISE,2023,"  809,250.61 ","  756,309.93 ",21710,05,10,0510
M6003715,6003715,เคียงมูล พลังงานยั่งยืน(ประเทศไทย) บจก.,FOOD-MERCHANDISE,2023,"  308,521.21 ","  288,337.55 ",21670,04,70,0470
M6003736,6003736,เอ็นแอนด์เคกิจรุ่งเรือง บจก.,FOOD-MERCHANDISE,2023,"  599,869.91 ","  560,626.14 ",21790,05,70,0570
M6003746,6003746,ดีเคเอสเอช (ประเทศไทย) บจก. (Sherwoodแทน 3700729),FOOD-MERCHANDISE,2023,"  8,577,789.09 ","  4,084,879.90 ",21671,04,71,0471
M6003746,6003746,ดีเคเอสเอช (ประเทศไทย) บจก. (Sherwoodแทน 3700729),FOOD-MERCHANDISE,2023,  (120.40),  (112.52),21850,06,30,0630
M6101154,6101154,สุภัค อ่อนประดา,BAS CONSOL,2023,"  393,438.19 ","  393,438.19 ",21740,05,40,0540
M6101173,6101173,วันเพ็ญ ไชยวงศ์ษา,BAS CONSOL,2023, NULL ,  86.48 ,21730,05,30,0530
M6101245,6101245,อัมทิกา แสงพระเวส,BAS CONSOL,2023,"  1,640,769.77 ","  1,640,769.77 ",21760,05,60,0560
M6101255,6101255,สุชาดา ศิริพันธุ์,BAS CONSOL,2023,"  10,516,005.17 ","  10,516,093.17 ",21760,05,60,0560
M6101269,6101269,ยอร์คกี้ส์ พอร์ค แพลทเตอร์ บจก.,BAS CONSOL,2023,"  1,470,117.79 ","  1,373,941.87 ",21760,05,60,0560
M6101284,6101284,วิภา ธิติดิลกรัตน์,BAS CONSOL,2023,"  1,982,962.81 ","  1,982,962.81 ",21760,05,60,0560
M6101329,6101329,สุกัญญา อิ่มบุญสุ,BAS CONSOL,2023,"  136,914.31 ","  136,914.31 ",21740,05,40,0540
M6101349,6101349,ทริปเปิ้ลเพาเวอร์โซลูชั่น บจก.,BAS CONSOL,2023,"  30,730,047.32 ","  28,719,670.39 ",21750,05,50,0550
M6101362,6101362,เบทาโกรเกษตรอุตสาหกรรม บจก. (BAS),BAS CONSOL,2023,"  4,323.75 ","  4,323.75 ",21790,05,70,0570
M6101403,6101403,วรรณศมน โพธิ์ชัยรัตน์,BAS CONSOL,2023,"  48,669.02 ","  49,851.83 ",21760,05,60,0560
M6101454,6101454,วิษณุ น้อยนิ่ม,BAS CONSOL,2023,"  26,549.41 ","  27,617.20 ",21730,05,30,0530
M6004787,6004787,เพ็ท เพทรอน บจก. (SME),FOOD-MERCHANDISE,2023,"  89,333.78 ","  83,489.52 ",21680,04,80,0480
M6004789,6004789,อีสานโพล ฟู้ดแอนด์โฟรเซ่น บจก.,FOOD-MERCHANDISE,2023,"  125,250.00 ","  125,250.00 ",21720,05,20,0520
M6004793,6004793,ไทยซอสเทรดดิ้ง หจก. (SME),FOOD-MERCHANDISE,2023,"  359,490.96 ","  335,972.88 ",21630,04,30,0430
M6004802,6004802,ซัคเซส 365 เทรดดิ้ง บจก. (SME),FOOD-MERCHANDISE,2023,"  549,265.94 ","  513,332.64 ",21622,04,22,0422
M6004820,6004820,แอพพิไทป์ กรุป บจก. (ABT),FOOD-MERCHANDISE,2023,"  34,746.06 ","  32,472.96 ",21640,04,40,0440
M6004837,6004837,แฟชั่นฟู้ด บจก. (ABT),FOOD-MERCHANDISE,2023,"  269,640.00 ","  155,398.32 ",21630,04,30,0430
M6004860,6004860,ลิตเติ้ลฟาร์ม โกลเบิล บจก. (ABT),FOOD-MERCHANDISE,2023,"  677,882.45 ","  170,447.00 ",21750,05,50,0550
M6004870,6004870,โนโวไลฟ์ บจก. (ABT),FOOD-MERCHANDISE,2023,"  4,218,182.16 ","  2,547,719.52 ",21840,06,20,0620
M6004890,6004890,สไปซ์ สตอรี่ บจก. (ABT),FOOD-MERCHANDISE,2023,"  18,000.14 ","  10,280.40 ",21610,04,10,0410
M6004899,6004899,ธนาวัธน์อุตสาหกรรม บจก. (ABT),FOOD-MERCHANDISE,2023,"  183,288.44 ","  171,297.61 ",21620,04,20,0420
M6004933,6004933,ปกรณ์ แสนจิตต์ (ABT),FOOD-MERCHANDISE,2023,"  456,858.00 ","  456,858.00 ",21730,05,30,0530
M6004936,6004936,ไอซ์ เทคโนโลยี พรอไพรทารี บจก. (TLKK),FOOD-MERCHANDISE,2023,"  8,650.95 ","  8,085.00 ",33421,00,0,00000
M6004947,6004947,เมอร์รี่แอนด์โค บจก.,FOOD-MERCHANDISE,2023,"  79,291.87 ","  74,104.61 ",21790,05,70,0570
M6004952,6004952,สยาม ดีไลท์ กรุ๊ป บจก. (ABT),FOOD-MERCHANDISE,2023,"  171,927.60 ","  509,860.00 ",21622,04,22,0422
M6004961,6004961,เอ็ม.เจ. เฮอริเทจ หจก. (ABT),FOOD-MERCHANDISE,2023,"  632,163.21 ","  590,806.73 ",21760,05,60,0560
M6001573,6001573,กระบี่จังหวัดพาณิชย์ บจก.,FOOD-MERCHANDISE,2023,"  1,909,209.69 ","  1,784,308.06 ",21650,04,50,0450
M6001622,6001622,ข้าวแสนดี  บจก.,FOOD-MERCHANDISE,2023,"  129,559,160.96 ","  129,559,160.96 ",21630,04,30,0430
M6001630,6001630,สมบัติบริการพยัคฆ์  หจก.,FOOD-MERCHANDISE,2023,"  2,619,294.72 ","  2,447,938.97 ",21650,04,50,0450
M6001687,6001687,เอฟ.ซี.พี. บจก.,FOOD-MERCHANDISE,2023,"  (174,990.62)","  (155,751.03)",21850,06,30,0630
M6001728,6001728,ชัยทิพย์ บจก.,FOOD-MERCHANDISE,2023,"  119,970,773.22 ","  119,970,773.22 ",21630,04,30,0430
M6002501,6002501,ดีเคเอสเอช (ประเทศไทย) บจก. (Nutrition Abboth),FOOD-MERCHANDISE,2023,"  290,647,602.45 ","  271,633,273.35 ",21610,04,10,0410
M6002502,6002502,ดีเคเอสเอช (ประเทศไทย) บจก. (Pantai Delica),FOOD-MERCHANDISE,2023,"  15,100,184.02 ","  14,112,321.51 ",21740,05,40,0540
M6002522,6002522,คาร์มาร์ท บมจ.,FOOD-MERCHANDISE,2023,"  664,694.91 ","  621,210.24 ",21661,04,61,0461
M6002527,6002527,โปร เห็ด บจก.,FOOD-MERCHANDISE,2023,"  53,132,296.92 ","  53,132,296.92 ",21730,05,30,0530
M6002565,6002565,เสกสรรค์ ศรีประเทศ,FOOD-MERCHANDISE,2023,"  1,429,146.80 ","  1,429,146.80 ",21730,05,30,0530
M6002585,6002585,ดีเคเอสเอช (ประเทศไทย) บจก. (Taisho),FOOD-MERCHANDISE,2023,"  5,833,958.27 ","  1,115,607.62 ",21850,06,30,0630
M6002587,6002587,ดีเคเอสเอช (ประเทศไทย) บจก. (Vistra),FOOD-MERCHANDISE,2023,"  2,131,807.63 ","  185,980.16 ",21860,06,40,0640
M6004980,6004980,เจ.พี. เอ็น. (2017) บจก. ABT (SME),FOOD-MERCHANDISE,2023,"  58,500.32 ","  54,673.20 ",21762,05,62,0562
M6005020,6005020,ธนิถา ทีปกรนราพิตร (SME),FOOD-MERCHANDISE,2023,"  14,905.42 ","  13,930.30 ",21622,04,22,0422
M6005021,6005021,เจ เอม กูด-เนเจอร์ บจก. (SME),FOOD-MERCHANDISE,2023,"  109,742.96 ","  109,742.96 ",21612,04,12,0412
M6005025,6005025,เลอฟอง บจก. (SME),FOOD-MERCHANDISE,2023,  (113.74),  (106.30),21760,05,60,0560
M6005025,6005025,เลอฟอง บจก. (SME),FOOD-MERCHANDISE,2023,"  1,109,897.94 ","  1,037,287.78 ",21762,05,62,0562
M6005046,6005046,ดิจิทัล เฮลท์ ฮับ บจก. (SME),FOOD-MERCHANDISE,2023,"  375,570.00 ","  351,000.00 ",21840,06,20,0620
M6005058,6005058,มิลเลี่ยน ฟู้ดส์ บจก. (ABT),FOOD-MERCHANDISE,2023,"  32,403.02 ","  30,283.20 ",21620,04,20,0420
M6005059,6005059,เมืองยศ วอลล์ บจก.,FOOD-MERCHANDISE,2023,"  2,994.16 ","  2,798.28 ",21790,05,70,0570
M6005060,6005060,ไอ ฟู้ดคอนเซป (ไอ.เอฟ.ซี) บจก.,FOOD-MERCHANDISE,2023,"  144,050.00 ","  144,050.00 ",21740,05,40,0540
M6100174,6100174,จีระพงษ์ บัวแพ,BAS CONSOL,2023,"  408,904.30 ","  408,904.30 ",21740,05,40,0540
M6100356,6100356,ยูนิฟู้ด ซัพพลาย บจก.,BAS CONSOL,2023,"  14,219.01 ","  4,236.99 ",21760,05,60,0560
M6100614,6100614,ภูมิดิน เนเชอรัล โปรดักส์ หจก.,BAS CONSOL,2023,"  258,773.96 ","  241,844.82 ",21850,06,30,0630
M6100688,6100688,อะกรีไลฟ์ (ประเทศไทย) บจก.,BAS CONSOL,2023,"  3,766,117.02 ","  3,519,735.53 ",21850,06,30,0630
M6100781,6100781,เอนก เหมเสริม,BAS CONSOL,2023,"  1,514,027.87 ","  1,514,027.87 ",21730,05,30,0530
M6100784,6100784,แนชเชอรัล แอนด์ พรีเมี่ยม ฟู๊ด บจก. (M6100784),BAS CONSOL,2023,"  553,294.25 ","  544,220.04 ",21740,05,40,0540
M6100814,6100814,เนเจอร์ไฟว์ เฟรชมาร์ท บจก.,BAS CONSOL,2023,"  2,070,394.32 ","  2,070,394.32 ",21730,05,30,0530
M6100863,6100863,ฟาร์มแม่สะอาด หจก.,BAS CONSOL,2023,"  20,158,912.07 ","  19,779,054.22 ",21760,05,60,0560
M6100934,6100934,ปราโมทย์ ข้าวบ่อ,BAS CONSOL,2023,"  1,161,623.79 ","  1,085,629.71 ",21730,05,30,0530
M6100935,6100935,จาโกต้า (ประเทศไทย) บจก. (HAM),BAS CONSOL,2023,"  34,070,166.22 ","  33,964,949.60 ",21710,05,10,0510
M6101026,6101026,นวรัตน์ ศิริพันธุ์ และ วนิดา ศิริพันธุ์,BAS CONSOL,2023,"  5,544,849.47 ","  5,544,849.47 ",21760,05,60,0560
M6101075,6101075,ชนาภา สิทธิบุณยภัค,BAS CONSOL,2023,"  11,601,526.70 ","  11,601,526.70 ",21760,05,60,0560
M6101082,6101082,ไอเฟรช เทรดดิ้ง บจก.,BAS CONSOL,2023, NULL ,"  1,054.59 ",21730,05,30,0530
M6101083,6101083,โอเวอร์ซี ซัพพลาย หจก.,BAS CONSOL,2023, NULL ,"  5,293.40 ",21730,05,30,0530
M6101126,6101126,พิชชาพร พันธ์นัดที,BAS CONSOL,2023,"  2,664,383.21 ","  2,664,383.21 ",21720,05,20,0520
M6101144,6101144,วิภาดา ไกรสันเทียะ,BAS CONSOL,2023,"  1,608,575.13 ","  1,608,575.13 ",21730,05,30,0530
M6101147,6101147,ศุภฤกษ์ จันวัตร์ (PLM),BAS CONSOL,2023,"  5,987,316.88 ","  5,987,316.88 ",21760,05,60,0560
M6101158,6101158,มณฑิรา บุญพารอด,BAS CONSOL,2023,"  705,492.45 ","  705,492.45 ",21760,05,60,0560
M6101458,6101458,ทวีสิทธิ์ หอมพรมมา,BAS CONSOL,2023,"  321,035.30 ","  321,035.30 ",21730,05,30,0530
M6101466,6101466,อุตสาหกรรมแป้งไทย บจก.,BAS CONSOL,2023,"  2,947.84 ","  2,819.09 ",21750,05,50,0550
M6101483,6101483,เอม ไฮ เอนเตอร์ไพรซ์ บจก.,BAS CONSOL,2023,  724.52 ,  887.11 ,21850,06,30,0630
M6101527,6101527,สุธัมมา ล้อมวงษ์,BAS CONSOL,2023,"  1,704.57 ","  1,704.57 ",21740,05,40,0540
M6101576,6101576,ไทยอารีย์ ฟู๊ดแอนด์เฟรนด์ บจก.,BAS CONSOL,2023,"  3,010,316.41 ","  2,813,379.83 ",21630,04,30,0430
M6101594,6101594,ดีลโซลูชั่น บจก.,BAS CONSOL,2023,"  310,614.86 ","  349,925.78 ",21760,05,60,0560
M6101652,6101652,เวย์ตาน่า บจก.,BAS CONSOL,2023,"  10,844,794.56 ","  10,135,322.02 ",21760,05,60,0560
M6101681,6101681,วิสิทธิ์ อุบลนุช,BAS CONSOL,2023,"  443,654.57 ","  443,654.57 ",21730,05,30,0530
M6101689,6101689,คิวเอ็มเอ็ม บจก. (Bas10),BAS CONSOL,2023,"  4,100,130.75 ","  4,100,759.85 ",21710,05,10,0510
M6101706,6101706,สุชาติ สิริวันเพ็ญ,BAS CONSOL,2023,"  666,356.23 ","  666,356.23 ",21730,05,30,0530
M6003767,6003767,เจเอส คอมเมอร์เชียล เทรด บจก.,FOOD-MERCHANDISE,2023,"  3,346,418.54 ","  3,127,493.96 ",21760,05,60,0560
M6003775,6003775,ผิงก้วน เน็ตเวิร์ค บจก. (Pure),FOOD-MERCHANDISE,2023,"  132,353.55 ","  90,308.23 ",21840,06,20,0620
M6003782,6003782,อดุลย์ วังตาล,FOOD-MERCHANDISE,2023,"  166,090.00 ","  166,090.00 ",21730,05,30,0530
M6003786,6003786,พาตาร์แลบ (2517) บจก.,FOOD-MERCHANDISE,2023,"  1,821,010.26 ","  1,701,878.74 ",21840,06,20,0620
M6003792,6003792,ชาเม่ คอร์ปอเรชั่น บมจ.,FOOD-MERCHANDISE,2023,"  1,947,267.82 ","  1,819,876.50 ",21610,04,10,0410
M6003802,6003802,อินเตอร์เนชั่นแนล เพ็ท ฟู้ด บจก.,FOOD-MERCHANDISE,2023,"  38,142,110.95 ","  38,380,957.35 ",21680,04,80,0480
M6003824,6003824,ยูนิเวอร์คอม บจก.,FOOD-MERCHANDISE,2023,"  149,753.99 ","  139,957.00 ",21760,05,60,0560
M6003849,6003849,อมฤต กรุ๊ป บจก.,FOOD-MERCHANDISE,2023,"  1,149,479.71 ","  1,074,280.08 ",21661,04,61,0461
M6003748,6003748,ลานนา มาร์เก็ตเพลส บจก.,FOOD-MERCHANDISE,2023,"  8,750.00 ","  8,750.00 ",21750,05,50,0550
M6003769,6003769,ซันโทรี่ เป๊ปซี่โค เบเวอเรจ (ประเทศไทย) บจก.,FOOD-MERCHANDISE,2023,"  21,159,159.94 ",  -   ,21630,04,30,0430
M6003775,6003775,ผิงก้วน เน็ตเวิร์ค บจก. (Pure),FOOD-MERCHANDISE,2023,"  2,748,402.39 ","  2,497,242.39 ",21850,06,30,0630
M6101722,6101722,เจ เอ็นเอส อันดามัน บจก.,BAS CONSOL,2023,"  9,068,817.82 ","  8,475,530.64 ",21760,05,60,0560
M6101771,6101771,ยูนิค ฟู้ด บจก.,BAS CONSOL,2023,"  6,585.26 ","  6,195.04 ",21760,05,60,0560
M6101781,6101781,แพทอง ภูเก็ต บจก.,BAS CONSOL,2023,"  11,167,990.00 ","  10,437,373.84 ",21760,05,60,0560
M6101864,6101864,ไทย อร่อย อินเตอร์ กรุ๊ป บจก. (BAS),BAS CONSOL,2023,"  19,090,234.23 ","  17,841,340.40 ",21620,04,20,0420
M6101889,6101889,เอ็ม.เอ.จี.เฮลตี้ แคร์ บจก.,BAS CONSOL,2023,"  4,256.03 ","  3,977.60 ",21840,06,20,0620
M6101919,6101919,สวนไทโภคภัณฑ์ บจก.,BAS CONSOL,2023,"  448,160.14 ","  418,841.25 ",21760,05,60,0560
M6001785,6001785,เซ็ปเป้ บมจ.,FOOD-MERCHANDISE,2023,"  18,154,222.59 ","  16,827,115.00 ",21640,04,40,0440
M6001810,6001810,เอ็มบีเอ โปร ฟู๊ด บจก. (M6001810),FOOD-MERCHANDISE,2023,"  11,366.73 ","  10,623.11 ",21750,05,50,0550
M6001813,6001813,กฤษณัฐ ไอซ์ หจก.,FOOD-MERCHANDISE,2023,"  531,323.76 ","  564,415.47 ",21790,05,70,0570
M6001814,6001814,คิวรอน บจก. (DF),FOOD-MERCHANDISE,2023,"  23,660,325.45 ","  22,112,453.60 ",21660,04,60,0460
M6001815,6001815,ไทยเทปกาวอุตสาหกรรม บจก. (M6001815),FOOD-MERCHANDISE,2023,"  3,781,833.33 ","  3,080,979.03 ",21720,05,20,0520
M6001815,6001815,ไทยเทปกาวอุตสาหกรรม บจก. (M6001815),FOOD-MERCHANDISE,2023,"  3,862,930.05 ","  3,185,574.00 ",21750,05,50,0550
M6001881,6001881,สุขสมบูรณ์น้ำมันพืช บจก.,FOOD-MERCHANDISE,2023,"  14,354,250.61 ","  13,410,467.86 ",21740,05,40,0540
M6001897,6001897,อุตสาหกรรมนมไทย บจก.,FOOD-MERCHANDISE,2023,"  613,900.29 ","  573,738.60 ",21740,05,40,0540
M6001911,6001911,มูลนิธิแม่ฟ้าหลวงในพระบรมราชูปถัมภ์,FOOD-MERCHANDISE,2023,"  5,837,962.80 ","  5,837,962.80 ",21610,04,10,0410
M6100090,6100090,ส.ขอนแก่นฟู้ดส์ บมจ (BAS),BAS CONSOL,2023,"  15,072,582.64 ","  14,086,568.75 ",21760,05,60,0560
M6100242,6100242,บุณยนุช ลภัตสิริกุล,BAS CONSOL,2023,"  234,443.77 ","  234,443.77 ",21750,05,50,0550
M6100325,6100325,เอ็ม.ที.ฟรุท โปรดักส์ บจก.,BAS CONSOL,2023, NULL ,  47.20 ,21730,05,30,0530
M6100489,6100489,ไอเอพลัส บจก.,BAS CONSOL,2023, NULL ,  105.00 ,21850,06,30,0630
M6100663,6100663,ไวพจน์ ชำนาญรักษา,BAS CONSOL,2023,"  20,807,362.68 ","  20,807,362.68 ",21730,05,30,0530
M6100780,6100780,บีเอ็มเอส-ฟู๊ด บจก.,BAS CONSOL,2023,"  1,851,379.40 ","  1,730,261.12 ",21760,05,60,0560
M6101960,6101960,เอ็นเคบี อะโกรเทค หจก.,BAS CONSOL,2023,"  3,607,746.27 ","  3,607,746.27 ",21730,05,30,0530
M6101971,6101971,ไร่วรกานต์ บจก.,BAS CONSOL,2023, NULL ,  467.78 ,21730,05,30,0530
M6102976,6102976,กรีน แล็บ คอร์ปอเรชั่น บจก. (BAS),BAS CONSOL,2023, NULL ,  291.90 ,21730,05,30,0530
M6102977,6102977,พิมรี่ รีเทล บจก. (BAS),BAS CONSOL,2023,"  3,118,699.18 ","  2,914,672.14 ",21620,04,20,0420
M6103013,6103013,บางกอก อินสตรูเม้นท์ เซ็นเตอร์ บจก. BAS (SME),BAS CONSOL,2023,"  7,443,489.24 ","  6,956,531.96 ",21762,05,62,0562
M6101328,6101328,ฟารีดา ดราย ฟรุ๊ตส์ บจก.,BAS CONSOL,2023,"  15,334,701.52 ","  15,334,701.52 ",21730,05,30,0530
M6101362,6101362,เบทาโกรเกษตรอุตสาหกรรม บจก. (BAS),BAS CONSOL,2023,"  15,776,156.47 ","  14,743,863.42 ",21760,05,60,0560
M6101364,6101364,ธีระพงษ์ อินเตอร์ฟู้ดส์ บจก.,BAS CONSOL,2023,"  98,298.69 ","  91,867.95 ",21760,05,60,0560
M6101388,6101388,ณัฐกฤตา ราชแก้ว,BAS CONSOL,2023,"  321,917.28 ","  329,812.42 ",21730,05,30,0530
M6101412,6101412,บัณฑูร กอบัว,BAS CONSOL,2023,"  32,625.70 ","  34,171.34 ",21790,05,70,0570
M6101436,6101436,สุริยา ศรีวงษา,BAS CONSOL,2023, NULL ,  867.60 ,21730,05,30,0530
M6101447,6101447,เบทาโกร เกษตรอุตสาหกรรม บจก. (มาริเนด),BAS CONSOL,2023,"  4,802,683.09 ","  4,478,773.29 ",21710,05,10,0510
M6100819,6100819,สุรศักดิ์ กาวิละ,BAS CONSOL,2023,"  632,163.17 ","  632,163.17 ",21730,05,30,0530
M6100898,6100898,วัชมนฟู้ด บจก. (BAS),BAS CONSOL,2023,"  5,411,929.79 ","  5,411,929.79 ",21730,05,30,0530
M6100906,6100906,เฮอริเทจ มาร์เก็ตติ้ง บจก. (BAS),BAS CONSOL,2023,"  6,535,171.86 ","  6,225,541.30 ",21730,05,30,0530
M6101125,6101125,คณาณัฐ บุญเสฏฐ์พาณิช,BAS CONSOL,2023, NULL ,"  1,428.20 ",21730,05,30,0530
M6101136,6101136,นภษร เกตุสวาสดิ์,BAS CONSOL,2023,"  509,228.52 ","  509,228.52 ",21730,05,30,0530
M6101461,6101461,เอ.ซี.เค.อิมปอร์ต แอนด์ เอ็กซ์ปอร์ต บจก.,BAS CONSOL,2023,"  1,942,465.98 ","  1,942,465.98 ",21730,05,30,0530
M6101537,6101537,ธัชพงศ์ ศิริ,BAS CONSOL,2023,"  521,464.76 ","  521,464.76 ",21740,05,40,0540
M6101550,6101550,สุทธิชัย รัตนบำรุงศิลป์,BAS CONSOL,2023,"  161,031.53 ","  150,496.73 ",21760,05,60,0560
M6101648,6101648,พิเชฐ เวชกรปฏิวงค์,BAS CONSOL,2023,"  1,431,546.17 ","  1,431,546.17 ",21760,05,60,0560
M6101650,6101650,โสภณวิชญ์ โสภาประดิษฐ์,BAS CONSOL,2023,"  3,867,663.57 ","  3,867,663.57 ",21760,05,60,0560
M6101664,6101664,เขมิกา ดวงกล้า,BAS CONSOL,2023,"  2,571,581.63 ","  2,571,581.63 ",21730,05,30,0530
M6101667,6101667,จารุนันท์ แสงสว่าง,BAS CONSOL,2023,"  606,690.44 ","  606,690.44 ",21730,05,30,0530
M6101700,6101700,เค้ก แอนด์ เบเกอรี่ บจก. (BAS),BAS CONSOL,2023, NULL ,"  5,742.00 ",21750,05,50,0550
M6103021,6103021,เวนเจอร์เทค มาร์เก็ตติ้ง บจก. (BAS),BAS CONSOL,2023,"  366,240.07 ","  342,280.32 ",21760,05,60,0560
M6103047,6103047,สยาม คอนซูมเมอร์ โปรดักส์ บจก. BAS (SME),BAS CONSOL,2023,"  7,259,077.42 ","  6,784,184.51 ",21762,05,62,0562
M6103074,6103074,ไอฟู้ด อินเตอร์เทรด บจก. (SME),BAS CONSOL,2023,"  224,478.94 ","  209,793.41 ",21762,05,62,0562
M6300013,6300013,เค.ที.ยูเทนซิล บจก. (DF),FOOD-MERCHANDISE,2023,"  2,449,248.49 ","  2,289,017.28 ",21310,02,10,0210
M6300054,6300054,ซี.เอ็ม.กัมมี่ บจก.,FOOD-MERCHANDISE,2023,"  2,913,892.92 ","  2,723,264.40 ",21620,04,20,0420
M6300130,6300130,บอนกาแฟ (ประเทศไทย) บจก. (LP),FOOD-MERCHANDISE,2023,"  1,418,614.56 ","  1,325,808.00 ",21701,00,0,00000
M6300275,6300275,ตั้งเจริญมีนบุรี บจก. (LP),FOOD-MERCHANDISE,2023,"  168,231.95 ","  164,883.60 ",21790,05,70,0570
M6101727,6101727,สุดา บุญรัตนัง,BAS CONSOL,2023,"  428,779.71 ","  428,779.71 ",21730,05,30,0530
M6101730,6101730,รสริน พุทธภูมิพิทักษ์,BAS CONSOL,2023,"  99,084.12 ","  99,084.12 ",21730,05,30,0530
M6101739,6101739,พัด อินทรสรณ์ (Food Fair),BAS CONSOL,2023,"  3,617,114.18 ","  3,617,114.18 ",21730,05,30,0530
M6101760,6101760,สยามบุศรัชญ์ บจก.,BAS CONSOL,2023,"  53,868,104.78 ","  50,344,023.15 ",21760,05,60,0560
M6101859,6101859,เอส เอส สยามสไมล์ กรุ๊ป บจก.,BAS CONSOL,2023,"  395,426.98 ","  369,557.93 ",21760,05,60,0560
M6101863,6101863,บัณฑิต บุญรอด (Remit 6101559),BAS CONSOL,2023,"  2,029,640.81 ","  2,029,640.81 ",21740,05,40,0540
M6101866,6101866,แสงดาว ศรีเดช,BAS CONSOL,2023,"  3,200,571.42 ","  3,200,571.42 ",21740,05,40,0540
M6101876,6101876,พี.เอ.เอส ฟู้ดส์ บจก.,BAS CONSOL,2023,"  225,238.48 ","  210,503.23 ",21740,05,40,0540
M6101908,6101908,ฟาร์มผึ้งลัดดา บจก.,BAS CONSOL,2023,"  2,309,554.24 ","  2,309,554.24 ",21760,05,60,0560
M6101924,6101924,ศุภกฤต วงษพันธ์,BAS CONSOL,2023,"  86,402.04 ","  86,402.04 ",21740,05,40,0540
M6003866,6003866,เจียเจีย อินเตอร์กรุ๊ป บจก.,FOOD-MERCHANDISE,2023,"  663,422.24 ","  620,020.74 ",21620,04,20,0420
M6003868,6003868,ไอมาร์เก็ต (ไทยแลนด์) บจก. (IMPORT),FOOD-MERCHANDISE,2023,"  195,901.50 ","  178,812.80 ",21630,04,30,0430
M6003876,6003876,แพน ราชเทวี กรุ๊ป บมจ. (Pure),FOOD-MERCHANDISE,2023,"  947,620.38 ","  679,653.01 ",21830,06,10,0610
M6003922,6003922,กัสตรอนอมเม่อ บจก.,FOOD-MERCHANDISE,2023,"  24,806.88 ","  23,184.00 ",21760,05,60,0560
M6003930,6003930,หอมละมุน19 บจก.,FOOD-MERCHANDISE,2023,"  109,767.92 ","  102,586.80 ",21760,05,60,0560
M6003934,6003934,พี แอนด์ แอล อแด็ปเตอร์  หจก.,FOOD-MERCHANDISE,2023,"  341,621.10 ","  319,272.00 ",21630,04,30,0430
M6003953,6003953,ซูกิชิ อินเตอร์กรุ๊ป บจก.,FOOD-MERCHANDISE,2023,"  7,969,865.28 ","  7,442,080.28 ",21760,05,60,0560
M6003989,6003989,ฟิลลิป มอร์ริส เทรดดิ้ง (ไทยแลนด์) บจก.,FOOD-MERCHANDISE,2023,"  685,892,913.00 ","  637,436,819.54 ",21690,04,90,0490
M6003806,6003806,บริวเบอรี่ บจก.,FOOD-MERCHANDISE,2023,"  79,716,186.50 ","  74,501,108.72 ",21650,04,50,0450
M6003816,6003816,จิตตาภัทร์ โชติสิริภัควรกุล,FOOD-MERCHANDISE,2023,"  2,947,830.00 ","  2,947,830.00 ",21760,05,60,0560
M6003818,6003818,ซีพีเอฟ เรสเทอรองท์ แอนด์ ฟู้ดเชน บจก. (แทน 6002529),FOOD-MERCHANDISE,2023,"  191,209,798.94 ","  178,700,745.15 ",21740,05,40,0540
M6003848,6003848,ชลธิดา มนตรี,FOOD-MERCHANDISE,2023,"  1,847,446.00 ","  1,847,446.00 ",21760,05,60,0560
M6003869,6003869,อาร์โก ฟู๊ด แอนด์ ฟาร์ม บจก.,FOOD-MERCHANDISE,2023,"  77,640.00 ","  77,640.00 ",21630,04,30,0430
M6003870,6003870,เบียร์สมบูรณ์สุข บจก.,FOOD-MERCHANDISE,2023,"  6,390,732.51 ","  5,972,647.21 ",21650,04,50,0450
M6003909,6003909,เอสพี เพรช อินเตอร์เทรด บจก.,FOOD-MERCHANDISE,2023,"  19,052,506.00 ","  19,052,506.00 ",21730,05,30,0530
M6003918,6003918,นภัสวรรณ จารุจินดา,FOOD-MERCHANDISE,2023,"  1,014,720.00 ","  1,017,400.06 ",21790,05,70,0570
M6003966,6003966,สุนทรี ฟู้ดส์ บจก.,FOOD-MERCHANDISE,2023,"  9,675,744.64 ","  9,042,752.00 ",21720,05,20,0520
M6003969,6003969,เมดิคอส บจก.,FOOD-MERCHANDISE,2023,"  1,871,281.18 ","  1,748,860.92 ",21840,06,20,0620
M6101180,6101180,ร้านธีระมาร์เก็ตติ้ง,BAS CONSOL,2023, NULL ,  371.25 ,21730,05,30,0530
M6101186,6101186,ถาวร ยาทา,BAS CONSOL,2023,"  18,833.01 ","  18,833.01 ",21730,05,30,0530
M6101199,6101199,ชนม์พรรษ์ สิทธิบุณยภัค,BAS CONSOL,2023,"  18,669,810.37 ","  18,669,810.37 ",21760,05,60,0560
M6101299,6101299,กู๊ด ฟู้ด เอ็กซ์พอร์ท แอนด์ อิมพอร์ท บจก.,BAS CONSOL,2023,"  7,327.63 ","  6,848.26 ",21760,05,60,0560
M6101308,6101308,จิรวัฒน์ ธนรัชต์นะคำศรี,BAS CONSOL,2023,"  1,332,804.55 ","  1,332,804.55 ",21760,05,60,0560
M6101349,6101349,ทริปเปิ้ลเพาเวอร์โซลูชั่น บจก.,BAS CONSOL,2023,"  582,017.83 ","  557,575.58 ",21760,05,60,0560
M6101358,6101358,ทักษิณ ใจเป็นชาย,BAS CONSOL,2023,"  200,312.71 ","  200,312.71 ",21730,05,30,0530
M6101360,6101360,ไบโอ พาเน็ค ดีเวลลอปเมนท์ (ประเทศไทย) บจก.,BAS CONSOL,2023,"  10,444,611.35 ","  10,374,760.10 ",21730,05,30,0530
M6101362,6101362,เบทาโกรเกษตรอุตสาหกรรม บจก. (BAS),BAS CONSOL,2023,"  8,084,352.77 ","  8,084,352.77 ",21720,05,20,0520
M6101373,6101373,สไปซ์ สตอรี่ บจก.,BAS CONSOL,2023,"  903,095.40 ","  844,014.40 ",21620,04,20,0420
M6101386,6101386,ปัณณรัตน์ ศรีประเทศ,BAS CONSOL,2023,"  218,816.73 ","  218,816.73 ",21730,05,30,0530
M6001944,6001944,กาญจนา เฟรช พอร์ค บจก.,FOOD-MERCHANDISE,2023,"  14,144,654.00 ","  14,144,654.00 ",21710,05,10,0510
M6002001,6002001,สมเสรี บจก. (M6002001),FOOD-MERCHANDISE,2023,"  3,271,848.73 ","  3,057,802.56 ",21670,04,70,0470
M6002006,6002006,ไดโช (ประเทศไทย) บจก.,FOOD-MERCHANDISE,2023,"  579,084.00 ","  541,200.00 ",21790,05,70,0570
M6002014,6002014,เอส.จี.ฟาร์อีสเทิร์น บจก.,FOOD-MERCHANDISE,2023,"  1,074,796.86 ","  967,521.48 ",21610,04,10,0410
M6002096,6002096,แอปคาร์ ฟาร์มาแลป (ประเทศไทย) บจก.,FOOD-MERCHANDISE,2023,"  206,980.24 ","  193,439.40 ",21840,06,20,0620
M6002128,6002128,สหกรณ์โคเนื้อมหาวิทยาลัยเกษตรศาสตร์ วิทยาเขตกำแพงแสน จำกัด (M6002128),FOOD-MERCHANDISE,2023,"  8,478,161.60 ","  8,478,161.60 ",21710,05,10,0510
M6002193,6002193,คุณแม่จู้ บจก.,FOOD-MERCHANDISE,2023,"  46,497,457.71 ","  43,455,566.73 ",21760,05,60,0560
M6101406,6101406,ไทย เอซี อินเตอร์เฟรช บจก.,BAS CONSOL,2023,"  777,783.57 ","  777,783.57 ",21730,05,30,0530
M6101415,6101415,วิสาหกิจชุมชนเกษตรหมู่บ้านบางไผ่,BAS CONSOL,2023,"  2,026,811.90 ","  2,026,811.90 ",21730,05,30,0530
M6101460,6101460,ไพศาล ฟู้ด บจก.,BAS CONSOL,2023,"  642,878.20 ","  600,820.74 ",21750,05,50,0550
M6101500,6101500,สุริยะ พัฒนประสิทธิ์ชัย,BAS CONSOL,2023,"  91,579.32 ","  91,579.32 ",21760,05,60,0560
M6101514,6101514,ธรรมา ลอยพโยม,BAS CONSOL,2023,"  1,543,875.20 ","  1,543,875.20 ",21730,05,30,0530
M6101589,6101589,เอสพีเอ็น ฟู้ดส์ (ประเทศไทย) บจก.,BAS CONSOL,2023,"  320,464.95 ","  299,499.95 ",21630,04,30,0430
M6101605,6101605,คิง เฟรช ฟาร์ม บจก. (BAS),BAS CONSOL,2023, NULL ,  770.46 ,21730,05,30,0530
M6101630,6101630,เอ็ม.เจ. เฮอริเทจ หจก.,BAS CONSOL,2023,"  36,880,990.88 ","  34,468,215.75 ",21760,05,60,0560
M6101725,6101725,สกินอัส แอลโอซี บจก.,BAS CONSOL,2023,"  69,336.69 ","  64,800.63 ",21860,06,40,0640
M6101733,6101733,ปารมี เอียดเฉลิม BAS (FF),BAS CONSOL,2023,"  3,927,094.43 ","  3,927,094.43 ",21730,05,30,0530
M6101783,6101783,นูทริชั่น โปรเฟส บจก.,BAS CONSOL,2023,"  1,935.05 ","  1,808.46 ",21860,06,40,0640
M6101809,6101809,พรทิพย์ (ภูเก็ต) บจก.,BAS CONSOL,2023,"  1,914,503.94 ","  1,789,256.00 ",21760,05,60,0560
M6101810,6101810,ชุติมา อาลิแอ,BAS CONSOL,2023,"  170,303.29 ","  170,303.29 ",21760,05,60,0560
M6101932,6101932,แอลไลแอนซ์ ฟู้ด เอ็กซ์เพิร์ท บจก.,BAS CONSOL,2023,"  163,688.42 ","  155,797.32 ",21760,05,60,0560
M6101935,6101935,กิตติ์ศพัช บจก.,BAS CONSOL,2023,"  2,518,367.27 ","  2,353,614.26 ",21760,05,60,0560
M6101939,6101939,วิต้าลิซี่ บจก.,BAS CONSOL,2023,"  1,184,567.48 ","  1,107,072.41 ",21840,06,20,0620
M6101946,6101946,ไบโอบอร์น บจก.,BAS CONSOL,2023,"  474,663.11 ","  443,610.41 ",21840,06,20,0620
M6101947,6101947,เอส.เจ.ที.เซลส์ บจก.,BAS CONSOL,2023, NULL ,  345.61 ,21760,05,60,0560
M6101962,6101962,ล้อมเพ็ชร 91 บจก.,BAS CONSOL,2023,"  137,745.68 ","  128,734.27 ",21760,05,60,0560
M6101988,6101988,ลีดเดอร์ ภูเก็ต หจก.,BAS CONSOL,2023,"  95,874.26 ","  69,420.77 ",21660,04,60,0460
M6102953,6102953,ณภัทรน้ำปลาหวาน หจก.,BAS CONSOL,2023,"  8,852,436.22 ","  8,661,975.94 ",21730,05,30,0530
M6102964,6102964,บางกอก แฮมโปรดักส์ ซัพพลาย  บจก. (BAS),BAS CONSOL,2023,"  7,406,609.87 ","  6,922,170.31 ",21760,05,60,0560
M6102984,6102984,จุติมาพร พลพงษ์ (SME),BAS CONSOL,2023,"  38,282.27 ","  38,282.27 ",21740,05,40,0540
M6102996,6102996,ลียาฮาลาลฟู้ดส์ บจก. (SME),BAS CONSOL,2023,"  169,412.07 ","  158,328.85 ",21620,04,20,0420
M6102999,6102999,โอเชี่ยน ลูท (ประเทศไทย) บจก. (BAS),BAS CONSOL,2023,"  365,554.65 ","  366,433.28 ",21720,05,20,0520
M6003990,6003990,แหลมทองฟู้ดมาร์เก็ตติ้ง บจก. (FF),FOOD-MERCHANDISE,2023,"  3,440,688.00 ",  -   ,21730,05,30,0530
M6004000,6004000,ฐิตวันต์ออร์ชาร์ด บจก.,FOOD-MERCHANDISE,2023,"  23,980,183.30 ","  23,558,572.20 ",21730,05,30,0530
M6004026,6004026,ซีพีเอฟ เทรดดิ้ง บจก. (แทน 6003968),FOOD-MERCHANDISE,2023,"  2,254,519.19 ","  2,106,379.58 ",21760,05,60,0560
M6004039,6004039,มาสเตอร์โปรดักส์ กรุ๊ป บจก.,FOOD-MERCHANDISE,2023,"  2,533,624.98 ","  2,367,873.84 ",21660,04,60,0460
M6004045,6004045,วัลเล่ย์พลัส บจก.,FOOD-MERCHANDISE,2023,"  5,730,328.29 ","  5,332,251.00 ",21660,04,60,0460
M6004063,6004063,ไมโครไบโอเทค บจก.,FOOD-MERCHANDISE,2023,"  6,255,579.61 ","  5,726,005.10 ",21670,04,70,0470
M6103013,6103013,บางกอก อินสตรูเม้นท์ เซ็นเตอร์ บจก. BAS (SME),BAS CONSOL,2023,"  7,037,652.76 ","  6,577,245.57 ",21730,05,30,0530
M6103020,6103020,บิ๊กโทเคน ทรานสปอร์ต หจก. BAS (SME),BAS CONSOL,2023,"  614,526.62 ","  614,526.62 ",21730,05,30,0530
M6103033,6103033,ซีพีเอฟ โกลบอล ฟู้ด โซลูชั่น บมจ. (แทนM6100681),BAS CONSOL,2023,"  370,362.18 ","  107,756.20 ",21720,05,20,0520
M6300099,6300099,อิโนวา ซีอาร์ซี บจก.,FOOD-MERCHANDISE,2023,"  1,515,435.58 ","  1,416,294.94 ",21660,04,60,0460
M6003997,6003997,ประกอบกิจ ไอซ์ บจก.,FOOD-MERCHANDISE,2023,"  216,126.99 ","  201,987.83 ",21790,05,70,0570
M6004025,6004025,ซีพีเอฟ เทรดดิ้ง บจก. (แทน 6003808),FOOD-MERCHANDISE,2023,"  1,075,279.93 ","  1,004,934.93 ",21760,05,60,0560
M6004031,6004031,ซีพีเอฟ เทรดดิ้ง บจก. (แทน 6003814),FOOD-MERCHANDISE,2023,"  16,366,745.81 ","  15,296,055.51 ",21760,05,60,0560
M6004033,6004033,ซีพีเอฟ เทรดดิ้ง บจก. (แทน 6003809),FOOD-MERCHANDISE,2023,"  19,798,246.74 ","  18,503,034.32 ",21760,05,60,0560
M6004158,6004158,บีอาร์ พีซี บจก. (Remit 3000813),FOOD-MERCHANDISE,2023,"  31,111,990.55 ","  29,076,626.67 ",21660,04,60,0460
M6101827,6101827,ฉันทวัฒน์ พันธ์นัดที,BAS CONSOL,2023,"  323,000.19 ","  323,000.19 ",21760,05,60,0560
M6101871,6101871,อาสค์ไมท์ บจก.,BAS CONSOL,2023, NULL ,"  1,462.52 ",21840,06,20,0620
M6101911,6101911,ภัสสา เทรดดิ้ง บจก. (Pure),BAS CONSOL,2023,"  1,256,647.15 ","  1,174,436.59 ",21840,06,20,0620
M6101959,6101959,สิทธิโชค ปรีชาเดชบารมี,BAS CONSOL,2023,"  90,051.27 ","  90,051.27 ",21760,05,60,0560
M6002593,6002593,สหพัฒนพิบูล บมจ. (M6002593),FOOD-MERCHANDISE,2023,"  1,463,098.88 ","  23,649.00 ",21671,04,71,0471
M6002599,6002599,ชุมชนเภสัชกรรม บมจ.,FOOD-MERCHANDISE,2023,"  2,191,611.36 ","  2,266,619.65 ",21830,06,10,0610
M6002605,6002605,อัลทิเมท ริช บจก.,FOOD-MERCHANDISE,2023,"  2,942,126.52 ","  2,767,899.91 ",21790,05,70,0570
M6002633,6002633,ฟูลริช ไอศกรีม บจก.,FOOD-MERCHANDISE,2023,"  196,144.62 ","  183,312.69 ",21790,05,70,0570
M6002652,6002652,รีเบิร์ท (ไทยแลนด์) บจก.,FOOD-MERCHANDISE,2023,"  494,380.40 ","  462,037.77 ",21850,06,30,0630
M6002659,6002659,ที.แมน ฟาร์มา บจก.,FOOD-MERCHANDISE,2023,"  (7,500.00)","  (7,009.35)",21695,04,95,0495
M6002659,6002659,ที.แมน ฟาร์มา บจก.,FOOD-MERCHANDISE,2023,"  4,498,821.89 ","  817,303.54 ",21830,06,10,0610
M6002305,6002305,สหกรณ์โคนมหนองโพราชบุรี  จำกัด(ในพระบรมราชูปถัมภ์),FOOD-MERCHANDISE,2023,"  37,279,604.17 ","  36,260,595.89 ",21640,04,40,0440
M6002315,6002315,กรีนริซโปรดิวซ์ บจก. (M6002315),FOOD-MERCHANDISE,2023,"  37,502,854.10 ","  37,502,854.10 ",21730,05,30,0530
M6002337,6002337,แมสมาร์เกตติ้ง บจก. (M6002337),FOOD-MERCHANDISE,2023,"  13,839,453.70 ","  12,167,049.47 ",21840,06,20,0620
M6002341,6002341,หยั่น หว่อ หยุ่น คอร์ปอเรชั่น กรุ๊ป บจก.,FOOD-MERCHANDISE,2023,"  301,559,843.28 ","  280,942,890.55 ",21630,04,30,0430
M6002368,6002368,เชียงใหม่ธนาธรฟาร์ม บจก. (M6002368),FOOD-MERCHANDISE,2023,"  38,701,159.53 ","  38,701,159.53 ",21730,05,30,0530
M6002387,6002387,อารี ฟู้ดส์ (ประเทศไทย) บจก. (M6002387),FOOD-MERCHANDISE,2023,"  291,740.85 ","  272,655.00 ",21750,05,50,0550
M6002457,6002457,ดีเคเอสเอช (ประเทศไทย) บจก. (Kayari),FOOD-MERCHANDISE,2023,"  8,082,407.40 ","  7,553,651.74 ",21670,04,70,0470
M6004067,6004067,สิทธิโสม บจก.,FOOD-MERCHANDISE,2023,"  196,575.36 ","  183,715.24 ",21790,05,70,0570
M6004074,6004074,เจือพาณิชย์,FOOD-MERCHANDISE,2023,"  86,028.00 ","  80,400.00 ",21790,05,70,0570
M6004076,6004076,คิสออฟบิวตี้ บจก. (โลชั่น),FOOD-MERCHANDISE,2023,"  (11,275.13)","  (10,537.50)",21840,06,20,0620
M6004083,6004083,พีซีเอ็น มาร์เก็ตติ้ง แอนด์ ดิสทริบิวชั่น บจก.,FOOD-MERCHANDISE,2023,"  1,594,200.80 ","  1,633,747.22 ",21680,04,80,0480
M6004097,6004097,น้ำทิพย์ธารา บจก.,FOOD-MERCHANDISE,2023,"  126,135.00 ","  131,047.16 ",21790,05,70,0570
M6004100,6004100,สกาย บลู ทรีจี บจก.,FOOD-MERCHANDISE,2023,"  1,067,132.88 ","  997,320.39 ",21630,04,30,0430
M6004127,6004127,ซีโน-แปซิฟิค เทรดดิ้ง (ไทยแลนด์) บจก. (ซัมยัง),FOOD-MERCHANDISE,2023,"  127,768,434.41 ","  119,401,680.05 ",21630,04,30,0430
M6004129,6004129,ละมุน เบบี้ บจก.,FOOD-MERCHANDISE,2023,"  257,938.41 ","  238,764.90 ",21660,04,60,0460
M6102952,6102952,ครีเอแคร์ บจก.,BAS CONSOL,2023,  955.49 ,  892.99 ,21850,06,30,0630
M6102977,6102977,พิมรี่ รีเทล บจก. (BAS),BAS CONSOL,2023,"  807,843.65 ","  754,994.06 ",21630,04,30,0430
M6102978,6102978,อินชา บีฟ บจก. (BAS),BAS CONSOL,2023,"  432,863.05 ","  429,390.48 ",21710,05,10,0510
M6102996,6102996,ลียาฮาลาลฟู้ดส์ บจก. (SME),BAS CONSOL,2023,"  1,701,308.81 ","  1,590,008.25 ",21674,04,74,0474
M6103015,6103015,บางกอก อินสตรูเม้นท์ เซ็นเตอร์ บจก. BAS_DF (SME),BAS CONSOL,2023,"  1,115,598.64 ","  1,042,615.55 ",21622,04,22,0422
M6103016,6103016,การูดา โกลด์ วิสาหกิจเพื่อสังคม บจก. BAS (SME),BAS CONSOL,2023,"  3,520,743.81 ","  3,290,414.75 ",21762,05,62,0562
M6004195,6004195,วัชร ดิสทริบิวชั่น บจก.,FOOD-MERCHANDISE,2023,"  2,640.01 ","  2,467.30 ",21790,05,70,0570
M6004197,6004197,เคซี ไชยบุญเรือง หจก.,FOOD-MERCHANDISE,2023,"  493,944.93 ","  470,750.24 ",21790,05,70,0570
M6004215,6004215,โมเดิรน์คาส อินเตอร์เนชั่นแนล คอสเมติคส์ บจก. (New),FOOD-MERCHANDISE,2023,"  11,595,267.82 ","  10,836,698.83 ",21660,04,60,0460
M6004223,6004223,บ้านไทยธรรมชาติ หจก.,FOOD-MERCHANDISE,2023,"  4,273,477.30 ","  3,964,760.16 ",21660,04,60,0460
M6004228,6004228,ทาคาโซ่ เอสซี (ประเทศไทย) บจก.,FOOD-MERCHANDISE,2023,"  1,273,802.66 ","  1,190,469.88 ",21630,04,30,0430
M6004231,6004231,กล้า เนเจอร์ บจก.,FOOD-MERCHANDISE,2023,"  123,996.28 ","  77,609.96 ",21660,04,60,0460
M6004240,6004240,แม็กซ์ม่าฟู้ด บจก.,FOOD-MERCHANDISE,2023,"  590,275.85 ","  551,659.68 ",21620,04,20,0420
M6300007,6300007,กรไทย บจก.,FOOD-MERCHANDISE,2023,"  5,693,153.92 ","  5,320,704.60 ",21610,04,10,0410
M6300129,6300129,อีร่า ครีเอชั่น บจก. (LP),FOOD-MERCHANDISE,2023,"  616,481.27 ","  576,150.72 ",21670,04,70,0470
M6300247,6300247,เอส แอนด์ เจ อินเตอร์เนชั่นแนล เอนเตอร์ไพรส์ บมจ. (LP),FOOD-MERCHANDISE,2023,"  3,887,362.16 ","  3,172,088.16 ",21661,04,61,0461
M6300273,6300273,ลำปางฟู้ดมาร์เก็ตติ้ง บจก. (LP),FOOD-MERCHANDISE,2023,"  574,757.33 ","  537,156.41 ",21630,04,30,0430
M6300297,6300297,สยามฟู้ดส์ แอนด์ เบเวอร์เรจส์ บจก. (LP),FOOD-MERCHANDISE,2023,"  237,211.41 ","  221,692.88 ",21761,05,61,0561
M6300305,6300305,ดีเอฟที (ประเทศไทย) บจก. (LP),FOOD-MERCHANDISE,2023,"  1,592,981.90 ","  1,267,995.60 ",21662,04,62,0462
M6300327,6300327,โกลเด้นฮาร์เวสท์(ประเทศไทย) บจก.,FOOD-MERCHANDISE,2023,"  33,167,943.35 ","  31,948,984.87 ",21630,04,30,0430
M6300334,6300334,วาไรตี้ ฟู้ดส์ อินเตอร์เนชั่นแนล บจก. (LP),FOOD-MERCHANDISE,2023,"  5,083,313.20 ","  4,750,760.00 ",21750,05,50,0550
M6300336,6300336,สยามฟู้ดส์อินดัสทรี้ บจก. (LP),FOOD-MERCHANDISE,2023,"  29,972,506.00 ","  28,011,732.76 ",21620,04,20,0420
M6300357,6300357,ยูนิโปร เทอร์มอล แอนด์ อะคูสติก โซลูชั่นส์ บจก.,FOOD-MERCHANDISE,2023,"  2,765,835.51 ","  2,584,893.00 ",21310,02,10,0210
M6300429,6300429,ดีเคเอสเอช (ประเทศไทย) บจก. (St.Dalfour),FOOD-MERCHANDISE,2023,"  5,145,632.41 ","  4,809,002.26 ",21610,04,10,0410
M6300444,6300444,ฟู้ด แกลเลอรี่ บจก. (M6300444),FOOD-MERCHANDISE,2023,"  4,046,633.28 ","  3,781,900.33 ",21760,05,60,0560
M6004252,6004252,ดีเคเอสเอช (ประเทศไทย) บจก. (Pure),FOOD-MERCHANDISE,2023,"  2,770,411.90 ","  2,353,400.00 ",21840,06,20,0620
M6004257,6004257,รัตนโชค ดิสทริบิวชั่น บจก. (New),FOOD-MERCHANDISE,2023,"  841,367.46 ","  786,325.26 ",21790,05,70,0570
M6004274,6004274,"บราวน์-ฟอร์แมน ไทยแลนด์, แอล. แอล. ซี.",FOOD-MERCHANDISE,2023,"  27,397,319.20 ","  25,604,971.26 ",21650,04,50,0450
M6004285,6004285,ก้าว ฟู้ดแลนด์ บจก.,FOOD-MERCHANDISE,2023,"  703,632.00 ","  657,600.00 ",21760,05,60,0560
M6004294,6004294,เกรทเอ็มเพอร์เร่อร์ฟู้ดส์ บจก. (ลด back margin),FOOD-MERCHANDISE,2023,"  33,700.00 ","  22,900.00 ",21710,05,10,0510
M6004297,6004297,ดีเคเอสเอช (ประเทศไทย) บจก. (ชีส เอ็มบล็อค),FOOD-MERCHANDISE,2023,"  7,507,304.45 ","  7,016,172.30 ",21760,05,60,0560
M6004298,6004298,มาดามกัสก้า บจก.,FOOD-MERCHANDISE,2023, NULL ,"  8,572.60 ",21661,04,61,0461
M6004323,6004323,พรทิพย์ เพ็งจันทอง,FOOD-MERCHANDISE,2023,"  58,112,610.96 ","  58,112,610.96 ",21730,05,30,0530
M6004325,6004325,โคโคเน่ น้ำมะพร้าว บจก.,FOOD-MERCHANDISE,2023,"  1,990,851.16 ","  920,735.72 ",21661,04,61,0461
M6004137,6004137,ดีเคเอสเอช (ประเทศไทย) บจก. (TipcoSQueeze),FOOD-MERCHANDISE,2023,"  20,156,112.94 ","  18,837,488.57 ",21760,05,60,0560
M6004154,6004154,ซีพีเอฟ เทรดดิ้ง บจก. (Remit 6004032),FOOD-MERCHANDISE,2023,"  737,481.45 ","  689,235.00 ",21740,05,40,0540
M6004155,6004155,เพนส์ มาร์เก็ตติ้ง แอนด์ ดิสทริบิวชั่น บจก. (New),FOOD-MERCHANDISE,2023,"  5,708,629.36 ","  5,335,167.68 ",21610,04,10,0410
M6004159,6004159,ว่องไท พริ้นติ้ง พลาส บจก. (Wawee),FOOD-MERCHANDISE,2023,"  224,245.25 ","  209,575.00 ",21701,00,0,00000
M6004160,6004160,ชินกฤช ศิริพิน,FOOD-MERCHANDISE,2023, NULL ,"  7,020.00 ",21790,05,70,0570
M6002708,6002708,แซนนิต้า อินเตอร์เนชั่นแนล บจก.,FOOD-MERCHANDISE,2023,"  8,207,605.87 ","  7,581,852.56 ",21672,04,72,0472
M6002731,6002731,ซีแอนด์เอ ไรซ์มิล บจก. (ข้าวสาร),FOOD-MERCHANDISE,2023,"  1,904,437.00 ","  1,895,225.00 ",21630,04,30,0430
M6002732,6002732,ที เอ็น พี เฮลท์แคร์ บจก.,FOOD-MERCHANDISE,2023,"  3,427,082.43 ","  3,202,880.76 ",21661,04,61,0461
M6002751,6002751,ตรีอมร พลัส บจก. (Credit),FOOD-MERCHANDISE,2023,"  218,357.26 ","  204,072.21 ",21860,06,40,0640
M6002774,6002774,สิงห์ขอนแก่น บจก. (Beer),FOOD-MERCHANDISE,2023,"  19,337,207.80 ","  18,072,156.66 ",21650,04,50,0450
M6002786,6002786,ยูนิเกรน มาร์เก็ตติ้ง (1999) บจก. (Hyper),FOOD-MERCHANDISE,2023,"  14,502,710.00 ","  14,502,710.00 ",21630,04,30,0430
M6004342,6004342,จานิฟ ฟู้ด แอนด์ เบฟเวอเรจ บจก.,FOOD-MERCHANDISE,2023,"  3,015,456.66 ","  2,818,183.80 ",21760,05,60,0560
M6004348,6004348,ริเวอร์โปร อินเตอร์เทรด บจก.,FOOD-MERCHANDISE,2023,"  28,336,222.84 ","  30,629,800.31 ",21672,04,72,0472
M6004356,6004356,ไรน์แอนด์เฟรช บจก.,FOOD-MERCHANDISE,2023,"  3,642,823.56 ","  3,404,507.96 ",21660,04,60,0460
M6004376,6004376,อาหารสากลกรุงศรีอยุธยา บจก. (SME),FOOD-MERCHANDISE,2023,"  2,219,444.00 ","  2,094,606.91 ",21630,04,30,0430
M6004378,6004378,โรงน้ำแข็งหลอดวิเศษ บจก.,FOOD-MERCHANDISE,2023,"  34,154.40 ","  31,920.00 ",21790,05,70,0570
M6004386,6004386,แกรนด์ ยูนิเวอร์แซล (ประเทศไทย) บจก. (New),FOOD-MERCHANDISE,2023,"  8,574,862.07 ","  8,013,889.81 ",21672,04,72,0472
M6002812,6002812,บัณฑิตค้าเบียร์ หจก. (Beer),FOOD-MERCHANDISE,2023,"  1,668,088.37 ","  1,558,961.04 ",21650,04,50,0450
M6002825,6002825,ไอดูดิสทรีบิวชั่น บจก. (M6002825),FOOD-MERCHANDISE,2023,"  1,772,160.35 ","  1,656,224.58 ",21790,05,70,0570
M6002832,6002832,เอ็งจีนฮั่วเฮง ห้างหุ้นส่วนสามัญนิติบุคล,FOOD-MERCHANDISE,2023,"  1,621,772.63 ","  1,515,675.36 ",21840,06,20,0620
M6002859,6002859,บ้านเปาะเปี๊ยะ บจก.,FOOD-MERCHANDISE,2023,"  792,934.20 ","  741,060.00 ",21790,05,70,0570
M6002918,6002918,คณะบุคคลพัทธนันท์ โฮมเมด,FOOD-MERCHANDISE,2023,"  3,388,698.57 ","  3,167,008.06 ",21750,05,50,0550
M6002920,6002920,มิตรนคร (นครพนม) หจก.,FOOD-MERCHANDISE,2023,"  2,687,592.14 ","  2,511,768.34 ",21650,04,50,0450
M6002464,6002464,ซิตี้ เฟรช ฟรุ๊ต บจก. (M6002464),FOOD-MERCHANDISE,2023,"  170,921,838.43 ","  170,930,222.43 ",21730,05,30,0530
M6002477,6002477,อัครา กรุ๊ป บจก.,FOOD-MERCHANDISE,2023,"  2,132,573.76 ","  2,001,577.86 ",21760,05,60,0560
M6002509,6002509,ดีเคเอสเอช (ประเทศไทย) บจก. (Ichitan Mai Tan),FOOD-MERCHANDISE,2023,"  122,040,633.47 ","  114,056,666.91 ",21640,04,40,0440
M6004204,6004204,อุบลไอศกรีม บจก. (สำนักงานใหญ่),FOOD-MERCHANDISE,2023,"  1,180,779.10 ","  1,126,469.59 ",21790,05,70,0570
M6004214,6004214,แอนนาโพลิส บจก.,FOOD-MERCHANDISE,2023,"  2,656,719.18 ","  2,482,915.10 ",21610,04,10,0410
M6004216,6004216,ไทย ฟอร์เรสท์ โปรดักส์ บจก. (New),FOOD-MERCHANDISE,2023,"  117,381.82 ","  109,702.80 ",21610,04,10,0410
M6004233,6004233,อัลคอน แลบอราทอรีส์ (ประเทศไทย) บจก.,FOOD-MERCHANDISE,2023,"  1,652,493.87 ","  1,544,386.79 ",21840,06,20,0620
M6004235,6004235,ฟาฟู๊ด บจก.,FOOD-MERCHANDISE,2023,"  1,145,493.62 ","  1,070,554.80 ",21630,04,30,0430
M6004394,6004394,ดีเคเอสเอช (ประเทศไทย) บจก. (ACNE AID),FOOD-MERCHANDISE,2023,"  7,152,886.57 ","  6,684,940.67 ",21850,06,30,0630
M6004402,6004402,ณัฐรินทร์ ศิลาสุขเกษมศิริ (TLKK),FOOD-MERCHANDISE,2023,"  62,930.00 ","  62,930.00 ",33420,00,0,00000
M6004407,6004407,คิว พลัส คอนเซพท์ บจก. (SME),FOOD-MERCHANDISE,2023,"  775,346.73 ","  724,623.11 ",21630,04,30,0430
M6004410,6004410,โกเบ-ย่า โชกุฮิน โคเงียว บจก.,FOOD-MERCHANDISE,2023,"  419,102.78 ","  391,102.80 ",21640,04,40,0440
M6004416,6004416,จาโกต้า บราเดอร์ส เทรดดิ้ง บจก. (ไอศครีม),FOOD-MERCHANDISE,2023,"  6,846,477.58 ","  6,398,578.18 ",21790,05,70,0570
M6004427,6004427,ด.เด็กกินผัก บจก. (SME),FOOD-MERCHANDISE,2023,"  776,327.27 ","  725,539.50 ",21630,04,30,0430
M6004433,6004433,โชคเพชรสมุทร 1999 บจก. (TLKK),FOOD-MERCHANDISE,2023,"  2,621.50 ","  2,450.00 ",33420,00,0,00000
M6004440,6004440,โอสถสภา เบฟเวอเรจ บจก. (ยันฮี),FOOD-MERCHANDISE,2023,"  8,968,805.35 ","  8,382,061.08 ",21640,04,40,0440
M6004449,6004449,เจ็นกรีนสแน็ค บจก.,FOOD-MERCHANDISE,2023,"  1,151,810.53 ","  1,082,364.00 ",21750,05,50,0550
M6004470,6004470,เตียวเฮียบเซ้ง,FOOD-MERCHANDISE,2023,"  52,518.00 ","  52,518.00 ",21610,04,10,0410
M6002973,6002973,พรสยาม เทรดดิ้ง บจก. (M6002973),FOOD-MERCHANDISE,2023,"  1,178,932.76 ","  1,038,604.00 ",21610,04,10,0410
M6004251,6004251,วุ้นเส้นท่าเรือพระแท่น บจก.,FOOD-MERCHANDISE,2023,"  5,333,444.96 ","  4,984,528.00 ",21630,04,30,0430
M6004270,6004270,ธนยศ นระรักษ์,FOOD-MERCHANDISE,2023,"  19,050.00 ","  19,050.00 ",21790,05,70,0570
M6004299,6004299,ซีพีเอฟ เทรดดิ้ง บจก. (ซอส พรีมิกซ์),FOOD-MERCHANDISE,2023,"  454,570.55 ","  424,832.28 ",21610,04,10,0410
M6004305,6004305,เอสเอสยูพี (ประเทศไทย) บจก. (DF),FOOD-MERCHANDISE,2023,"  890,582.21 ","  379,425.86 ",21660,04,60,0460
M6004311,6004311,พี.บี. รัตน์นราทร บจก.,FOOD-MERCHANDISE,2023,"  111,386.45 ","  104,099.53 ",21790,05,70,0570
M6004511,6004511,เสถียร เทรดดิ้ง บจก. (Package Sugar),FOOD-MERCHANDISE,2023,"  1,153,307.25 ","  1,077,857.26 ",21630,04,30,0430
M6004515,6004515,เชียงใหม่ บุญเจริญซัพพลาย บจก. (Wawee),FOOD-MERCHANDISE,2023,"  67,478.82 ","  63,064.32 ",21701,00,0,00000
M6004516,6004516,จริยา ปุณณภัทร์พงษ์ (TLKK),FOOD-MERCHANDISE,2023,"  97,428.00 ","  97,428.00 ",33420,00,0,00000
M6004517,6004517,ดีเคเอสเอช (ประเทศไทย) บจก. (Ichitan Greentea),FOOD-MERCHANDISE,2023,"  53,018,496.99 ","  49,549,997.19 ",21640,04,40,0440
M6300561,6300561,ภรณ์พันธ์ฟู๊ด สิงห์บุรี หจก. (Mini),FOOD-MERCHANDISE,2023,"  178,777.50 ","  179,025.00 ",21790,05,70,0570
M6300569,6300569,ละออ ฟู้ดส์ บจก. (Mini),FOOD-MERCHANDISE,2023,"  8,668,453.05 ","  8,101,357.70 ",21760,05,60,0560
M6300579,6300579,นิวเวฟ เอเชีย บจก. (PLM),FOOD-MERCHANDISE,2023,"  5,145,574.92 ","  4,797,304.94 ",21620,04,20,0420
M6300585,6300585,ไทยปรีดา เทรดดิ้ง บจก. (PLM),FOOD-MERCHANDISE,2023,"  2,114,018.73 ","  1,975,718.42 ",21630,04,30,0430
M6300620,6300620,โรยัล เอ็กซ์ควิซิท ฟู้ด หจก. (PLM),FOOD-MERCHANDISE,2023,"  2,629,974.40 ","  2,457,920.00 ",21630,04,30,0430
M6002552,6002552,แมสมาร์เกตติ้ง บจก. (M6002552),FOOD-MERCHANDISE,2023,"  3,073,066.53 ","  2,872,024.80 ",21630,04,30,0430
M6002569,6002569,ชมณัฐนนท์ ณัฐศรีวัฒน,FOOD-MERCHANDISE,2023,"  2,803,610.00 ","  2,803,610.00 ",21730,05,30,0530
M6002572,6002572,ดีเอสซี ซินดิเคท บจก.,FOOD-MERCHANDISE,2023,"  12,814,532.11 ","  11,976,198.22 ",21610,04,10,0410
M6002585,6002585,ดีเคเอสเอช (ประเทศไทย) บจก. (Taisho),FOOD-MERCHANDISE,2023,"  58,164,270.90 ","  53,863,014.04 ",21840,06,20,0620
M6002588,6002588,ดีเคเอสเอช (ประเทศไทย) บจก. (blackmores),FOOD-MERCHANDISE,2023,"  34,461,858.63 ","  32,048,121.04 ",21840,06,20,0620
M6002593,6002593,สหพัฒนพิบูล บมจ. (M6002593),FOOD-MERCHANDISE,2023,"  265,715,540.99 ","  (15,111.64)",21630,04,30,0430
M6002593,6002593,สหพัฒนพิบูล บมจ. (M6002593),FOOD-MERCHANDISE,2023,"  449,867,202.04 ","  523,454,993.60 ",21660,04,60,0460
M6002595,6002595,โซย่า ฟู้ดส์ บจก.,FOOD-MERCHANDISE,2023,"  2,251,216.12 ","  2,103,940.34 ",21760,05,60,0560
M6002614,6002614,สุเทพ บุญช่วยศิริสกุล (M6002614),FOOD-MERCHANDISE,2023,"  25,066.80 ","  25,066.80 ",21730,05,30,0530
M6003020,6003020,ทรัพย์ทวี สุรินทร์ หจก.,FOOD-MERCHANDISE,2023,"  31,542.26 ","  29,835.04 ",21790,05,70,0570
M6003055,6003055,จิสประพัจน์ หจก.,FOOD-MERCHANDISE,2023,"  1,013,864.45 ","  898,636.90 ",21840,06,20,0620
M6003088,6003088,ทรู ไลน์ เมด บจก.,FOOD-MERCHANDISE,2023,"  283,497.89 ","  264,951.30 ",21840,06,20,0620
M6003108,6003108,โอสถสภา เบฟเวอเรจ บจก. (Lipo),FOOD-MERCHANDISE,2023,"  211,717,862.90 ","  197,867,161.32 ",21640,04,40,0440
M6004330,6004330,เบทาโกรเกษตรอุตสาหกรรม บจก. (House Brand),FOOD-MERCHANDISE,2023,"  191,451,843.64 ","  191,451,843.64 ",21760,05,60,0560
M6004350,6004350,จีเอฟพีที บมจ.,FOOD-MERCHANDISE,2023,"  71,937,161.22 ","  75,842,081.22 ",21710,05,10,0510
M6004354,6004354,โรงน้ำแข็งบัวขาวสายชล,FOOD-MERCHANDISE,2023,"  11,712.00 ","  11,712.00 ",21790,05,70,0570
M6004359,6004359,แบกซัน บจก.,FOOD-MERCHANDISE,2023,"  3,694,537.23 ","  3,452,838.47 ",21650,04,50,0450
M6300309,6300309,เปเปอร์ พัลพ์ แอนด์ ซัพพลาย หจก.,FOOD-MERCHANDISE,2023,"  7,228,526.82 ","  6,755,632.56 ",21672,04,72,0472
M6300387,6300387,ซีพีแรม บจก. (Mini),FOOD-MERCHANDISE,2023,"  21,166.74 ","  19,782.00 ",21740,05,40,0540
M6300420,6300420,ปฐวิน บจก. (M6300420),FOOD-MERCHANDISE,2023,"  2,161,098.86 ","  2,019,718.56 ",21672,04,72,0472
M6300445,6300445,เอส.ดับบลิว.ฟู้ดเทค บจก. (M6300445),FOOD-MERCHANDISE,2023,  -   ,  -   ,21655,04,55,0455
M6002617,6002617,ฟาร์ม่าไลน์ บจก.,FOOD-MERCHANDISE,2023,"  304,652.60 ","  229,079.11 ",21840,06,20,0620
M6002624,6002624,เฉลิมชัยพานิช (เลย) หจก.,FOOD-MERCHANDISE,2023,"  5,056,145.60 ","  4,725,369.54 ",21650,04,50,0450
M6002643,6002643,เวลเกท ดิสทริบิวชั่น บจก.,FOOD-MERCHANDISE,2023,"  598,626.11 ","  559,463.66 ",21840,06,20,0620
M6002677,6002677,บี.เอส.เอ อุบล กรีน พอร์ค หจก.,FOOD-MERCHANDISE,2023,"  14,071.50 ","  14,071.50 ",21740,05,40,0540
M6002693,6002693,โอสถ อินเตอร์ แลบบอราทอรีส์ บจก.,FOOD-MERCHANDISE,2023,"  174,317.97 ","  162,913.99 ",21860,06,40,0640
M6002698,6002698,ศรีจันทร์สหโอสถ บจก.,FOOD-MERCHANDISE,2023,"  7,634,129.85 ","  6,797,945.21 ",21661,04,61,0461
M6002733,6002733,โรจูคิส อินเตอร์เนชั่นแนล บมจ. (เวชสำอาง),FOOD-MERCHANDISE,2023,"  6,137,677.80 ","  3,885,997.20 ",21660,04,60,0460
M6002734,6002734,อสร.ฟู้ดส์ บจก.,FOOD-MERCHANDISE,2023,"  8,573,122.30 ","  8,012,263.87 ",21630,04,30,0430
M6002746,6002746,ไทยน้ำทิพย์ คอมเมอร์เชียล บจก. (DF),FOOD-MERCHANDISE,2023,"  7,109.94 ","  6,644.82 ",21640,04,40,0440
M6004539,6004539,สุขเสรี เอส ไอ ซี หจก. (สาขาที่ 00004),FOOD-MERCHANDISE,2023,"  10,992.97 ","  10,273.80 ",21790,05,70,0570
M6004553,6004553,ตอยยีบัน ฟู้ดส์ บจก.,FOOD-MERCHANDISE,2023,"  973,060.23 ","  909,402.08 ",21760,05,60,0560
M6004554,6004554,ธีรวุฒิ แก้วขุนศรี (SME),FOOD-MERCHANDISE,2023,"  13,334,681.00 ","  13,477,780.03 ",21720,05,20,0520
M6004567,6004567,น้ำแข็งธารา โดยนางสุวนา ชำนาญเวช,FOOD-MERCHANDISE,2023,"  116,520.00 ","  119,520.00 ",21790,05,70,0570
M6004569,6004569,ชบาบางกอก บจก.,FOOD-MERCHANDISE,2023,"  880,721.28 ","  643,200.00 ",21641,04,41,0441
M6004586,6004586,เนเจอร์สลิม บจก. (Credit),FOOD-MERCHANDISE,2023,"  269,928.90 ","  252,270.00 ",21840,06,20,0620
M6004590,6004590,โสรยาผักสด ปลีก-ส่ง (TLKK),FOOD-MERCHANDISE,2023,"  2,587,687.54 ","  2,587,687.54 ",33421,00,0,00000
M6004609,6004609,บางกอก เชน แมเนจเมนท์ บจก.,FOOD-MERCHANDISE,2023,"  731,079.43 ","  683,251.68 ",21640,04,40,0440
M6004613,6004613,เอ็มวายยู-นิค บจก. (FACE CARE),FOOD-MERCHANDISE,2023,"  114,232.19 ","  106,759.08 ",21660,04,60,0460
M6004614,6004614,พาวเวอร์ชอต บจก.,FOOD-MERCHANDISE,2023,"  207,569.83 ","  193,990.50 ",21610,04,10,0410
M6300628,6300628,นอร์ทอีส วอเตอร์ (ประเทศไทย) บจก. (PLM),FOOD-MERCHANDISE,2023,"  2,623,740.70 ","  2,452,094.06 ",21640,04,40,0440
M6300644,6300644,คันนา โกรเซอรีส์ บจก. (PLM),FOOD-MERCHANDISE,2023,"  38,291,887.38 ","  35,786,810.72 ",21760,05,60,0560
M6300650,6300650,คิวท์ โปรดักส์ พลัส บจก. PLM (SME),FOOD-MERCHANDISE,2023,"  4,951,664.72 ","  4,615,743.78 ",21620,04,20,0420
M6300662,6300662,เมดิเพ็ต บจก.,FOOD-MERCHANDISE,2023,"  28,112,394.83 ","  27,925,411.14 ",21680,04,80,0480
M6300693,6300693,วีบีเวล (ประเทศไทย) บจก. (PLM),FOOD-MERCHANDISE,2023,"  3,923,928.79 ","  3,667,223.16 ",21610,04,10,0410
M6300708,6300708,ฉั่วฮะเส็ง ฟู้ดโปรดักส์ บจก. (EXPORT),FOOD-MERCHANDISE,2023,"  217,060.20 ","  202,860.00 ",21630,04,30,0430
M6300710,6300710,เฟิรสท์ คอนเฟคชั่นเนอรี่ บจก. (EXPORT),FOOD-MERCHANDISE,2023,"  1,413,303.32 ","  1,320,844.22 ",21620,04,20,0420
M6003110,6003110,โอสถสภา เบฟเวอเรจ บจก. (Peptine Sweet1),FOOD-MERCHANDISE,2023,"  9,958,783.84 ","  9,307,274.64 ",21610,04,10,0410
M6003130,6003130,สหพัฒนพิบูล บมจ. (Sugar Package),FOOD-MERCHANDISE,2023,"  12,452,380.23 ","  11,637,738.48 ",21630,04,30,0430
M6003135,6003135,โนโวไลฟ์ บจก.,FOOD-MERCHANDISE,2023,"  9,241,183.40 ","  902,016.00 ",21850,06,30,0630
M6003140,6003140,บุญเกิด พิลาวัลย์,FOOD-MERCHANDISE,2023,"  98,850.00 ","  109,050.00 ",21790,05,70,0570
M6003161,6003161,ชัชวาล มั่นสกุล,FOOD-MERCHANDISE,2023,"  20,800.00 ","  21,040.00 ",21790,05,70,0570
M6003165,6003165,คิง เฮลธ์ แคร์ บจก.,FOOD-MERCHANDISE,2023,"  730,017.84 ","  682,259.64 ",21850,06,30,0630
M6003166,6003166,สิริไทยวัฒนา บจก.,FOOD-MERCHANDISE,2023,"  67,318,960.00 ","  62,914,915.92 ",21650,04,50,0450
M6003178,6003178,ยูเนียน อินต้า บจก. (FF),FOOD-MERCHANDISE,2023,"  275,332.40 ","  257,320.00 ",21750,05,50,0550
M6004396,6004396,จานิฟ ฟู้ด แอนด์ เบฟเวอเรจ บจก. (TLKK),FOOD-MERCHANDISE,2023,"  26,771.40 ","  25,020.00 ",26100,00,0,00000
M6004406,6004406,เดย์ พลัส (ไทยแลนด์) บจก.,FOOD-MERCHANDISE,2023,"  14,053,348.77 ","  13,133,970.89 ",21750,05,50,0550
M6004444,6004444,มิลเล่ (ไทยแลนด์) บจก. (DF),FOOD-MERCHANDISE,2023,"  329,106.89 ","  307,576.56 ",21661,04,61,0461
M6004614,6004614,พาวเวอร์ชอต บจก.,FOOD-MERCHANDISE,2023,"  275,931.60 ","  257,880.00 ",21640,04,40,0440
M6004622,6004622,อิจิโกะ บจก.,FOOD-MERCHANDISE,2023,"  2,038,710.83 ","  1,914,553.26 ",21760,05,60,0560
M6004625,6004625,เออเบิน อินเตอร์เทรด บจก. (SME),FOOD-MERCHANDISE,2023,"  788,994.37 ","  737,377.92 ",21620,04,20,0420
M6004633,6004633,เอ็นพีพี ฟู้ด เซอร์วิส บจก.,FOOD-MERCHANDISE,2023,"  746,494.26 ","  699,903.60 ",21790,05,70,0570
M6004637,6004637,พนาพัฒน์ คอมเมอร์เชียล บจก.,FOOD-MERCHANDISE,2023,"  790,042.96 ","  262,765.45 ",21860,06,40,0640
M6004640,6004640,วรรณวนัช เบเกอรี่ บจก.,FOOD-MERCHANDISE,2023,"  11,965,486.35 ","  11,182,697.30 ",21750,05,50,0550
M6004642,6004642,เจ เอ็ม เค กรุ๊ป หจก.,FOOD-MERCHANDISE,2023,"  37,131,394.16 ","  36,458,254.01 ",21760,05,60,0560
M6004643,6004643,โรงงานเชอร์รี่ไอศกรีม บจก. (TLKK),FOOD-MERCHANDISE,2023,"  79,181.00 ","  74,000.94 ",33420,00,0,00000
M6004647,6004647,ดีเอ็มเพลย์แบ็กเชียงใหม่ หจก. (Coffee),FOOD-MERCHANDISE,2023,"  48,000.00 ","  44,859.81 ",21701,00,0,00000
M6004670,6004670,แกรนด์ คอส กรุ๊ป บจก.,FOOD-MERCHANDISE,2023,"  8,916,511.72 ","  8,333,188.44 ",21661,04,61,0461
M6004672,6004672,วิสาหกิจชุมชนเกษตรบ้านควาย (SME),FOOD-MERCHANDISE,2023,"  17,665,836.02 ","  17,665,836.02 ",21730,05,30,0530
M6004680,6004680,แมรี่ แอน แดรี่ โปรดักส์ บจก. (DF),FOOD-MERCHANDISE,2023,"  3,628,533.52 ","  3,438,966.94 ",21640,04,40,0440
M6300736,6300736,โมเดิร์นเทรด แมนเนจเม้นท์ บจก. (Export MMVN),ASSOCIATE - RPT,2023,"  470,091.98 ",  -   ,21630,04,30,0430
M6400017,6400017,ฟู้ดโปรเจ็ค (สยาม)  บจก. (M6400017),FOOD-HORECA/WHOLESALE,2023,"  12,845,542.54 ","  13,017,095.96 ",21720,05,20,0520
M6400017,6400017,ฟู้ดโปรเจ็ค (สยาม)  บจก. (M6400017),FOOD-HORECA/WHOLESALE,2023,"  23,700.15 ","  27,140.39 ",21740,05,40,0540
M6400139,6400139,จอห์นสัน แอนด์ จอห์นสัน คอนซูเมอร์ (ประเทศไทย) บจก. (M6400139),FOOD-HORECA/WHOLESALE,2023,"  836,058.41 ","  778,885.00 ",21660,04,60,0460
M6002802,6002802,ดีเคเอสเอช (ประเทศไทย) บจก. (Tea tree),FOOD-MERCHANDISE,2023,"  1,367,013.67 ","  1,202,495.55 ",21660,04,60,0460
M6004458,6004458,อาหารสุขภาพดี บจก.,FOOD-MERCHANDISE,2023,"  893,998.88 ","  835,512.94 ",21610,04,10,0410
M6004468,6004468,เกรซไบโอ บจก.,FOOD-MERCHANDISE,2023,"  14,579.05 ","  13,625.28 ",21610,04,10,0410
M6004487,6004487,บ้านไร่น้ำแข็ง บจก. (TLKK),FOOD-MERCHANDISE,2023,"  23,375.00 ","  22,061.66 ",33420,00,0,00000
M6004493,6004493,สุรีย์ อินเตอร์ฟู้ดส์ บจก.,FOOD-MERCHANDISE,2023,"  10,432,988.26 ","  9,750,456.32 ",21630,04,30,0430
M6004495,6004495,ณ้ำว้าทวีผล หจก.,FOOD-MERCHANDISE,2023,"  204,450.20 ","  191,074.95 ",21610,04,10,0410
M6004499,6004499,ซี.พี.คอนซูเมอร์โพรดักส์ บจก. (HBA),FOOD-MERCHANDISE,2023,"  8,090,733.37 ","  7,561,432.97 ",21660,04,60,0460
M6004500,6004500,โรงงานปลาร้าแม่ประกาศ บจก.,FOOD-MERCHANDISE,2023,"  676,233.76 ","  631,994.16 ",21630,04,30,0430
M6004516,6004516,จริยา ปุณณภัทร์พงษ์ (TLKK),FOOD-MERCHANDISE,2023,"  35,390.00 ","  35,390.00 ",26100,00,0,00000
M6600008,6600008,คิงส์ วิช บจก. (BCFS),FOOD-MERCHANDISE,2023,"  157,751.98 ","  12,875.15 ",21731,00,0,00000
M6600032,6600032,กนกวรรณ ฟู้ด โปรดักส์ บจก. (BCFS),FOOD-MERCHANDISE,2023,"  257,438.96 ","  240,597.26 ",21630,04,30,0430
M6600041,6600041,ไทยเทพรส บมจ. (BCFS),FOOD-MERCHANDISE,2023,"  482,893.68 ","  180,444.95 ",21631,04,31,0431
M6600054,6600054,ซีโน-แปซิฟิค เทรดดิ้ง (ไทยแลนด์) บจก. (BCFS),FOOD-MERCHANDISE,2023,"  58,211.02 ","  54,402.88 ",21760,05,60,0560
M6600062,6600062,เกรทเอ็มเพอร์เร่อร์ฟู้ดส์ บจก. (BCFS),FOOD-MERCHANDISE,2023,"  305,707.45 ","  289,585.49 ",21790,05,70,0570
M6600073,6600073,จาโกต้า บราเดอร์ส เทรดดิ้ง บจก. (BCFS),FOOD-MERCHANDISE,2023,"  26,936.74 ",  -   ,21730,05,30,0530
M6600073,6600073,จาโกต้า บราเดอร์ส เทรดดิ้ง บจก. (BCFS),FOOD-MERCHANDISE,2023,"  102,705.82 ","  59,282.84 ",21760,05,60,0560
M6600078,6600078,แอนนาโพลิส บจก. (BCFS),FOOD-MERCHANDISE,2023,"  317,751.92 ","  273,970.99 ",21610,04,10,0410
M6600079,6600079,คนมีเส้น บจก. (BCFS),FOOD-MERCHANDISE,2023,"  96,573.39 ","  90,255.50 ",21760,05,60,0560
M6600092,6600092,คิงส์ วิช บจก. BCFS (อาหารพร้อมทาน),FOOD-MERCHANDISE,2023,"  46,647.95 ","  43,596.02 ",21790,05,70,0570
M6600095,6600095,ไทยซอสเซส มาร์เก็ตติ้ง บจก. (BCFS),FOOD-MERCHANDISE,2023,"  537,607.90 ","  502,437.25 ",21760,05,60,0560
M6600113,6600113,เอ็ม เอ พี ฟู้ด บจก. (BCFS),FOOD-MERCHANDISE,2023,"  748,610.54 ","  699,636.08 ",21790,05,70,0570
M6600114,6600114,เนสท์เล่ (ไทย) บจก. (BCFS),FOOD-MERCHANDISE,2023,"  403,007.37 ","  376,642.47 ",21790,05,70,0570
M6004550,6004550,เอส.บี.ฟู้ด บจก. (โดนใจ),FOOD-MERCHANDISE,2023,"  377,186.30 ","  352,510.56 ",21760,05,60,0560
M6004557,6004557,ดัชเชส บจก. (Wawee),FOOD-MERCHANDISE,2023,"  78,150.66 ",  -   ,21730,05,30,0530
M6004563,6004563,คู่บ้าน คู่ครัว บจก.,FOOD-MERCHANDISE,2023,"  25,546.46 ","  23,875.20 ",21630,04,30,0430
M6004564,6004564,ฮายัท ไฮจีนิค โปรดักส์ (ประเทศไทย) บจก.,FOOD-MERCHANDISE,2023, NULL ,  -   ,21670,04,70,0470
M6004573,6004573,แซนด์-เอ็ม โกลบอล บจก. (Remit M6004023),FOOD-MERCHANDISE,2023,"  2,482,795.26 ","  1,099,745.76 ",21860,06,40,0640
M6004584,6004584,ชบา เอลลิแกนซ์ บจก.,FOOD-MERCHANDISE,2023,"  734,925.42 ","  686,846.18 ",21850,06,30,0630
M6004617,6004617,เพนกวิ้น ดิสทริบิวเตอร์ บจก.,FOOD-MERCHANDISE,2023,"  1,207,574.33 ","  1,130,312.17 ",21790,05,70,0570
M6002883,6002883,ตรัง ไอศครีม บจก.,FOOD-MERCHANDISE,2023,"  241,899.08 ","  226,073.92 ",21790,05,70,0570
M6002890,6002890,ตรังจังหวัดพาณิชย์ บจก.,FOOD-MERCHANDISE,2023,"  535,683.02 ","  500,638.31 ",21650,04,50,0450
M6002916,6002916,เคซีจี คอร์ปอเรชั่น บมจ.,FOOD-MERCHANDISE,2023,"  28,214,179.46 ","  33,209,571.86 ",21750,05,50,0550
M6002916,6002916,เคซีจี คอร์ปอเรชั่น บมจ.,FOOD-MERCHANDISE,2023,"  7,899,598.84 ","  7,382,802.69 ",21760,05,60,0560
M6002919,6002919,เอ็น บี ดิสทริบิวเตอร์ หจก.,FOOD-MERCHANDISE,2023,"  807,710.60 ","  757,106.52 ",21790,05,70,0570
M6002929,6002929,คนมีเส้น บจก.,FOOD-MERCHANDISE,2023,"  3,356,434.72 ","  3,141,187.18 ",21760,05,60,0560
M6002936,6002936,ดีเคเอสเอช (ประเทศไทย) บจก. (Khaolaor),FOOD-MERCHANDISE,2023,"  1,948,855.84 ","  127,976.10 ",21840,06,20,0620
M6002937,6002937,ดีเคเอสเอช (ประเทศไทย) บจก. (Sanofi),FOOD-MERCHANDISE,2023,"  1,911,829.28 ","  1,472,892.54 ",21830,06,10,0610
M6300515,6300515,พี แอนด์ บี อินเตอร์ฟู้ด บจก.,FOOD-MERCHANDISE,2023,"  3,070,780.49 ","  2,869,888.32 ",21620,04,20,0420
M6300537,6300537,คิงฟิชเชอร์ 108 เทรดดิ้ง บจก. (PLM),FOOD-MERCHANDISE,2023,"  126,166,451.23 ","  126,166,451.23 ",21680,04,80,0480
M6300546,6300546,บางกอกเบียร์แอนด์เบเวอร์เรจ บจก. (PLM),FOOD-MERCHANDISE,2023,"  2,899,652.96 ","  2,709,956.04 ",21650,04,50,0450
M6300556,6300556,นฤมล รื่นรมย์ (Mini),FOOD-MERCHANDISE,2023,"  220,656.00 ","  220,656.00 ",21790,05,70,0570
M6600117,6600117,ไทยวา บมจ. (BCFS),FOOD-MERCHANDISE,2023,"  276,836.58 ","  258,725.58 ",21760,05,60,0560
M6600118,6600118,โรงงานผลิตภัณฑ์อาหารไทย บจก. (BCFS),FOOD-MERCHANDISE,2023,"  49,452.73 ","  46,217.50 ",21630,04,30,0430
M6600119,6600119,ยูนิลีเวอร์ ไทย เทรดดิ้ง บจก. (HPC+FOOD),FOOD-MERCHANDISE,2023,"  36,679.60 ","  20,553.00 ",21631,04,31,0431
M6600119,6600119,ยูนิลีเวอร์ ไทย เทรดดิ้ง บจก. (HPC+FOOD),FOOD-MERCHANDISE,2023,"  254,663.06 ","  26,153.52 ",21671,04,71,0471
M6600134,6600134,ไทซันฟูดส์ บจก. (BCFS),FOOD-MERCHANDISE,2023,"  72,229.61 ","  60,078.15 ",21620,04,20,0420
M6600135,6600135,อุตสาหกรรมอาหารไทย (1964) บจก. (BCFS),FOOD-MERCHANDISE,2023,"  76,564.00 ","  11,040.00 ",21631,04,31,0431
M6600142,6600142,ไร่ธัญญะ บจก. (BCFS),FOOD-MERCHANDISE,2023,"  154,060.23 ","  74,971.23 ",21631,04,31,0431
M6600146,6600146,เคซีจี คอร์ปอเรชั่น บมจ. (BCFS),FOOD-MERCHANDISE,2023,"  520,773.05 ","  287,022.38 ",21761,05,61,0561
M6600152,6600152,ฉั่วฮะเส็ง ฟู้ดโปรดักส์ บจก. (BCFS),FOOD-MERCHANDISE,2023,"  218,541.78 ","  187,135.17 ",21630,04,30,0430
M6004630,6004630,ผลิตน้ำแข็งไทยขนส่ง บจก. (TLKK),FOOD-MERCHANDISE,2023,"  4,494.00 ","  4,200.00 ",26100,00,0,00000
M6004631,6004631,จณัญญา อินธิศักดิ์,FOOD-MERCHANDISE,2023,"  1,518,660.00 ","  1,518,660.00 ",21740,05,40,0540
M6004694,6004694,สบู่ (ไทยแลนด์) บจก.,FOOD-MERCHANDISE,2023,"  10,763,544.12 ","  10,059,387.00 ",21660,04,60,0460
M6004698,6004698,ไทยน้ำทิพย์ คอร์ปอเรชั่น บจก. (DF),FOOD-MERCHANDISE,2023,"  9,172.59 ",  (0.67),21630,04,30,0430
M6004702,6004702,น้ำหอม (ไทยแลนด์) บจก.,FOOD-MERCHANDISE,2023,"  1,122,592.66 ","  1,049,152.02 ",21661,04,61,0461
M6004707,6004707,กู๊ดแกนิค บจก.,FOOD-MERCHANDISE,2023,"  895,744.58 ","  837,144.48 ",21660,04,60,0460
M6004712,6004712,ไฟน์ ทูเดย์ (ไทยแลนด์) บจก.,FOOD-MERCHANDISE,2023,"  29,188,949.69 ","  27,207,117.60 ",21661,04,61,0461
M6004722,6004722,เดโช บจก. (สินค้านมอัลมอนด์ โคกะ),FOOD-MERCHANDISE,2023,"  14,767,856.38 ","  13,801,734.88 ",21640,04,40,0440
M6600159,6600159,ไอ.ซี.ซี. อินเตอร์เนชั่นแนล บมจ. (BCFS),FOOD-MERCHANDISE,2023,"  211,214.68 ","  197,396.89 ",21670,04,70,0470
M6600160,6600160,วันทูเทรดดิ้ง บจก. (BCFS),FOOD-MERCHANDISE,2023,"  712,231.24 ","  652,306.58 ",21630,04,30,0430
M6600173,6600173,ดีเคเอสเอช (ประเทศไทย) บจก. (SNAKE BRAND) BCFS,FOOD-MERCHANDISE,2023,"  7,393.36 ","  3,411.60 ",21660,04,60,0460
M6600180,6600180,สหพัฒนพิบูล บมจ. (เบ็ดเตล็ด) BCFS,FOOD-MERCHANDISE,2023,"  68,785.43 ","  53,992.05 ",21630,04,30,0430
M6600184,6600184,บีบี แลนด์ 1998 บจก. (BCFS),FOOD-MERCHANDISE,2023,"  5,392.80 ","  5,040.00 ",21730,05,30,0530
M6600199,6600199,เอสดี กัทธรี อินเตอร์เนชั่นแนล มรกต บมจ. (BCFS),FOOD-MERCHANDISE,2023,"  2,678,830.52 ","  2,492,907.04 ",21630,04,30,0430
M6600203,6600203,ดีเคเอสเอช (ประเทศไทย) บจก. (Gogi) BCFS,FOOD-MERCHANDISE,2023,"  272,476.14 ","  254,650.57 ",21610,04,10,0410
M6600208,6600208,ดีเคเอสเอช (ประเทศไทย) บจก. (Pantai) BCFS,FOOD-MERCHANDISE,2023,"  153,271.35 ","  143,244.26 ",21630,04,30,0430
M6600210,6600210,เฮลซ์เทรดดิ้ง (ประเทศไทย) บจก. (BCFS),FOOD-MERCHANDISE,2023,"  1,362,221.28 ","  1,273,104.00 ",21640,04,40,0440
M6600215,6600215,รวมใจ โปรดักส์ บจก. (BCFS),FOOD-MERCHANDISE,2023,"  45,451.72 ","  17,475.28 ",21662,04,62,0462
M6600216,6600216,โรงงานน้ำผลไม้ไทย หจก. (BCFS),FOOD-MERCHANDISE,2023,"  214,607.76 ","  200,568.00 ",21640,04,40,0440
M6600231,6600231,ซันไรส์ แดรี่ บจก. (BCFS),FOOD-MERCHANDISE,2023,"  134,122.97 ","  125,348.59 ",21760,05,60,0560
M6600241,6600241,เอิร์ธ (ประเทศไทย) บจก. (BCFS),FOOD-MERCHANDISE,2023,"  173,209.33 ","  100,876.56 ",21671,04,71,0471
M6002644,6002644,มุกดาหารรวมโชค หจก.,FOOD-MERCHANDISE,2023,"  998,037.17 ","  932,745.00 ",21650,04,50,0450
M6002645,6002645,สตูลเวียงใต้พาณิชย์ หจก.,FOOD-MERCHANDISE,2023,"  900,183.88 ","  841,293.30 ",21650,04,50,0450
M6002674,6002674,เวนเจอร์เทค มาร์เก็ตติ้ง บจก. (M6002674),FOOD-MERCHANDISE,2023,"  1,392,019.21 ","  1,300,952.64 ",21790,05,70,0570
M6002688,6002688,ตะวันแดง ดีซีเอ็ม บจก.,FOOD-MERCHANDISE,2023,"  88,681,666.10 ","  82,880,061.60 ",21640,04,40,0440
M6002752,6002752,บิวตี้ คอมมูนิตี้ บมจ. (M6002752),FOOD-MERCHANDISE,2023,"  694,024.45 ","  211,258.17 ",21840,06,20,0620
M6002938,6002938,ดีเคเอสเอช (ประเทศไทย) บจก. (J&J),FOOD-MERCHANDISE,2023,"  7,435,479.16 ","  1,541,127.64 ",21830,06,10,0610
M6002945,6002945,ดีเคเอสเอช (ประเทศไทย) บจก. (P&G),FOOD-MERCHANDISE,2023,"  7,880,598.88 ","  7,365,045.66 ",21840,06,20,0620
M6002946,6002946,ดีเคเอสเอช (ประเทศไทย) บจก. (Bayer Consumer),FOOD-MERCHANDISE,2023,"  8,927,363.42 ","  1,213,132.23 ",21830,06,10,0610
M6002947,6002947,ดีเคเอสเอช (ประเทศไทย) บจก. (Medinova),FOOD-MERCHANDISE,2023,"  3,061,786.50 ","  370,666.36 ",21830,06,10,0610
M6002951,6002951,ดีทแฮล์ม เคลเลอร์ โลจิสติกส์ บจก. (Teva),FOOD-MERCHANDISE,2023,"  962,963.33 ","  145,950.79 ",21830,06,10,0610
M6002968,6002968,ซิลลิค ฟาร์มา บจก. (Mernarini),FOOD-MERCHANDISE,2023,"  7,772,890.88 ","  7,029,589.10 ",21840,06,20,0620
M6003002,6003002,น้ำแข็งหลอดทับละมุ บจก.,FOOD-MERCHANDISE,2023,"  81,362.80 ","  76,440.00 ",21790,05,70,0570
M6600252,6600252,น้ำตาล สหมิตร บจก. (BCFS),FOOD-MERCHANDISE,2023,"  226,610.04 ","  211,785.09 ",21650,04,50,0450
M6600264,6600264,เนสท์เล่ (ไทย) บจก. (Nestle Professional) BCFS,FOOD-MERCHANDISE,2023,"  9,664.15 ","  6,516.00 ",21750,05,50,0550
M6600265,6600265,โรงเส้นหมี่ชอเฮง บจก. (BCFS),FOOD-MERCHANDISE,2023,"  77,017.76 ","  30,906.57 ",21630,04,30,0430
M6600278,6600278,แมรี่ แอน แดรี่ โปรดักส์ บจก. (BCFS),FOOD-MERCHANDISE,2023,"  466,632.06 ","  481,555.15 ",21760,05,60,0560
M6600286,6600286,ล็อกซเล่ย์ เทรดดิ้ง บจก. (น้ำมันกุ๊ก) BCFS,FOOD-MERCHANDISE,2023,"  628,569.07 ","  517,629.57 ",21630,04,30,0430
M6600292,6600292,หมูดีจริง บจก. (BCFS),FOOD-MERCHANDISE,2023,"  2,509,805.66 ","  2,483,265.66 ",21710,05,10,0510
M6600292,6600292,หมูดีจริง บจก. (BCFS),FOOD-MERCHANDISE,2023,"  722,755.91 ","  510,819.91 ",21790,05,70,0570
M6600295,6600295,ควิค แพ็ค แปซิฟิค บจก. (BCFS),FOOD-MERCHANDISE,2023,"  184,048.56 ","  172,008.00 ",21730,05,30,0530
M6600300,6600300,ผิงก้วน เน็ตเวิร์ค บจก. (BCFS),FOOD-MERCHANDISE,2023,"  39,432.80 ","  55,344.93 ",21672,04,72,0472
M6600323,6600323,โอเชี่ยน คลีน ซัพพลาย บจก. (BCFS),FOOD-MERCHANDISE,2023,"  41,133.58 ","  31,372.80 ",21672,04,72,0472
M6600327,6600327,ฟู้ดส์ คลาสสิค บจก. Sea Food (BCFS),FOOD-MERCHANDISE,2023,"  497,150.35 ","  512,106.75 ",21720,05,20,0520
M6600328,6600328,ฟู้ดส์ คลาสสิค บจก. Frozen (BCFS),FOOD-MERCHANDISE,2023,"  82,337.69 ","  90,663.11 ",21790,05,70,0570
M6600331,6600331,ไทยน้ำทิพย์ คอร์ปอเรชั่น บจก. (BCFS),FOOD-MERCHANDISE,2023,"  2,237,623.66 ",  (0.01),21630,04,30,0430
M6600337,6600337,แพนฟู้ด บจก. (BCFS),FOOD-MERCHANDISE,2023,"  1,495,553.62 ","  1,495,553.62 ",21720,05,20,0520
M6600338,6600338,ไมเนอร์ ซัพพลาย เชน โซลูชั่นส์  บจก. (BCFS),FOOD-MERCHANDISE,2023,"  81,662.40 ","  76,320.00 ",21630,04,30,0430
M6600350,6600350,คอนเนค แอนด์ แกเธอร์ บจก. (BCFS),FOOD-MERCHANDISE,2023,"  249,883.52 ","  233,536.00 ",21620,04,20,0420
M6600367,6600367,คาร์กิลล์มีทส์ (ไทยแลนด์) บจก. (BCFS),FOOD-MERCHANDISE,2023,"  5,775,384.93 ","  5,775,384.93 ",21710,05,10,0510
M6600371,6600371,น้ำมันพืชปทุม บจก. (BCFS),FOOD-MERCHANDISE,2023,"  129,902.28 ","  107,040.00 ",21631,04,31,0431
M6600376,6600376,บี แอนด์ เจ เอ็นเตอร์ไพรส์ บจก. (BCFS),FOOD-MERCHANDISE,2023,"  14,412.90 ","  13,470.00 ",21720,05,20,0520
M6600377,6600377,วี.ซี.มีท โปรเซสซิ่ง บจก. (BCFS),FOOD-MERCHANDISE,2023,"  48,220.00 ",  -   ,21730,05,30,0530
M6800006,6800006,ที.แมน ฟาร์มาซูติคอล บจก. (Siri Pharma),FOOD-MERCHANDISE,2023,"  10,186.00 ","  4,890.90 ",21830,06,10,0610
M6800014,6800014,แปซิฟิค เฮลธ์แคร์ (ไทยแลนด์) บจก. (Siri Pharma),FOOD-MERCHANDISE,2023,"  49,021.60 ","  14,390.56 ",21840,06,20,0620
M6800051,6800051,ดีเคเอสเอช (ประเทศไทย) บจก. J&J (Siri Pharma),FOOD-MERCHANDISE,2023,"  6,741.31 ","  4,522.29 ",21830,06,10,0610
M6800055,6800055,ดีเคเอสเอช (ประเทศไทย) บจก. NESTLE (Siri Pharma),FOOD-MERCHANDISE,2023,"  (4,915.58)","  (4,594.00)",21610,04,10,0410
M6800056,6800056,ดีเคเอสเอช (ประเทศไทย) บจก. NEURIM (Siri Pharma),FOOD-MERCHANDISE,2023,"  49,458.93 ","  30,314.30 ",21840,06,20,0620
M6800057,6800057,ดีเคเอสเอช (ประเทศไทย) บจก. HAWPAR (Siri Pharma),FOOD-MERCHANDISE,2023,"  17,218.44 ","  16,092.00 ",21840,06,20,0620
M6800064,6800064,ดีเคเอสเอช (ประเทศไทย) บจก. NBD (Siri Pharma),FOOD-MERCHANDISE,2023,"  (1,052.07)",  (983.24),21860,06,40,0640
M6800068,6800068,ดีเคเอสเอช (ประเทศไทย) บจก. 3M (Siri Pharma),FOOD-MERCHANDISE,2023,  224.70 ,  210.00 ,21840,06,20,0620
M6004728,6004728,ทีพีไอ รักษ์สุขภาพ บจก.,FOOD-MERCHANDISE,2023,"  315,861.84 ","  295,197.95 ",21670,04,70,0470
M6004751,6004751,ซีพีเอฟ โกลบอล ฟู้ด โซลูชั่น บมจ. (แทนM6004030),FOOD-MERCHANDISE,2023,"  23,234,040.28 ","  23,234,040.28 ",21760,05,60,0560
M6004765,6004765,คิงสเตลล่า กรุ๊ป บจก. (แทน M6000732),FOOD-MERCHANDISE,2023,"  4,961,295.26 ","  4,748,785.18 ",21680,04,80,0480
M6004771,6004771,คิงส์พลัส ดิสทริบิวชัน บจก.,FOOD-MERCHANDISE,2023,"  440,180.80 ","  411,384.12 ",21790,05,70,0570
M6004774,6004774,วังยาว กรุ๊ป บจก. (SME),FOOD-MERCHANDISE,2023,"  258,218.80 ","  241,326.00 ",21622,04,22,0422
M6004791,6004791,บ้านใบชา บจก. (SME),FOOD-MERCHANDISE,2023,"  149,018.49 ","  139,269.60 ",21760,05,60,0560
M6004793,6004793,ไทยซอสเทรดดิ้ง หจก. (SME),FOOD-MERCHANDISE,2023,"  51,912.61 ","  48,516.46 ",21632,04,32,0432
M6004812,6004812,เตี๋ยวตุ๋นหม้อไฟอินดี้ บจก. (ABT),FOOD-MERCHANDISE,2023,"  475,270.03 ","  444,177.60 ",21632,04,32,0432
M6004837,6004837,แฟชั่นฟู้ด บจก. (ABT),FOOD-MERCHANDISE,2023,"  445,951.39 ","  317,278.68 ",21620,04,20,0420
M6004889,6004889,สปา โปรดักส์ ออฟ เอเซีย บจก. (ABT),FOOD-MERCHANDISE,2023,"  30,473.60 ","  28,480.00 ",21660,04,60,0460
M6004889,6004889,สปา โปรดักส์ ออฟ เอเซีย บจก. (ABT),FOOD-MERCHANDISE,2023,"  318,175.20 ","  147,600.00 ",21850,06,30,0630
M6300604,6300604,เอสพี โอเวอร์ซีส์เทรดดิ้ง บจก. (Mini),FOOD-MERCHANDISE,2023,"  3,012,901.49 ","  2,815,795.80 ",21620,04,20,0420
M6300608,6300608,สมุทร สุริย์จามร (Mini),FOOD-MERCHANDISE,2023,"  11,950.00 ","  12,700.00 ",21790,05,70,0570
M6300618,6300618,สยาม ไวเนอรี่คอมเมอร์เชี่ยล บจก. (PLM),FOOD-MERCHANDISE,2023,"  14,258,758.80 ","  13,325,942.80 ",21640,04,40,0440
M6300654,6300654,ก.วิสูตร น้ำแข็งหลอด หจก.,FOOD-MERCHANDISE,2023,"  498,052.90 ","  465,798.00 ",21790,05,70,0570
M6300662,6300662,เมดิเพ็ต บจก.,FOOD-MERCHANDISE,2023,"  225,502.32 ",  -   ,21630,04,30,0430
M6300667,6300667,เอสเอส.โปรดั๊กส์แอนด์เซอร์วิส บจก. (PLM),FOOD-MERCHANDISE,2023,"  3,394,666.01 ","  3,394,666.01 ",21720,05,20,0520
M6300682,6300682,โรงน้ำปลาตั้งไถ่เชียง บจก. (Export),FOOD-MERCHANDISE,2023,"  36,957.80 ","  34,540.00 ",21630,04,30,0430
M6300687,6300687,เอเวอรี่ธิง แคน ดู บจก. (Export),FOOD-MERCHANDISE,2023,"  45,341.25 ","  42,375.00 ",21620,04,20,0420
M6300689,6300689,สะดวก สะอาด ปลอดภัย บจก. PLM (SME),FOOD-MERCHANDISE,2023,"  5,808,482.16 ","  5,428,488.00 ",21670,04,70,0470
M6300690,6300690,สไปซ์ สตอรี่ บจก. (PLM),FOOD-MERCHANDISE,2023,"  7,903,350.18 ","  7,781,940.36 ",21630,04,30,0430
M6300697,6300697,สยามสำลี บจก.,FOOD-MERCHANDISE,2023,"  10,285,567.26 ","  9,612,679.68 ",21672,04,72,0472
M6300698,6300698,กูร์เมท์ แอนด์ เบฟเวอร์เรจ วัน กรุ๊ป(ประเทศไทย) บจก. (IMPORT),FOOD-MERCHANDISE,2023,"  3,063,032.93 ","  2,862,647.56 ",21760,05,60,0560
M6300703,6300703,ซัมสยาม คอร์ปอเรชั่น บจก. (PLM),FOOD-MERCHANDISE,2023,"  1,701,351.29 ","  1,590,047.90 ",21610,04,10,0410
M6300706,6300706,แอคทีฟพลัส บลู บจก. (EXPORT),FOOD-MERCHANDISE,2023,"  469,302.00 ","  438,600.00 ",21620,04,20,0420
M6300712,6300712,สยามเฮลท์ กรุ๊ป บจก. (EXPORT),FOOD-MERCHANDISE,2023,"  5,033,588.49 ","  4,704,288.31 ",21660,04,60,0460
M6300717,6300717,โรงงานน้ำปลาจักรสุวรรณ บจก. (PLM),FOOD-MERCHANDISE,2023,"  3,375,745.79 ","  3,154,902.60 ",21630,04,30,0430
M6400016,6400016,ก.แสนไทย ฟู๊ด บจก. (Horeca),FOOD-HORECA/WHOLESALE,2023,"  4,543,926.20 ","  4,246,660.00 ",21790,05,70,0570
M6004895,6004895,ทีวันเซน หจก. (ABT),FOOD-MERCHANDISE,2023,"  51,668.16 ","  48,288.00 ",21620,04,20,0420
M6004914,6004914,ไก๋ไก่ ฟู๊ด บจก. (ABT),FOOD-MERCHANDISE,2023,"  150,613.20 ","  140,760.00 ",21620,04,20,0420
M6004927,6004927,จีแอนด์อี ฟู้ด บจก.,FOOD-MERCHANDISE,2023,"  49,677.96 ","  46,428.00 ",21760,05,60,0560
M6004931,6004931,ยูเลล่า แพลนท์ เวิร์ลด บจก.,FOOD-MERCHANDISE,2023,"  24,282,939.46 ","  24,282,939.46 ",21730,05,30,0530
M6004935,6004935,พริกป่นมังกรพ่นไฟ หจก. (TLKK),FOOD-MERCHANDISE,2023,"  41,260.00 ","  41,260.00 ",33421,00,0,00000
M6004940,6004940,ธนาวัธน์เทรดดิ้ง บจก.,FOOD-MERCHANDISE,2023,"  792,243.49 ","  740,414.50 ",21610,04,10,0410
M6004952,6004952,สยาม ดีไลท์ กรุ๊ป บจก. (ABT),FOOD-MERCHANDISE,2023,"  545,550.20 ",  -   ,21630,04,30,0430
M6004954,6004954,ธิดารัตน์ สิทธิวงค์ษา (ABT),FOOD-MERCHANDISE,2023,"  21,080.00 ","  21,080.00 ",21730,05,30,0530
M6004957,6004957,ทริปเปิ้ลเพาเวอร์โซลูชั่น บจก. (ABT),FOOD-MERCHANDISE,2023,"  788,897.08 ","  737,286.99 ",21760,05,60,0560
M6004962,6004962,เวย์ตาน่า บจก. (ABT),FOOD-MERCHANDISE,2023,"  2,589,219.17 ","  2,126,275.00 ",21760,05,60,0560
M6005011,6005011,ไทย ชากิ อินเตอร์ เทรด บจก. (ABT),FOOD-MERCHANDISE,2023,"  211,860.77 ","  198,000.72 ",21630,04,30,0430
M6005022,6005022,นิวเวฟ โลจิสติกส์ ปาร์ค บจก.,FOOD-MERCHANDISE,2023,"  1,591,217.69 ","  1,487,119.36 ",21630,04,30,0430
M6005055,6005055,เทรนดี้ แฟคตอรี่ บจก.,FOOD-MERCHANDISE,2023,"  6,761.97 ","  6,319.60 ",21760,05,60,0560
M6003013,6003013,นอร์เมริกา (ประเทศไทย) บจก.,FOOD-MERCHANDISE,2023,"  3,431,096.20 ","  3,206,632.00 ",21680,04,80,0480
M6003018,6003018,สมุนไพรตราหมอจุฬา บจก.,FOOD-MERCHANDISE,2023,"  5,384,870.46 ","  5,032,589.30 ",21660,04,60,0460
M6003043,6003043,แพนดรักส์ บจก.,FOOD-MERCHANDISE,2023,"  622,637.28 ","  581,904.00 ",21850,06,30,0630
M6003069,6003069,โรงน้ำแข็งประสงค์ทรัพย์ หจก.,FOOD-MERCHANDISE,2023,"  297,253.57 ","  278,854.39 ",21790,05,70,0570
M6003081,6003081,ซิลลิค ฟาร์มา บจก. (GALDERMA),FOOD-MERCHANDISE,2023,"  6,383,936.96 ","  3,324,041.52 ",21850,06,30,0630
M6003109,6003109,โอสถสภา เบฟเวอเรจ บจก. (M150),FOOD-MERCHANDISE,2023,"  110,275,211.85 ","  103,060,945.89 ",21640,04,40,0440
M6003111,6003111,นครน่านไอศกรีม หจก.,FOOD-MERCHANDISE,2023,"  344,573.06 ","  322,030.93 ",21790,05,70,0570
M6003131,6003131,สหพัฒนพิบูล บมจ. (Sugar 1 Kg.),FOOD-MERCHANDISE,2023,"  269,579,125.62 ","  251,943,108.05 ",21630,04,30,0430
M6800081,6800081,โอเร็กซ์ เทรดดิ้ง บจก. THE EAGLE_PUR (Siri Pharma),FOOD-MERCHANDISE,2023,"  13,392.12 ","  12,516.00 ",21840,06,20,0620
M6800102,6800102,ไบโอฟาร์ม เคมิคัลส์ บจก. (Siri Pharma),FOOD-MERCHANDISE,2023,"  7,120.00 ","  6,654.21 ",21830,06,10,0610
M6810008,6810008,ที.ซี. กรีนไพน์ บจก. (Siri Pharma),BAS CONSOL,2023,"  10,831.50 ","  10,122.91 ",21840,06,20,0620
M6900002,6900002,ที เอส พี แดรี่โปรดักส์ บจก. (BCMM),FOOD-MERCHANDISE,2023,"  34,567.23 ","  32,305.82 ",21790,05,70,0570
M6900003,6900003,เนสท์เล่ (ไทย) บจก. (BCMM),FOOD-MERCHANDISE,2023, NULL ,  -   ,21790,05,70,0570
M6900004,6900004,เพรซิเดนท์เบเกอรี่ บมจ. (BCMM),FOOD-MERCHANDISE,2023,"  4,504,826.46 ","  4,210,678.20 ",21750,05,50,0550
M6900032,6900032,ธรณ์ชลธิศ หจก. (BCMM),FOOD-MERCHANDISE,2023,"  56,527.51 ","  52,829.43 ",21790,05,70,0570
M6900035,6900035,ดีเคเอสเอช (ประเทศไทย) บจก. (BCMM),FOOD-MERCHANDISE,2023,"  25,372.86 ","  23,787.33 ",21620,04,20,0420
M6900051,6900051,น้ำแข็งบัวทอง 2532 บจก. (BCMM),FOOD-MERCHANDISE,2023,"  15,469.00 ","  16,100.00 ",21790,05,70,0570
M6900063,6900063,แพร่ปฐพี หจก. (BCMM),FOOD-MERCHANDISE,2023,"  55,161.70 ","  51,552.99 ",21790,05,70,0570
M6900065,6900065,เก๋าไซร์ ไอซ์ นครนายก หจก. (BCMM),FOOD-MERCHANDISE,2023,"  72,444.35 ","  67,705.00 ",21790,05,70,0570
M6900068,6900068,ซีแอนด์ดับบลิว อินเตอร์ฟูดส์ บจก. (BCMM),FOOD-MERCHANDISE,2023,"  399,183.09 ","  373,249.09 ",21750,05,50,0550
M6400139,6400139,จอห์นสัน แอนด์ จอห์นสัน คอนซูเมอร์ (ประเทศไทย) บจก. (M6400139),FOOD-HORECA/WHOLESALE,2023,"  114,502.84 ","  93,166.00 ",21672,04,72,0472
M6400185,6400185,แพนฟู้ด บจก. (M6400185),FOOD-HORECA/WHOLESALE,2023,"  4,600.00 ","  4,600.00 ",21720,05,20,0520
M6400185,6400185,แพนฟู้ด บจก. (M6400185),FOOD-HORECA/WHOLESALE,2023,"  6,504,895.20 ","  6,504,895.20 ",21790,05,70,0570
M6400269,6400269,ดีเคเอสเอช (ประเทศไทย) บจก. (Dentyne),FOOD-HORECA/WHOLESALE,2023,"  530,569.78 ","  495,859.74 ",21620,04,20,0420
M6400388,6400388,จันทร์ทองเพ็ชร์ มาร์เก็ตติ้ง บจก. (M6400388),FOOD-HORECA/WHOLESALE,2023,"  55,330.00 ","  55,330.00 ",21720,05,20,0520
M6400388,6400388,จันทร์ทองเพ็ชร์ มาร์เก็ตติ้ง บจก. (M6400388),FOOD-HORECA/WHOLESALE,2023,"  3,816,900.00 ","  3,816,900.00 ",21790,05,70,0570
M6400405,6400405,ฟาร์เซ็นท์ เอ็นเตอร์ไพรส์ (ประเทศไทย) บจก. (Horeca),FOOD-HORECA/WHOLESALE,2023,"  19,787.76 ","  18,493.20 ",21671,04,71,0471
M6600002,6600002,อสร. ฟู้ดส์ บจก. (BCFS),FOOD-MERCHANDISE,2023,"  122,683.52 ","  114,657.66 ",21630,04,30,0430
M6100329,6100329,พิเชษฐ ผิวโพธิ์,BAS CONSOL,2023,"  2,348,730.19 ","  2,348,807.82 ",21730,05,30,0530
M6100356,6100356,ยูนิฟู้ด ซัพพลาย บจก.,BAS CONSOL,2023,"  864,379.21 ","  860,142.22 ",21730,05,30,0530
M6100464,6100464,เสาวลักษณ์ กำเนิดเพ็ชร,BAS CONSOL,2023,"  1,435,047.27 ","  1,435,047.27 ",21730,05,30,0530
M6100657,6100657,พัชยา พุทธกำเนิด,BAS CONSOL,2023, NULL ,"  5,425.74 ",21730,05,30,0530
M6100784,6100784,แนชเชอรัล แอนด์ พรีเมี่ยม ฟู๊ด บจก. (M6100784),BAS CONSOL,2023,"  23,032,914.44 ","  23,011,091.31 ",21730,05,30,0530
M6100795,6100795,แปซิฟิค ยูเรกวาน บจก.,BAS CONSOL,2023,"  1,006,842.48 ","  940,974.27 ",21760,05,60,0560
M6100853,6100853,ขนมเปี๊ยะ แต้เซ่งเฮง บจก. (BAS),BAS CONSOL,2023,"  21,261,406.17 ","  19,870,473.03 ",21740,05,40,0540
M6100933,6100933,สุคนธ์ เรืองหิรัญ,BAS CONSOL,2023, NULL ,"  1,244.80 ",21730,05,30,0530
M6100934,6100934,ปราโมทย์ ข้าวบ่อ,BAS CONSOL,2023,"  52,604.16 ","  49,162.77 ",21760,05,60,0560
M6100935,6100935,จาโกต้า (ประเทศไทย) บจก. (HAM),BAS CONSOL,2023,"  2,592,557.94 ","  2,584,080.40 ",21720,05,20,0520
M6002834,6002834,กาฬสินธุ์นานาภัณฑ์ หจก.,FOOD-MERCHANDISE,2023,"  6,031,035.72 ","  5,636,481.96 ",21650,04,50,0450
M6002836,6002836,ครัวอิ่มรส บจก. (FF),FOOD-MERCHANDISE,2023,"  1,508,584.44 ","  1,409,892.00 ",21760,05,60,0560
M6002863,6002863,ดีเคเอสเอช (ประเทศไทย) บจก. (Mentholatum Acne),FOOD-MERCHANDISE,2023,"  7,624,167.96 ","  7,009,732.05 ",21661,04,61,0461
M6002905,6002905,ชนะชัย โคตะสา,FOOD-MERCHANDISE,2023,"  4,128,252.11 ","  4,128,252.11 ",21730,05,30,0530
M6002907,6002907,เคซีจี คอร์ปอเรชั่น บมจ. (DF),FOOD-MERCHANDISE,2023,"  3,878,741.27 ","  269,928.00 ",21630,04,30,0430
M6100978,6100978,ทรอปิคานา ออยล์ บจก.,BAS CONSOL,2023,"  207,720.52 ","  194,131.31 ",21840,06,20,0620
M6101032,6101032,ฐิติมา กันชาติ,BAS CONSOL,2023, NULL ,  58.22 ,21730,05,30,0530
M6101133,6101133,เอม ไทย อินเตอร์เทรด (2001) บจก.,BAS CONSOL,2023,"  913,495.64 ","  853,734.24 ",21760,05,60,0560
M6101137,6101137,ชิติพัทธ์ ขำดี,BAS CONSOL,2023,"  62,504.92 ","  62,504.92 ",21730,05,30,0530
M6101188,6101188,บี.เอส.อาร์.มาร์เก็ตติ้ง ฟู้ดส์ โปรดักส์ บจก.,BAS CONSOL,2023,"  632,189.85 ","  590,831.60 ",21740,05,40,0540
M6101194,6101194,นิยดา สร้อยทอง,BAS CONSOL,2023, NULL ,  726.06 ,21730,05,30,0530
M6101238,6101238,วาศิณี ลอยนุ้ย,BAS CONSOL,2023,"  7,316,030.00 ","  7,316,030.00 ",21730,05,30,0530
M6101243,6101243,อาคม ศิริธีรธร,BAS CONSOL,2023,"  904,192.97 ","  904,192.97 ",21760,05,60,0560
M6600006,6600006,อินชา บีฟ บจก. (BCFS),FOOD-MERCHANDISE,2023,"  390,087.24 ","  390,087.24 ",21790,05,70,0570
M6600011,6600011,เซ้าท์แลนด์ อินเตอร์เทรด บจก. (BCFS),FOOD-MERCHANDISE,2023,"  2,420.00 ","  2,420.00 ",21720,05,20,0520
M6600017,6600017,โปร เห็ด บจก. (BCFS),FOOD-MERCHANDISE,2023,"  449,285.02 ","  449,285.02 ",21730,05,30,0530
M6600020,6600020,พีทีเอ็น กัวร์เม มาร์เก็ตติ้ง บจก. (BCFS),FOOD-MERCHANDISE,2023,"  763,829.90 ","  750,451.00 ",21790,05,70,0570
M6600021,6600021,สหกรณ์เครือข่ายโคเนื้อ จำกัด (เนื้อแช่แข็ง) BCFS,FOOD-MERCHANDISE,2023,"  30,619.98 ","  (14,095.55)",21730,05,30,0530
M6600022,6600022,ก.แสนไทยฟู๊ด บจก. (Frozen) BCFS,FOOD-MERCHANDISE,2023,"  460,281.88 ","  430,169.98 ",21790,05,70,0570
M6600029,6600029,อัครา กรุ๊ป บจก. (BCFS),FOOD-MERCHANDISE,2023,"  685,447.99 ","  685,447.99 ",21760,05,60,0560
M6003135,6003135,โนโวไลฟ์ บจก.,FOOD-MERCHANDISE,2023,"  3,397,001.76 ","  3,174,768.00 ",21660,04,60,0460
M6003139,6003139,เพียวสแควร์ บจก. (FF),FOOD-MERCHANDISE,2023,"  16,314,347.03 ","  20,924,648.77 ",21740,05,40,0540
M6003143,6003143,ลีซัน วิชั่น บจก.,FOOD-MERCHANDISE,2023,"  4,312,278.73 ","  4,030,167.07 ",21672,04,72,0472
M6003146,6003146,สิงห์พิจิตรนำชัย บจก.,FOOD-MERCHANDISE,2023,"  1,841,048.30 ","  1,720,605.90 ",21650,04,50,0450
M6003150,6003150,แอล เอส กรุ๊ป ดิสทริบิวเตอร์ บจก. (สุราษฎร์),FOOD-MERCHANDISE,2023,"  1,955,880.63 ","  1,851,303.46 ",21790,05,70,0570
M6003154,6003154,ซีโน-แปซิฟิค เทรดดิ้ง (ไทยแลนด์) บจก. (Equal),FOOD-MERCHANDISE,2023,"  11,728,009.19 ","  10,943,527.33 ",21630,04,30,0430
M6003175,6003175,ก้าวหน้าไอศครีม บจก.,FOOD-MERCHANDISE,2023,"  702,538.18 ","  656,577.79 ",21790,05,70,0570
M6003183,6003183,ไทยวา บมจ.,FOOD-MERCHANDISE,2023,"  21,682,966.70 ","  20,250,747.82 ",21630,04,30,0430
M6003187,6003187,รวมสามการสุรา บจก.,FOOD-MERCHANDISE,2023,"  3,939,492.41 ","  3,681,768.58 ",21650,04,50,0450
M6003213,6003213,ดีเคเอสเอช (ประเทศไทย) บจก. (Mars MM),FOOD-MERCHANDISE,2023,"  71,773,173.51 ","  67,079,378.43 ",21620,04,20,0420
M6002946,6002946,ดีเคเอสเอช (ประเทศไทย) บจก. (Bayer Consumer),FOOD-MERCHANDISE,2023,"  22,416,692.80 ","  19,153,800.08 ",21840,06,20,0620
M6002948,6002948,ดีเคเอสเอช (ประเทศไทย) บจก. (Bangkok botanica),FOOD-MERCHANDISE,2023,"  1,226,083.47 ","  452,373.65 ",21840,06,20,0620
M6600044,6600044,ฤทธามาร์เก็ตติ้ง บจก. (BCFS),FOOD-MERCHANDISE,2023,"  167,097.65 ","  147,369.75 ",21620,04,20,0420
M6600044,6600044,ฤทธามาร์เก็ตติ้ง บจก. (BCFS),FOOD-MERCHANDISE,2023,"  84,129.98 ","  65,656.40 ",21630,04,30,0430
M6600047,6600047,ดั๊กคิง บจก. (BCFS),FOOD-MERCHANDISE,2023,"  2,453,616.98 ","  2,371,369.80 ",21790,05,70,0570
M6600048,6600048,วินเนอร์กรุ๊ป เอ็นเตอร์ไพรซ์ บมจ. (BCFS),FOOD-MERCHANDISE,2023,"  410,852.91 ","  341,107.83 ",21630,04,30,0430
M6600054,6600054,ซีโน-แปซิฟิค เทรดดิ้ง (ไทยแลนด์) บจก. (BCFS),FOOD-MERCHANDISE,2023,"  2,022,428.38 ","  1,684,591.63 ",21630,04,30,0430
M6600056,6600056,อัศวิน ซุปเปอร์แมน หจก. (BCFS),FOOD-MERCHANDISE,2023,"  16,404.06 ","  11,923.44 ",21671,04,71,0471
M6600063,6600063,เฮอริเทจ มาร์เก็ตติ้ง บจก. (BCFS),FOOD-MERCHANDISE,2023,"  520,226.88 ","  155,897.31 ",21630,04,30,0430
M6600070,6600070,อินเตอร์แอ็ดว้านซ์ฟูด บจก. (BCFS),FOOD-MERCHANDISE,2023,"  159,502.73 ","  149,067.93 ",21760,05,60,0560
M6600071,6600071,บีทาเก้น บจก. (BCFS),FOOD-MERCHANDISE,2023,"  239,756.94 ","  224,071.90 ",21760,05,60,0560
M6600073,6600073,จาโกต้า บราเดอร์ส เทรดดิ้ง บจก. (BCFS),FOOD-MERCHANDISE,2023,"  1,038,911.78 ","  1,038,911.78 ",21720,05,20,0520
M6600087,6600087,ต้ากี่ 1950 บจก. (BCFS),FOOD-MERCHANDISE,2023,"  113,698.20 ","  99,060.00 ",21631,04,31,0431
M6101356,6101356,สนอง อุ่นที,BAS CONSOL,2023,"  11,289,443.47 ","  11,289,443.47 ",21730,05,30,0530
M6101357,6101357,มิส เครยอน บจก.,BAS CONSOL,2023,"  473,687.77 ","  442,698.82 ",21850,06,30,0630
M6101362,6101362,เบทาโกรเกษตรอุตสาหกรรม บจก. (BAS),BAS CONSOL,2023,"  12,516,848.84 ",  -   ,21730,05,30,0530
M6101362,6101362,เบทาโกรเกษตรอุตสาหกรรม บจก. (BAS),BAS CONSOL,2023,"  40,987,337.98 ","  38,305,923.34 ",21740,05,40,0540
M6101370,6101370,บุญป่วน แสงสง,BAS CONSOL,2023,"  2,563,647.34 ","  2,563,647.34 ",21730,05,30,0530
M6101372,6101372,สุกัญญา หงษ์คำมี,BAS CONSOL,2023,"  2,285,991.62 ","  2,285,991.62 ",21730,05,30,0530
M6101373,6101373,สไปซ์ สตอรี่ บจก.,BAS CONSOL,2023,"  8,717,611.96 ","  8,230,536.03 ",21630,04,30,0430
M6101455,6101455,เซนต์ บิวตี้ คอสเมติก (ประเทศไทย) บจก. (BAS),BAS CONSOL,2023,"  1,229,454.80 ","  2,925,910.86 ",21850,06,30,0630
M6600099,6600099,ไฮ คิว ผลิตภัณฑ์อาหาร บจก. (BCFS),FOOD-MERCHANDISE,2023,"  130,412.17 ","  75,220.02 ",21631,04,31,0431
M6600100,6600100,เจอาร์ เอฟ แอนด์ บี บจก. (BCFS),FOOD-MERCHANDISE,2023,"  409,754.36 ","  315,498.00 ",21610,04,10,0410
M6600100,6600100,เจอาร์ เอฟ แอนด์ บี บจก. (BCFS),FOOD-MERCHANDISE,2023,"  401,178.31 ","  328,818.00 ",21630,04,30,0430
M6600101,6600101,กุนธัต (ประเทศไทย) บจก. (BCFS),FOOD-MERCHANDISE,2023,"  10,387.50 ","  9,707.94 ",21750,05,50,0550
M6600105,6600105,เอ็น ซี ไอ อินเตอร์มาร์ท บจก. (BCFS),FOOD-MERCHANDISE,2023,"  150,929.48 ","  63,691.23 ",21631,04,31,0431
M6600114,6600114,เนสท์เล่ (ไทย) บจก. (BCFS),FOOD-MERCHANDISE,2023,"  100,333.15 ","  32,159.00 ",21630,04,30,0430
M6600115,6600115,แมสมาร์เกตติ้ง บจก. (BCFS),FOOD-MERCHANDISE,2023,"  82,708.15 ","  42,978.24 ",21661,04,61,0461
M6600122,6600122,เบทาโกรเกษตรอุตสาหกรรม บจก. (CHILLED) BCFS,FOOD-MERCHANDISE,2023,"  44,137.44 ","  44,137.44 ",21790,05,70,0570
M6600131,6600131,โปรไทย บจก. (BCFS),FOOD-MERCHANDISE,2023,"  122,223.65 ","  114,227.59 ",21760,05,60,0560
M6600136,6600136,ริช โปรดักส์ แมนูแฟคเจอริ่ง (ประเทศไทย) บจก. (BCFS),FOOD-MERCHANDISE,2023,"  46,372.54 ","  42,169.64 ",21790,05,70,0570
M6600151,6600151,อาร์.เอส.โดเมสติกเทรดดิ้ง บจก. (BCFS),FOOD-MERCHANDISE,2023,"  108,247.27 ","  74,110.25 ",21610,04,10,0410
M6600154,6600154,หยั่น หว่อ หยุ่น คอร์ปอเรชั่น กรุ๊ป บจก. (BCFS),FOOD-MERCHANDISE,2023,"  768,291.56 ","  574,751.14 ",21631,04,31,0431
M6600154,6600154,หยั่น หว่อ หยุ่น คอร์ปอเรชั่น กรุ๊ป บจก. (BCFS),FOOD-MERCHANDISE,2023,"  55,965.95 ","  52,304.64 ",21640,04,40,0440
M6600164,6600164,ไพโรจน์ (ทั่งซังฮะ) บจก. (BCFS),FOOD-MERCHANDISE,2023,"  471,424.11 ","  414,531.54 ",21630,04,30,0430
M6600165,6600165,ดีเคเอสเอช (ประเทศไทย) บจก. (Tipco) BCFS,FOOD-MERCHANDISE,2023,"  25,265.95 ","  23,613.15 ",21760,05,60,0560
M6600172,6600172,เรกคิทท์ เบนคีเซอร์ (ประเทศไทย) บจก. (BCFS),FOOD-MERCHANDISE,2023,"  519,763.50 ","  156,840.67 ",21660,04,60,0460
M6600173,6600173,ดีเคเอสเอช (ประเทศไทย) บจก. (SNAKE BRAND) BCFS,FOOD-MERCHANDISE,2023,"  23,008.44 ","  19,239.44 ",21662,04,62,0462
M6600176,6600176,สหพัฒนพิบูล บมจ. (มาม่า) BCFS,FOOD-MERCHANDISE,2023,"  2,084,477.95 ","  1,948,110.17 ",21630,04,30,0430
M6600179,6600179,สหพัฒนพิบูล บมจ. (น้ำตาลมิตรผล) BCFS,FOOD-MERCHANDISE,2023,"  277,548.66 ","  286,973.64 ",21640,04,40,0440
M6600196,6600196,คาโอ อินดัสเตรียล (ประเทศไทย) บจก. (BCFS),FOOD-MERCHANDISE,2023,"  464,006.59 ","  384,318.27 ",21670,04,70,0470
M6600209,6600209,สิทธินันท์ บจก. (BCFS),FOOD-MERCHANDISE,2023,"  102,906.17 ","  68,393.65 ",21631,04,31,0431
M6600214,6600214,พิบูลย์ชัยน้ำพริกเผาไทยแม่ประนอม บจก. (BCFS),FOOD-MERCHANDISE,2023,"  229,162.41 ","  184,730.58 ",21630,04,30,0430
M6600220,6600220,โรงงานน้ำปลาไทย(ตราปลาหมึก) บจก. (BCFS),FOOD-MERCHANDISE,2023,"  505,416.28 ","  397,031.65 ",21630,04,30,0430
M6600234,6600234,ไดอะเมอร์แชนไดส์ บจก. (BCFS),FOOD-MERCHANDISE,2023,"  18,371.90 ","  7,235.00 ",21750,05,50,0550
M6600236,6600236,โอลีน บจก. (BCFS),FOOD-MERCHANDISE,2023,"  132,806.76 ","  29,112.21 ",21631,04,31,0431
M6600239,6600239,เฉาก๊วย ดอนเมือง หจก. (BCFS),FOOD-MERCHANDISE,2023,"  103,028.16 ","  96,288.00 ",21760,05,60,0560
M6600246,6600246,ไทยยูเนี่ยน กรุ๊ป บมจ. FF (BCFS),FOOD-MERCHANDISE,2023,"  58,900.00 ","  4,144.00 ",21730,05,30,0530
M6600246,6600246,ไทยยูเนี่ยน กรุ๊ป บมจ. FF (BCFS),FOOD-MERCHANDISE,2023,"  378,621.83 ","  388,010.00 ",21790,05,70,0570
M6600247,6600247,มหาชัยฟู้ดส์ บจก. (BCFS),FOOD-MERCHANDISE,2023,"  761,306.57 ","  711,501.40 ",21760,05,60,0560
M6600263,6600263,นครหลวงกาแฟ บจก. (BCFS),FOOD-MERCHANDISE,2023,"  107,938.90 ","  100,877.39 ",21610,04,10,0410
M6600269,6600269,ริเวอร์โปร อินเตอร์เทรด บจก. (BCFS),FOOD-MERCHANDISE,2023,"  133,431.46 ","  126,625.20 ",21672,04,72,0472
M6600279,6600279,ไทยริชฟูดส์ กรุ๊ป บจก. (BCFS),FOOD-MERCHANDISE,2023,"  106,796.70 ","  99,810.00 ",21790,05,70,0570
M6002966,6002966,ซิลลิค ฟาร์มา บจก. (GSK),FOOD-MERCHANDISE,2023,"  5,950,528.72 ","  5,561,241.77 ",21830,06,10,0610
M6002968,6002968,ซิลลิค ฟาร์มา บจก. (Mernarini),FOOD-MERCHANDISE,2023,"  6,240,100.49 ","  3,768,136.62 ",21850,06,30,0630
M6002979,6002979,ดีเคเอสเอช (ประเทศไทย) บจก. (โอสถสภา),FOOD-MERCHANDISE,2023,"  548,937.57 ","  221,978.31 ",21860,06,40,0640
M6002981,6002981,เอซีเค ฟู้ดเทค บจก.,FOOD-MERCHANDISE,2023,"  4,439,254.72 ","  4,439,164.00 ",21730,05,30,0530
M6002993,6002993,ห้าม้า โอสถ บจก. (Pure),FOOD-MERCHANDISE,2023,"  2,010,744.00 ","  1,879,200.00 ",21860,06,40,0640
M6002996,6002996,อี.ที.ซี.เอี๊ยบตงจั่น บจก.,FOOD-MERCHANDISE,2023,"  48,470.68 ",  -   ,21630,04,30,0430
M6003074,6003074,สยาม ไวเนอรี่คอมเมอร์เชี่ยล บจก.,FOOD-MERCHANDISE,2023,"  194,072,926.81 ","  181,376,566.96 ",21650,04,50,0450
M6003096,6003096,เอ็น แอนด์ พี ฟู้ดส์ เทรดดิ้ง บจก. (หมูสด Pro),FOOD-MERCHANDISE,2023,"  147,168,668.09 ","  147,168,668.09 ",21710,05,10,0510
M7000009,7000009,ไอ.ซี.ซี.อินเตอร์เนชั่นแนล บมจ. (Pias cosmetic),NONFOOD-MERCHANDISE,2023,"  860,217.82 ","  680,646.15 ",21660,04,60,0460
M7000046,7000046,เจ.ซี.เจ. บจก.,NONFOOD-MERCHANDISE,2023,"  44,192,437.28 ","  41,300,599.31 ",21310,02,10,0210
M7000116,7000116,ซี.เอส.ซี.เพาเวอร์ บจก.,NONFOOD-MERCHANDISE,2023,"  25,513.08 ","  20,904.00 ",21340,02,40,0240
M7000224,7000224,ไอ.ซี.ซี.อินเตอร์เนชั่นแนล บมจ..,NONFOOD-MERCHANDISE,2023,"  16,182,144.34 ","  15,123,499.37 ",21110,03,80,0380
M7000239,7000239,ดิลก คอร์ปอเรชั่น บจก.,NONFOOD-MERCHANDISE,2023,"  2,680,438.71 ","  2,505,082.90 ",21350,02,50,0250
M7000272,7000272,โตชิโน ซัพพลาย บจก.,NONFOOD-MERCHANDISE,2023,"  10,766,111.03 ","  10,061,785.98 ",21340,02,40,0240
M6600301,6600301,แปซิฟิค ยูเรกวาน บจก. (BCFS),FOOD-MERCHANDISE,2023,"  25,666.82 ","  24,199.92 ",21760,05,60,0560
M6600322,6600322,เนเจอร์เบสท์ฟู้ด บจก. (BCFS),FOOD-MERCHANDISE,2023,"  162,239.28 ","  124,935.20 ",21630,04,30,0430
M6600329,6600329,ร่วมมิตรฟาร์ม หจก. (BCFS),FOOD-MERCHANDISE,2023,"  3,739,088.96 ","  3,739,088.96 ",21760,05,60,0560
M6600331,6600331,ไทยน้ำทิพย์ คอร์ปอเรชั่น บจก. (BCFS),FOOD-MERCHANDISE,2023,"  13,261,852.63 ","  13,438,121.30 ",21640,04,40,0440
M6600336,6600336,โกลบอล เทรด แอนด์ ดิสทริบิวชั่น บจก. (BCFS),FOOD-MERCHANDISE,2023,"  24,914.00 ","  24,914.00 ",21730,05,30,0530
M6600345,6600345,ต่อยอดเฟรช (ไทยแลนด์) บจก. (BCFS),ASSOCIATE - RPT ELIM-MER,2023,"  19,654.00 ","  19,654.00 ",21730,05,30,0530
M6600349,6600349,สยาม น้ำทิพย์ คอร์ปอร์เรชั่น บจก. BCFS (SME),FOOD-MERCHANDISE,2023,"  1,533,821.50 ","  1,433,478.04 ",21640,04,40,0440
M6600351,6600351,ไทยเฟรชฟาร์ม บจก. (BCFS),FOOD-MERCHANDISE,2023,"  74,646.69 ","  7,707.50 ",21740,05,40,0540
M6600352,6600352,เพาเวอร์โอฬาร บจก. BCFS (SME),FOOD-MERCHANDISE,2023,"  856,342.06 ","  737,557.44 ",21670,04,70,0470
M6600382,6600382,รุ่งพิทยานนท์ บจก. (BCFS),FOOD-MERCHANDISE,2023,"  23,400.00 ","  23,400.00 ",21730,05,30,0530
M6800001,6800001,ศิริฉัตรพานิช บจก. (Siri Pharma),FOOD-MERCHANDISE,2023,"  94,862.96 ","  88,656.96 ",21850,06,30,0630
M6800008,6800008,เอ.เอ็น.บี.ลาบอราตอรี่ บจก. (Siri Pharma),FOOD-MERCHANDISE,2023,"  28,554.66 ","  26,686.60 ",21840,06,20,0620
M6800011,6800011,บีริช (ประเทศไทย) บจก. (Siri Pharma),FOOD-MERCHANDISE,2023,"  1,141.52 ","  1,066.84 ",21850,06,30,0630
M6800026,6800026,ซิลลิค ฟาร์มา บจก. (แผนกยา) NANOMED (Siri Pharma),FOOD-MERCHANDISE,2023,"  1,936.79 ","  1,810.08 ",21840,06,20,0620
M6800027,6800027,ซิลลิค ฟาร์มา บจก. (แผนกยา) INTERPHARMA (Siri Pharma),FOOD-MERCHANDISE,2023,"  5,771.88 ",  959.92 ,21830,06,10,0610
M6800031,6800031,ซิลลิค ฟาร์มา บจก. (แผนกยา) GED (Siri Pharma),FOOD-MERCHANDISE,2023,"  432,297.12 ","  255,000.00 ",21830,06,10,0610
M6800031,6800031,ซิลลิค ฟาร์มา บจก. (แผนกยา) GED (Siri Pharma),FOOD-MERCHANDISE,2023,"  356,295.45 ","  162,986.40 ",21840,06,20,0620
M6800038,6800038,เกร๊ทเตอร์มายบาซิน บจก. (Siri Pharma),FOOD-MERCHANDISE,2023,"  8,501.36 ","  4,039.20 ",21830,06,10,0610
M6800039,6800039,ชุมชนเภสัชกรรม บมจ. (Siri Pharma),FOOD-MERCHANDISE,2023,"  7,334.16 ","  2,664.83 ",21840,06,20,0620
M6800051,6800051,ดีเคเอสเอช (ประเทศไทย) บจก. J&J (Siri Pharma),FOOD-MERCHANDISE,2023,"  118,676.15 ","  106,390.00 ",21840,06,20,0620
M6800064,6800064,ดีเคเอสเอช (ประเทศไทย) บจก. NBD (Siri Pharma),FOOD-MERCHANDISE,2023,"  1,480,214.03 ","  1,378,266.92 ",21840,06,20,0620
M6800064,6800064,ดีเคเอสเอช (ประเทศไทย) บจก. NBD (Siri Pharma),FOOD-MERCHANDISE,2023,"  (14,347.86)","  (17,505.72)",21850,06,30,0630
M6101508,6101508,กอบภัสสร์ กรุ๊ป บจก.,BAS CONSOL,2023, NULL ,  52.50 ,21760,05,60,0560
M6101540,6101540,ดูฟู้ด บจก.,BAS CONSOL,2023,"  3,380,007.23 ","  3,158,885.25 ",21630,04,30,0430
M6101570,6101570,ซันบีม คันทรี ฟาร์ม หจก.,BAS CONSOL,2023, NULL ,"  1,809.23 ",21730,05,30,0530
M6101584,6101584,อัยย์ไทย คอร์ปอเรชั่น บจก.,BAS CONSOL,2023,"  1,683,469.47 ","  1,573,335.96 ",21660,04,60,0460
M6101598,6101598,อังศุมา สุตพรหม,BAS CONSOL,2023,"  4,294,193.78 ","  4,294,193.78 ",21730,05,30,0530
M6101616,6101616,พิชญ์รัศมิ์ จิรชัยธร,BAS CONSOL,2023,"  71,163.87 ","  71,163.87 ",21630,04,30,0430
M6101631,6101631,วาสนา กาดนอก,BAS CONSOL,2023, NULL ,  133.08 ,21730,05,30,0530
M6101638,6101638,ธนกฤต พ่วงน้อย,BAS CONSOL,2023,"  135,127.41 ","  135,127.41 ",21760,05,60,0560
M6101659,6101659,วารีทิพย์ เทพนำโสมนัสส์,BAS CONSOL,2023,"  1,015,887.21 ","  1,015,887.21 ",21850,06,30,0630
M6101717,6101717,เจเอส อะโกร เทรดดิ้ง บจก.,BAS CONSOL,2023,"  1,692,758.31 ","  1,692,758.31 ",21730,05,30,0530
M6101729,6101729,ไรคม (ไทยแลนด์) บจก.,BAS CONSOL,2023,"  422,262.36 ","  394,637.71 ",21840,06,20,0620
M6101736,6101736,ไพรินทร์ ภู่มาลี,BAS CONSOL,2023, NULL ,"  1,465.46 ",21730,05,30,0530
M6101738,6101738,กมลวรรณ แฟร์ ฟรุ๊ต หจก.,BAS CONSOL,2023,"  19,079,427.97 ","  19,079,427.97 ",21730,05,30,0530
M6101782,6101782,กิเลนไทย เอ็นเตอร์ไพรส์ บจก.,BAS CONSOL,2023,"  158,810.92 ","  165,029.72 ",21730,05,30,0530
M6003201,6003201,ชัยสิทธิ์ ฤทธา หจก.,FOOD-MERCHANDISE,2023, NULL ,  -   ,21730,05,30,0530
M6003230,6003230,ดีเคเอสเอช (ประเทศไทย) บจก. (Wrigley),FOOD-MERCHANDISE,2023,"  17,913,892.77 ","  16,741,955.85 ",21620,04,20,0420
M6003231,6003231,จาโกต้า บราเดอร์ส เทรดดิ้ง บจก. (FF),FOOD-MERCHANDISE,2023,"  321,821.76 ","  300,768.00 ",21750,05,50,0550
M6003242,6003242,น้ำตาลทิพย์กำแพงเพชร บจก. (Asso),ASSOCIATE - RPT,2023,  -   ,  -   ,21630,04,30,0430
M6101855,6101855,ข้าวเหลือเกลืออิ่ม หจก.,BAS CONSOL,2023,"  4,965,563.65 ","  4,965,563.65 ",21730,05,30,0530
M6101859,6101859,เอส เอส สยามสไมล์ กรุ๊ป บจก.,BAS CONSOL,2023,"  6,944,782.23 ","  6,490,450.69 ",21730,05,30,0530
M6101869,6101869,เอสซีเอส โกลบอล เทรดดิ้ง บจก.,BAS CONSOL,2023,"  1,728,060.55 ","  1,615,009.91 ",21760,05,60,0560
M6101900,6101900,วีระพงษ์ โสดามรรค,BAS CONSOL,2023,"  555,160.93 ","  555,160.93 ",21760,05,60,0560
M6101913,6101913,แม่สมศรี ฟรุต โปรดักท์ บจก.,BAS CONSOL,2023,"  15,286,760.04 ","  14,286,691.61 ",21760,05,60,0560
M6101916,6101916,พิธานไลฟ์ บจก.,BAS CONSOL,2023,"  4,460,681.95 ","  4,168,861.63 ",21850,06,30,0630
M6101937,6101937,ซันลีฟู้ดส์ บจก. (BAS),BAS CONSOL,2023,"  916,047.08 ","  856,118.78 ",21760,05,60,0560
M6101943,6101943,ที.ซี. กรีนไพน์ บจก. (BAS),BAS CONSOL,2023,"  1,137.50 ","  1,063.09 ",21850,06,30,0630
M6101961,6101961,จันทร์พานิช อินเตอร์ฟู้ด บจก.,BAS CONSOL,2023,  230.28 ,  215.22 ,21760,05,60,0560
M6101965,6101965,เอ็กซ์ตรีเมด บจก.,BAS CONSOL,2023, NULL ,  94.80 ,21840,06,20,0620
M6300278,6300278,ซันเมอรี่ บจก. (LP),FOOD-MERCHANDISE,2023,"  274,613,159.66 ","  256,647,810.30 ",21750,05,50,0550
M6300363,6300363,ศิริมิตร  บจก.,FOOD-MERCHANDISE,2023,  703.37 ,  -   ,21730,05,30,0530
M6300383,6300383,บางกอกอินเตอร์ฟูด  บจก.,FOOD-MERCHANDISE,2023,"  4,155,739.38 ","  3,883,868.56 ",21610,04,10,0410
M6300422,6300422,แสงทองสหฟาร์ม บจก.,FOOD-MERCHANDISE,2023,"  4,917,108.00 ","  4,917,108.00 ",21740,05,40,0540
M6300431,6300431,ซองเดอร์ ไทยออร์กานิคฟูด บจก.,FOOD-MERCHANDISE,2023,"  5,831,897.30 ","  5,450,371.27 ",21610,04,10,0410
M6300441,6300441,เอเซี่ยนฟู้ดกรุ๊ป (ไทยแลนด์) บจก.,FOOD-MERCHANDISE,2023,"  97,413,939.90 ","  91,041,065.16 ",21650,04,50,0450
M6300453,6300453,จาโกต้า บราเดอร์ส เทรดดิ้ง บจก. (M6300453),FOOD-MERCHANDISE,2023,"  30,682,320.70 ","  28,967,381.52 ",21790,05,70,0570
M6300490,6300490,ปราจีนบุรีวารีเทพ บจก.,FOOD-MERCHANDISE,2023,"  450,914.80 ","  423,152.85 ",21790,05,70,0570
M6300491,6300491,ซันฟู้ด อินเตอร์เนชั่นแนล บจก. (Mini),FOOD-MERCHANDISE,2023,"  20,541,812.61 ","  19,507,845.04 ",21740,05,40,0540
M6300501,6300501,เบญจมิตรบรรจุภัณฑ์ บจก. (Mini),FOOD-MERCHANDISE,2023,"  39,911.00 ","  37,300.00 ",21701,00,0,00000
M6300502,6300502,แคฟเฟ่ ดิ อโรมี่ บจก. (PLM),FOOD-MERCHANDISE,2023,"  585,846.40 ","  547,520.00 ",21610,04,10,0410
M6300503,6300503,วินเนอร์กรุ๊ป เอ็นเตอร์ไพรซ์ บมจ.,FOOD-MERCHANDISE,2023,"  331,675.60 ","  309,977.20 ",21610,04,10,0410
M7000360,7000360,กรุ๊ป เอสอีบี(ประเทศไทย) บจก.,NONFOOD-MERCHANDISE,2023,"  33,271,680.92 ","  31,095,028.89 ",21310,02,10,0210
M7000360,7000360,กรุ๊ป เอสอีบี(ประเทศไทย) บจก.,NONFOOD-MERCHANDISE,2023,"  41,161,095.90 ","  38,486,709.48 ",21510,01,10,0110
M7000397,7000397,วรรณา บุ๊คส์ ร้าน,NONFOOD-MERCHANDISE,2023,"  7,755,886.40 ","  7,755,886.40 ",21350,02,50,0250
M7000411,7000411,ไทยซินอุตสาหกรรม บจก. (NF),NONFOOD-MERCHANDISE,2023,"  74,743.48 ","  69,853.68 ",21310,02,10,0210
M7000462,7000462,ยูไนเต็ด โปรดัคส์ อินเตอร์เนชั่นแนล บจก.,NONFOOD-MERCHANDISE,2023,"  43,537.76 ","  36,105.68 ",21670,04,70,0470
M7000473,7000473,โกลเด้นท์ ฮาร์ท (ประเทศไทย) บจก.,NONFOOD-MERCHANDISE,2023,"  1,434,780.92 ","  1,340,148.74 ",21210,03,10,0310
M6101994,6101994,โรจณี เทรดดิ้ง บจก. (BAS),BAS CONSOL,2023,"  44,339,503.51 ","  44,339,503.51 ",21730,05,30,0530
M6102965,6102965,แลโบทานิก ออแกนิค บิวตี้ บจก. (BAS),BAS CONSOL,2023,"  63,265.43 ","  59,126.55 ",21840,06,20,0620
M6102971,6102971,เอสเอส นัททอง987 บจก.,BAS CONSOL,2023,"  405,783.84 ","  405,783.84 ",21730,05,30,0530
M6102979,6102979,สุภเกียรติ นาสมยนต์ (SME),BAS CONSOL,2023,"  5,158,927.49 ","  5,158,927.49 ",21760,05,60,0560
M6102990,6102990,ตานีลิเซียส หจก. (SME),BAS CONSOL,2023,"  13,258.22 ","  13,258.22 ",21630,04,30,0430
M6103015,6103015,บางกอก อินสตรูเม้นท์ เซ็นเตอร์ บจก. BAS_DF (SME),BAS CONSOL,2023,"  3,711.62 ","  3,468.80 ",21664,04,64,0464
M6103036,6103036,ปาลิดา อินเตอร์ ฟู๊ด บจก. (SME),BAS CONSOL,2023,"  17,429,477.51 ","  16,195,104.01 ",21730,05,30,0530
M6300088,6300088,รินทร์โชคชัย  บจก.,FOOD-MERCHANDISE,2023,"  11,350,514.94 ","  10,607,957.98 ",21660,04,60,0460
M6300163,6300163,เจที อินเตอร์เนชั่นแนล(ไทยแลนด์) บจก. (LP),FOOD-MERCHANDISE,2023,"  154,886,221.66 ","  144,014,960.00 ",21690,04,90,0490
M6300232,6300232,เมกก้าคลีน โปรดักส์ บจก. (LP),FOOD-MERCHANDISE,2023,"  6,489,780.30 ",  0.01 ,21630,04,30,0430
M6300273,6300273,ลำปางฟู้ดมาร์เก็ตติ้ง บจก. (LP),FOOD-MERCHANDISE,2023,"  5,140,024.49 ","  4,803,761.18 ",21610,04,10,0410
M6800102,6800102,ไบโอฟาร์ม เคมิคัลส์ บจก. (Siri Pharma),FOOD-MERCHANDISE,2023,"  24,344.69 ","  22,752.04 ",21840,06,20,0620
M6810001,6810001,ไรคม (ไทยแลนด์) บจก. (Siri Pharma),BAS CONSOL,2023,"  1,409.20 ","  1,317.01 ",21840,06,20,0620
M6900022,6900022,เวียงเจ็ดริน บจก. (BCMM),FOOD-MERCHANDISE,2023,"  113,592.75 ","  106,161.44 ",21790,05,70,0570
M6900026,6900026,ซีเคเอ็มเอส ไอศกรีม บจก. (BCMM),FOOD-MERCHANDISE,2023,"  125,927.90 ","  117,689.62 ",21790,05,70,0570
M6900056,6900056,ชาณิดา โชติพัฒนถาวร (BCMM),FOOD-MERCHANDISE,2023,"  54,120.00 ","  54,120.00 ",21790,05,70,0570
M6900061,6900061,สกลชลทิต 2018 หจก. (BCMM),FOOD-MERCHANDISE,2023,"  46,224.00 ","  43,200.00 ",21790,05,70,0570
M6003098,6003098,ยืนยงเอ็นเตอร์ไพรส์ บจก.,FOOD-MERCHANDISE,2023,"  11,757,943.24 ","  20,566,645.00 ",21740,05,40,0540
M6003113,6003113,ไทย เฮิร์บ เอนเตอร์ไพรซ์ บจก.,FOOD-MERCHANDISE,2023,"  10,654,048.82 ","  9,957,054.99 ",21660,04,60,0460
M6003139,6003139,เพียวสแควร์ บจก. (FF),FOOD-MERCHANDISE,2023,"  9,846,906.40 ","  (24,552.58)",21730,05,30,0530
M6003154,6003154,ซีโน-แปซิฟิค เทรดดิ้ง (ไทยแลนด์) บจก. (Equal),FOOD-MERCHANDISE,2023,"  1,342,478.94 ","  1,219,818.90 ",21610,04,10,0410
M6003179,6003179,มลฤดี สังข์มงคล,FOOD-MERCHANDISE,2023,"  13,434,837.20 ","  13,434,837.20 ",21730,05,30,0530
M6003195,6003195,พี.เอส.โชคทวี บจก.,FOOD-MERCHANDISE,2023,"  604,896.76 ","  565,324.29 ",21790,05,70,0570
M7000514,7000514,ยู.เอส.บิซิเนส บจก.,NONFOOD-MERCHANDISE,2023,"  1,716,078.59 ","  1,603,811.79 ",21310,02,10,0210
M7000577,7000577,นีโอ คอร์ปอเรท บจก.,NONFOOD-MERCHANDISE,2023,"  2,442,024.06 ","  1,417,008.15 ",21672,04,72,0472
M7000592,7000592,ณมน มาร์เกตติ้ง บจก.,NONFOOD-MERCHANDISE,2023,"  13,161.00 ","  12,300.00 ",21340,02,40,0240
M7000602,7000602,เจพัส อินเตอร์คอสเมติกส์ บจก.,NONFOOD-MERCHANDISE,2023,"  687,813.12 ","  642,816.00 ",21661,04,61,0461
M7000659,7000659,โอทูยู บจก.,NONFOOD-MERCHANDISE,2023,"  207,708.40 ",  -   ,21213,03,14,0314
M7000665,7000665,เอช.เค.ซี.(1989) บจก.,NONFOOD-MERCHANDISE,2023,"  1,860,809.18 ","  1,739,074.00 ",21110,03,80,0380
M6300547,6300547,ดีเคเอสเอช (ประเทศไทย) บจก. (Lay's),FOOD-MERCHANDISE,2023,"  8,838.81 ",  -   ,21630,04,30,0430
M6300570,6300570,เคซีจี คอร์ปอเรชั่น บมจ. (PLM),FOOD-MERCHANDISE,2023,"  384,795.79 ","  359,622.30 ",21630,04,30,0430
M6300605,6300605,เอส.อี.เอ. คอนซูเมอร์ โปรดักส์ บจก. (PLM),FOOD-MERCHANDISE,2023,"  43,327,722.68 ","  40,260,194.87 ",21610,04,10,0410
M6300605,6300605,เอส.อี.เอ. คอนซูเมอร์ โปรดักส์ บจก. (PLM),FOOD-MERCHANDISE,2023,"  8,693,034.42 ","  8,019,366.50 ",21640,04,40,0440
M6300609,6300609,มงคลเกษมรุ่งเรือง บจก. (PLM),FOOD-MERCHANDISE,2023,"  276,113,790.51 ","  276,128,724.51 ",21760,05,60,0560
M6900066,6900066,เจริญไอศกรีม หจก. (BCMM),FOOD-MERCHANDISE,2023,"  96,591.71 ","  90,272.60 ",21790,05,70,0570
M6900082,6900082,ฟอร์แคร์ อินโน บจก. BCMM (SME),FOOD-MERCHANDISE,2023,"  15,479.92 ","  14,467.20 ",21610,04,10,0410
M6900082,6900082,ฟอร์แคร์ อินโน บจก. BCMM (SME),FOOD-MERCHANDISE,2023,"  1,042,905.57 ","  974,678.11 ",21640,04,40,0440
M7000068,7000068,ไอ.ซี.ซี.อินเตอร์เนชั่นแนล บมจ. (Sheene Cosmetic),NONFOOD-MERCHANDISE,2023,"  5,249,570.72 ","  4,906,140.85 ",21661,04,61,0461
M7000073,7000073,สยาม นิโตริ บจก.,NONFOOD-MERCHANDISE,2023,"  493,484.00 ","  461,200.00 ",21320,02,20,0220
M6003244,6003244,ยูโรเปี้ยน สแนค ฟู้ด บจก.,FOOD-MERCHANDISE,2023,"  15,456,103.49 ","  14,444,956.54 ",21610,04,10,0410
M6003248,6003248,เอเซียติค อุตสาหกรรมเกษตร บจก.,FOOD-MERCHANDISE,2023,"  11,508,506.59 ","  10,737,863.23 ",21630,04,30,0430
M6003253,6003253,เสี่ยงติ้น หจก.,FOOD-MERCHANDISE,2023,"  1,003,514.65 ","  937,864.07 ",21650,04,50,0450
M6003259,6003259,วัฒนะชัย เตชะรวีสรรเพชร,FOOD-MERCHANDISE,2023,"  199,475.00 ","  201,415.00 ",21790,05,70,0570
M6003270,6003270,เบทาโกรเกษตรอุตสาหกรรม บจก.,FOOD-MERCHANDISE,2023,"  1,054,796,399.32 ","  1,056,997,458.55 ",21710,05,10,0510
M6003271,6003271,เบทาโกรเกษตรอุตสาหกรรม บจก. (Mini),FOOD-MERCHANDISE,2023,"  77,839.97 ",  -   ,21730,05,30,0530
M6003276,6003276,เบทาโกรเกษตรอุตสาหกรรม บจก. (แทน 6002663),FOOD-MERCHANDISE,2023,"  166,098,100.59 ","  166,098,100.59 ",21710,05,10,0510
M6003280,6003280,เอ แอนด์ เอ มีท ฟูด โปรดักส์ บจก. (เครื่องใน),FOOD-MERCHANDISE,2023,"  18,254,619.84 ","  18,277,712.84 ",21710,05,10,0510
M6003284,6003284,ภัทรธำรงค์ บจก.,FOOD-MERCHANDISE,2023,"  4,492,223.80 ","  4,198,340.00 ",21610,04,10,0410
M6300627,6300627,กลุ่มแปรรูปผลิตผลทางการเกษตรสามร้อยยอด (PLM),FOOD-MERCHANDISE,2023,"  658,680.02 ","  658,680.02 ",21760,05,60,0560
M6300634,6300634,ยามูต้า บจก. (PLM),FOOD-MERCHANDISE,2023,"  2,557,278.60 ","  2,389,980.00 ",21650,04,50,0450
M6300653,6300653,คิงส์ วิช บจก. (แทน 6300509),FOOD-MERCHANDISE,2023,"  25,537,511.74 ","  23,866,833.30 ",21790,05,70,0570
M6300675,6300675,เกรทเตอร์ โพลี แมนูแฟคเจอริ่ง บจก. (PLM),FOOD-MERCHANDISE,2023,"  780,158.40 ","  729,120.00 ",21660,04,60,0460
M6300676,6300676,เจ มายกี้ไทย กรุ๊ป บจก.,FOOD-MERCHANDISE,2023,"  1,006,522.66 ","  940,675.34 ",21660,04,60,0460
M6300677,6300677,เอ็มวายยู-นิค บจก.,FOOD-MERCHANDISE,2023,"  961,106.10 ","  867,990.00 ",21661,04,61,0461
M6300683,6300683,สวนผึ้งหวาน บจก. (Export),FOOD-MERCHANDISE,2023,"  610,291.62 ","  570,366.00 ",21620,04,20,0420
M6300692,6300692,พูนผลเทรดดิ้ง บจก. (PLM),FOOD-MERCHANDISE,2023,"  46,567,943.68 ","  46,567,943.68 ",21630,04,30,0430
M6300701,6300701,ริเวอร์โปร อินเตอร์เทรด บจก. (PLM),FOOD-MERCHANDISE,2023,"  8,355,906.07 ",  -   ,21630,04,30,0430
M6300721,6300721,ชัยชาดา บจก. (EXPORT),FOOD-MERCHANDISE,2023,"  639,945.60 ","  598,080.00 ",21610,04,10,0410
M6300732,6300732,ควีน โฟรเซ่น ฟรุต บจก. (EXPORT),FOOD-MERCHANDISE,2023,"  7,240,000.00 ","  7,240,000.00 ",21730,05,30,0530
M6300741,6300741,แฟชั่นฟู้ด บจก. (Export MMVN),FOOD-MERCHANDISE,2023,"  210,255.00 ","  64,495.20 ",21630,04,30,0430
M6400035,6400035,ยูเนียนฟูดอินดัสตรี บจก.,FOOD-HORECA/WHOLESALE,2023,"  5,764,806.21 ","  5,345,462.04 ",21630,04,30,0430
M6400150,6400150,ไทยซอสเซสมาร์เก็ตติ้ง บจก. (Horeca),FOOD-HORECA/WHOLESALE,2023,"  870,726.90 ","  813,763.38 ",21760,05,60,0560
M6400397,6400397,กรีนแพค มาร์เก็ตติ้ง บจก.,FOOD-HORECA/WHOLESALE,2023,"  19,555.42 ","  18,276.09 ",21671,04,71,0471
M6400468,6400468,เคซีจี คอร์ปอเรชั่น บมจ. (Horeca),FOOD-HORECA/WHOLESALE,2023,"  227,980.84 ","  213,066.22 ",21761,05,61,0561
M6600018,6600018,บางกอกแร้นซ์ บมจ. (BCFS),FOOD-MERCHANDISE,2023,"  1,647,844.28 ","  1,587,002.22 ",21790,05,70,0570
M6600023,6600023,สหกรณ์เครือข่ายโคเนื้อ จำกัด (เนื้อสด) BCFS,FOOD-MERCHANDISE,2023,"  261,890.00 ","  261,890.00 ",21710,05,10,0510
M6600026,6600026,อายิโนะโมะโต๊ะเซลส์ (ประเทศไทย) บจก. (BCFS),FOOD-MERCHANDISE,2023,"  428,264.38 ","  163,394.14 ",21610,04,10,0410
M6600026,6600026,อายิโนะโมะโต๊ะเซลส์ (ประเทศไทย) บจก. (BCFS),FOOD-MERCHANDISE,2023,"  374,090.41 ","  39,353.60 ",21631,04,31,0431
M6600026,6600026,อายิโนะโมะโต๊ะเซลส์ (ประเทศไทย) บจก. (BCFS),FOOD-MERCHANDISE,2023,"  13,875,684.96 ","  12,922,026.06 ",21640,04,40,0440
M6600042,6600042,เอเซีย อินเตอร์ ไรซ์ บจก. (BCFS),FOOD-MERCHANDISE,2023,"  3,958,647.06 ","  3,958,647.06 ",21630,04,30,0430
M7000185,7000185,ที.เอ็น.ซี.โปรดักส์ กรุ๊ป บจก.,NONFOOD-MERCHANDISE,2023,"  2,074,860.54 ","  1,939,122.00 ",21340,02,40,0240
M7000219,7000219,ดีเคเอสเอช (ประเทศไทย) บจก. (Scotch Brite3M),NONFOOD-MERCHANDISE,2023,"  178,057,821.39 ","  166,379,848.43 ",21310,02,10,0210
M7000226,7000226,โอสถสภา บมจ.,NONFOOD-MERCHANDISE,2023,"  32,370,834.26 ","  30,253,116.03 ",21670,04,70,0470
M7000262,7000262,สันทราย ฟุตแวร์ บจก.,NONFOOD-MERCHANDISE,2023,"  740,289.13 ","  691,858.30 ",21250,03,50,0350
M7000286,7000286,สยามเด่นภัณฑ์โปรดักส์แอนด์เซล บจก.,NONFOOD-MERCHANDISE,2023,"  512,457.24 ","  478,932.00 ",21310,02,10,0210
M7000312,7000312,คาสสินี่ กรุ๊ป บจก.,NONFOOD-MERCHANDISE,2023,"  358,651.15 ","  338,796.96 ",21350,02,50,0250
M7000358,7000358,ไอบีส อินเตอร์เนชั่นแนล บจก.,NONFOOD-MERCHANDISE,2023,"  420,711.16 ","  393,188.00 ",21340,02,40,0240
M7000391,7000391,ซันกิ ควอลิตี้ โปรดักส์ บจก.,NONFOOD-MERCHANDISE,2023,"  170,392.15 ","  159,245.00 ",21340,02,40,0240
M6003225,6003225,สหพัฒนพิบูล บมจ. (ซื่อสัตย์),FOOD-MERCHANDISE,2023,"  949,759.62 ","  356,603.16 ",21631,04,31,0431
M6003229,6003229,ผึ้งหลวง สไปซ์ บจก.,FOOD-MERCHANDISE,2023,"  922,489.80 ","  862,140.00 ",21630,04,30,0430
M6003245,6003245,เฟรนช์ เบเกอร์รี่ โซลูชั่น บจก.,FOOD-MERCHANDISE,2023,"  5,093,923.77 ","  4,760,676.08 ",21750,05,50,0550
M6003270,6003270,เบทาโกรเกษตรอุตสาหกรรม บจก.,FOOD-MERCHANDISE,2023,"  11,078,034.14 ","  11,054,033.68 ",21790,05,70,0570
M6003271,6003271,เบทาโกรเกษตรอุตสาหกรรม บจก. (Mini),FOOD-MERCHANDISE,2023,"  14,357,739.43 ","  13,418,448.01 ",21790,05,70,0570
M6003288,6003288,โปรเวิร์ค เทรดดิ้ง บจก.,FOOD-MERCHANDISE,2023,"  2,985,603.51 ","  2,790,283.49 ",21661,04,61,0461
M6003306,6003306,ธนารักษ์ อินเตอร์ฟู้ดส์ บจก. (FF),FOOD-MERCHANDISE,2023,"  541,248.31 ","  505,839.60 ",21760,05,60,0560
M7000745,7000745,ฟูจิเทล บจก.,NONFOOD-MERCHANDISE,2023,"  5,168,546.41 ","  4,832,081.33 ",21560,01,60,0160
M7000800,7000800,การ์ตูน แคแร็คเตอร์ บจก.,NONFOOD-MERCHANDISE,2023,"  5,916,438.73 ","  5,519,886.42 ",21340,02,40,0240
M7000861,7000861,เอส.วาย.เค.ออโต้พาร์ต อิมปอร์ต-เอ็กซ์ปอร์ต บจก.,NONFOOD-MERCHANDISE,2023,"  2,958,227.93 ","  2,764,699.00 ",21340,02,40,0240
M7001027,7001027,โชคชัยรุ่งเรืองทรัพย์ การ์เม้นท์ บจก. (M7001027),NONFOOD-MERCHANDISE,2023,"  17,082,149.82 ","  15,964,626.00 ",21220,03,20,0320
M7001036,7001036,ไอ บานาน่า อินเตอร์เทรด (ไทยแลนด์) บจก.,NONFOOD-MERCHANDISE,2023,  8.56 ,  8.00 ,21520,01,20,0120
M6300297,6300297,สยามฟู้ดส์ แอนด์ เบเวอร์เรจส์ บจก. (LP),FOOD-MERCHANDISE,2023,"  7,024,803.02 ","  6,565,236.72 ",21760,05,60,0560
M6300301,6300301,ซีอาร์จี แมนูแฟคเจอริ่ง บจก. (M6300301),FOOD-MERCHANDISE,2023,"  11,516,352.84 ","  10,762,946.62 ",21790,05,70,0570
M6300322,6300322,เนเจอร์ สไปซ์  บจก.,FOOD-MERCHANDISE,2023,"  3,375,321.42 ","  3,154,506.00 ",21630,04,30,0430
M6300326,6300326,เจริญดีมาร์เก็ตติ้ง บจก.,FOOD-MERCHANDISE,2023,"  1,586,304.00 ","  1,586,304.00 ",21630,04,30,0430
M6300379,6300379,สหกรณ์การเกษตร เกษตรวิสัย จำกัด.,FOOD-MERCHANDISE,2023,"  3,211,200.00 ","  3,211,200.00 ",21630,04,30,0430
M6300398,6300398,กรุงเทพน้ำทิพย์ บจก.,FOOD-MERCHANDISE,2023,"  216,784,409.72 ","  202,602,252.40 ",21640,04,40,0440
M6300445,6300445,เอส.ดับบลิว.ฟู้ดเทค บจก. (M6300445),FOOD-MERCHANDISE,2023,"  66,744,362.85 ","  66,744,362.85 ",21760,05,60,0560
M6600050,6600050,พรสยาม เทรดดิ้ง บจก. (BCFS),FOOD-MERCHANDISE,2023,"  14,204.33 ","  10,350.00 ",21611,04,11,0411
M6600063,6600063,เฮอริเทจ มาร์เก็ตติ้ง บจก. (BCFS),FOOD-MERCHANDISE,2023,"  20,275.20 ","  20,275.20 ",21760,05,60,0560
M6600072,6600072,ภาเบญ ฟู้ดส์ บจก. (BCFS),FOOD-MERCHANDISE,2023,"  179,184.23 ","  167,461.91 ",21630,04,30,0430
M6600083,6600083,ดีซีเอช ออริกา (ประเทศไทย) บจก. (BCFS),FOOD-MERCHANDISE,2023,"  54,963.44 ","  51,367.75 ",21672,04,72,0472
M6003292,6003292,ไทย เจริญ มาร์เก็ตติ้ง บจก.,FOOD-MERCHANDISE,2023,"  10,132,232.18 ","  9,469,375.92 ",21760,05,60,0560
M6003294,6003294,แคสป้า ฟาร์มาซูติคอล (ประเทศไทย) บจก.,FOOD-MERCHANDISE,2023,"  250,516.71 ","  181,217.76 ",21840,06,20,0620
M6003309,6003309,โนวา ออร์แกนิค บมจ.,FOOD-MERCHANDISE,2023,"  970,569.41 ","  907,074.24 ",21610,04,10,0410
M6003458,6003458,ไทย อกริ ฟู้ดส์ บมจ. (แบรนด์อร่อยดี),FOOD-MERCHANDISE,2023,"  62,013,796.40 ","  54,335,550.00 ",21630,04,30,0430
M6003460,6003460,กุนธัต (ประเทศไทย) บจก.,FOOD-MERCHANDISE,2023,"  232,698.25 ","  217,475.00 ",21750,05,50,0550
M6600094,6600094,โกลบอล ฟู้ด โปรดักส์ บจก. (BCFS),FOOD-MERCHANDISE,2023,"  48,457.47 ","  14,094.74 ",21640,04,40,0440
M6600096,6600096,นอติลุสฟู้ด (ประเทศไทย) บจก. (BCFS),FOOD-MERCHANDISE,2023,"  438,153.21 ","  350,788.18 ",21630,04,30,0430
M6600097,6600097,โกเบ-ย่า โชกุฮิน โคเงียว บจก. (BCFS),FOOD-MERCHANDISE,2023,"  7,383.00 ","  6,900.00 ",21610,04,10,0410
M6600104,6600104,เดโช บจก. (BCFS),FOOD-MERCHANDISE,2023,"  62,592.44 ","  58,497.60 ",21620,04,20,0420
M6600107,6600107,ชัยเสรี บจก. (BCFS),FOOD-MERCHANDISE,2023,"  207,783.30 ","  194,190.00 ",21630,04,30,0430
M6600112,6600112,พี.เอฟ.พี.เทรดดิ้ง บจก. (BCFS),FOOD-MERCHANDISE,2023,"  632,547.47 ","  591,165.80 ",21790,05,70,0570
M6600114,6600114,เนสท์เล่ (ไทย) บจก. (BCFS),FOOD-MERCHANDISE,2023,"  22,938.66 ","  21,438.00 ",21620,04,20,0420
M6600115,6600115,แมสมาร์เกตติ้ง บจก. (BCFS),FOOD-MERCHANDISE,2023,"  88,213.41 ","  49,434.77 ",21630,04,30,0430
M6600119,6600119,ยูนิลีเวอร์ ไทย เทรดดิ้ง บจก. (HPC+FOOD),FOOD-MERCHANDISE,2023,"  612,262.00 ","  386,769.12 ",21660,04,60,0460
M6600120,6600120,ยูนิลีเวอร์ ไทย เทรดดิ้ง บจก. (SOLUTION),FOOD-MERCHANDISE,2023,"  1,096.75 ",  750.01 ,21611,04,11,0411
M6600120,6600120,ยูนิลีเวอร์ ไทย เทรดดิ้ง บจก. (SOLUTION),FOOD-MERCHANDISE,2023,"  470,704.27 ","  368,259.37 ",21630,04,30,0430
M6003320,6003320,เลอ โบมอนท์ บจก.,FOOD-MERCHANDISE,2023,"  3,694,659.93 ","  3,491,301.51 ",21680,04,80,0480
M6003328,6003328,พีทีเอ็น กัวร์เม มาร์เก็ตติ้ง บจก. (M6003328),FOOD-MERCHANDISE,2023,"  9,542,033.54 ","  9,361,509.07 ",21790,05,70,0570
M6003434,6003434,บิ๊ก วัน อินเตอร์เทรด บจก. (MM),FOOD-MERCHANDISE,2023,"  14,979,497.58 ","  13,999,530.49 ",21620,04,20,0420
M6003457,6003457,ไทยเซ็นเตอร์ฟู้ด โปรดักส์ บจก.,FOOD-MERCHANDISE,2023,"  2,578,992.31 ","  2,410,273.20 ",21760,05,60,0560
M6003462,6003462,บุญรอด เทรดดิ้ง บจก.,FOOD-MERCHANDISE,2023,"  8,431,388.98 ","  7,846,795.57 ",21630,04,30,0430
M6003485,6003485,คอนเนค แอนด์ แกเธอร์ บจก.,FOOD-MERCHANDISE,2023,"  69,978.00 ","  65,400.00 ",21610,04,10,0410
M6003485,6003485,คอนเนค แอนด์ แกเธอร์ บจก.,FOOD-MERCHANDISE,2023,"  517,389.94 ","  481,962.00 ",21640,04,40,0440
M6600120,6600120,ยูนิลีเวอร์ ไทย เทรดดิ้ง บจก. (SOLUTION),FOOD-MERCHANDISE,2023,"  408,732.74 ","  381,993.20 ",21790,05,70,0570
M6600131,6600131,โปรไทย บจก. (BCFS),FOOD-MERCHANDISE,2023,"  470,070.00 ","  394,218.99 ",21630,04,30,0430
M6600132,6600132,ฟรานซ์ อินเตอร์เทรด บจก. (BCFS),FOOD-MERCHANDISE,2023,"  74,813.34 ","  69,919.01 ",21630,04,30,0430
M6600136,6600136,ริช โปรดักส์ แมนูแฟคเจอริ่ง (ประเทศไทย) บจก. (BCFS),FOOD-MERCHANDISE,2023, NULL ,  -   ,21750,05,50,0550
M6600141,6600141,อินเตอร์รุ่งเรือง กรุ๊ป บจก. (BCFS),FOOD-MERCHANDISE,2023,"  166,636.83 ","  155,735.31 ",21630,04,30,0430
M6600144,6600144,ซี.พี. คอนซูเมอร์ โพรดักส์ บจก. (BCFS),FOOD-MERCHANDISE,2023,"  599,153.60 ","  559,956.63 ",21660,04,60,0460
M6600146,6600146,เคซีจี คอร์ปอเรชั่น บมจ. (BCFS),FOOD-MERCHANDISE,2023,"  48,820.21 ",  -   ,21630,04,30,0430
M6600146,6600146,เคซีจี คอร์ปอเรชั่น บมจ. (BCFS),FOOD-MERCHANDISE,2023,"  37,799.93 ","  35,327.04 ",21740,05,40,0540
M6600149,6600149,"บราวน์-ฟอร์แมน ไทยแลนด์, แอล. แอล. ซี. (BCFS)",FOOD-MERCHANDISE,2023,"  851,578.88 ","  795,868.08 ",21650,04,50,0450
M6600152,6600152,ฉั่วฮะเส็ง ฟู้ดโปรดักส์ บจก. (BCFS),FOOD-MERCHANDISE,2023,"  30,867.45 ","  5,495.04 ",21610,04,10,0410
M6600161,6600161,ซีเอ็มดับบลิว ฟูดส์ ซัพพอร์ต บจก. (BCFS),FOOD-MERCHANDISE,2023, NULL ,  -   ,21710,05,10,0510
M6600174,6600174,ไพรซ์อินเตอร์แพค (1999) บจก. (BCFS),FOOD-MERCHANDISE,2023,"  512,187.60 ","  72,000.00 ",21730,05,30,0530
M6600175,6600175,ตะวันพืชผล บจก. DF (BCFS),FOOD-MERCHANDISE,2023,"  269,685.84 ","  269,139.00 ",21630,04,30,0430
M6600177,6600177,สหพัฒนพิบูล บมจ. (HBA) BCFS,FOOD-MERCHANDISE,2023,"  127,699.95 ",  57.46 ,21630,04,30,0430
M6600185,6600185,โมเดิร์นเทรด แมนเนจเม้นท์ บจก. Oishi (BCFS),ASSOCIATE - RPT,2023, NULL ,  -   ,21640,04,40,0440
M6600190,6600190,ดีเคเอสเอช (ประเทศไทย) บจก. (Aura) BCFS,FOOD-MERCHANDISE,2023,"  689,322.51 ","  644,226.64 ",21640,04,40,0440
M6600196,6600196,คาโอ อินดัสเตรียล (ประเทศไทย) บจก. (BCFS),FOOD-MERCHANDISE,2023,"  267,327.76 ","  84,670.61 ",21672,04,72,0472
M6600198,6600198,เจนเนอรัล เบฟเวอร์เรจ บจก. (BCFS),FOOD-MERCHANDISE,2023,"  46,658.92 ","  43,606.47 ",21640,04,40,0440
M6600212,6600212,แฟชั่นฟู้ด บจก. (BCFS),FOOD-MERCHANDISE,2023,"  93,070.71 ","  79,115.52 ",21630,04,30,0430
M6600219,6600219,ตราแม่ครัว บจก. (BCFS),FOOD-MERCHANDISE,2023,"  132,862.07 ","  10,395.26 ",21631,04,31,0431
M6600222,6600222,ไทยเทปกาวอุตสาหกรรม บจก. (BCFS),FOOD-MERCHANDISE,2023,"  250,967.43 ","  104,244.00 ",21730,05,30,0530
M6600227,6600227,ยูนิ. ชาร์ม (ประเทศไทย) บจก. (BCFS),FOOD-MERCHANDISE,2023,"  229,032.13 ","  214,048.68 ",21672,04,72,0472
M6600229,6600229,เดอเบล บจก. (BCFS),FOOD-MERCHANDISE,2023,"  10,467,305.64 ","  9,778,950.22 ",21640,04,40,0440
M6600233,6600233,เส้นดี 99 บจก. (BCFS),FOOD-MERCHANDISE,2023,"  85,052.68 ","  79,488.50 ",21760,05,60,0560
M6600237,6600237,บางกอกอินเตอร์ฟูด บจก. (BCFS),FOOD-MERCHANDISE,2023,"  30,675.26 ","  3,080.32 ",21630,04,30,0430
M6600251,6600251,ตะวันแดง ดีซีเอ็ม บจก. (BCFS),FOOD-MERCHANDISE,2023,"  490,240.77 ","  458,168.82 ",21640,04,40,0440
M6600254,6600254,สมุทรฟู้ดส์ บจก. (BCFS),FOOD-MERCHANDISE,2023,"  84,394.00 ","  84,394.00 ",21790,05,70,0570
M6600261,6600261,คอฟฟี่ บีนเนอรี่ บจก. (BCFS),FOOD-MERCHANDISE,2023,"  45,239.87 ","  42,280.27 ",21610,04,10,0410
M6600278,6600278,แมรี่ แอน แดรี่ โปรดักส์ บจก. (BCFS),FOOD-MERCHANDISE,2023,"  21,289.50 ",  -   ,21730,05,30,0530
M6600288,6600288,ไทย อกริ ฟู้ดส์ บมจ. (DF) BCFS,FOOD-MERCHANDISE,2023,"  164,725.35 ","  137,102.85 ",21630,04,30,0430
M6600298,6600298,เอสพีอาร์ 2013 บจก. (BCFS),FOOD-MERCHANDISE,2023,"  1,677,200.59 ","  1,557,559.41 ",21711,00,0,00000
M6600318,6600318,คิว ดิสตริบิวเตอร์ บจก. (BCFS),FOOD-MERCHANDISE,2023,"  37,490,171.78 ","  35,037,543.32 ",21640,04,40,0440
M6600337,6600337,แพนฟู้ด บจก. (BCFS),FOOD-MERCHANDISE,2023,"  145,199.00 ","  135,700.00 ",21790,05,70,0570
M6600339,6600339,ส.จิตเจริญ อินเตอร์ฟูดส์ บจก. (BCFS),FOOD-MERCHANDISE,2023,"  105,004.38 ","  98,134.90 ",21760,05,60,0560
M6600354,6600354,บริหารการขายและบริการ บจก. (BCFS),FOOD-MERCHANDISE,2023,"  72,082.86 ","  47,491.20 ",21630,04,30,0430
M6600358,6600358,พี พี พี ออยล์ บจก. (BCFS),FOOD-MERCHANDISE,2023,"  104,697.36 ","  97,848.00 ",21630,04,30,0430
M6600365,6600365,เดอะ วินเนอร์ เทรดดิ้ง บจก. BCFS (Seafood),FOOD-MERCHANDISE,2023,"  578,415.19 ","  359,215.19 ",21720,05,20,0520
M6600370,6600370,มารุโคเมะ (ประเทศไทย) บจก. (BCFS),FOOD-MERCHANDISE,2023,"  23,744.82 ","  41,195.64 ",21630,04,30,0430
M6800020,6800020,ซิลลิค ฟาร์มา บจก. (แผนกยา) Multiline3 (Siri Pharma),FOOD-MERCHANDISE,2023,"  23,691.66 ","  22,141.74 ",21830,06,10,0610
M6300499,6300499,พรอสเพอร์ เอ็นเตอร์ไพรส์เซส บจก.,FOOD-MERCHANDISE,2023,"  605,130.00 ","  591,900.00 ",21630,04,30,0430
M6300532,6300532,ไทย-เยอรมัน มีท โปรดักท์ บจก. (MINI),FOOD-MERCHANDISE,2023,"  13,474,324.98 ","  12,592,827.08 ",21760,05,60,0560
M6300564,6300564,ปิ่นเพชร บจก. (PLM),FOOD-MERCHANDISE,2023,"  16,146,456.88 ","  16,495,034.12 ",21760,05,60,0560
M6300591,6300591,สหกรณ์โคนมวาริชภูมิ จำกัด (PLM),FOOD-MERCHANDISE,2023,"  712,800.00 ","  712,800.00 ",21640,04,40,0440
M6300599,6300599,เดียร์ ดี เทรดดิ้ง บจก. (Mini),FOOD-MERCHANDISE,2023, NULL ,"  (733,611.42)",21850,06,30,0630
M6300605,6300605,เอส.อี.เอ. คอนซูเมอร์ โปรดักส์ บจก. (PLM),FOOD-MERCHANDISE,2023,"  18,897,585.14 ","  17,583,235.89 ",21620,04,20,0420
M6003254,6003254,เคซีจี คอร์ปอเรชั่น บมจ. (Bakery),FOOD-MERCHANDISE,2023,"  6,670,649.64 ","  6,234,252.00 ",21750,05,50,0550
M6003255,6003255,ธาวินเฟรช หจก.,FOOD-MERCHANDISE,2023,"  1,720,965.34 ","  1,716,174.24 ",21730,05,30,0530
M6003270,6003270,เบทาโกรเกษตรอุตสาหกรรม บจก.,FOOD-MERCHANDISE,2023,"  32,137,868.72 ","  32,137,868.72 ",21760,05,60,0560
M6003271,6003271,เบทาโกรเกษตรอุตสาหกรรม บจก. (Mini),FOOD-MERCHANDISE,2023,"  122,036,260.06 ","  118,437,365.27 ",21710,05,10,0510
M6003276,6003276,เบทาโกรเกษตรอุตสาหกรรม บจก. (แทน 6002663),FOOD-MERCHANDISE,2023,"  447,017.20 ","  21,059.94 ",21730,05,30,0530
M6003279,6003279,น้ำมันมะพร้าวไทย บจก.,FOOD-MERCHANDISE,2023,"  2,189,327.22 ","  2,046,100.16 ",21630,04,30,0430
M6003287,6003287,ซีโน-แปซิฟิค เทรดดิ้ง (ไทยแลนด์)  บจก. (Pharma),FOOD-MERCHANDISE,2023,"  694,537.51 ","  633,438.79 ",21850,06,30,0630
M6003314,6003314,ซีโน-แปซิฟิค เทรดดิ้ง (ไทยแลนด์) บจก. (กรีนเดย์),FOOD-MERCHANDISE,2023,"  14,967,401.04 ","  13,988,225.12 ",21620,04,20,0420
M6003464,6003464,โรงน้ำแข็ง จารุรัตน์พัฒนา บจก.,FOOD-MERCHANDISE,2023,"  69,528.60 ","  122,535.00 ",21790,05,70,0570
M6003472,6003472,ดีซีเอช ออริกา (ประเทศไทย) บจก. (Pharma),FOOD-MERCHANDISE,2023,"  115,681.25 ",  -   ,21630,04,30,0430
M6003485,6003485,คอนเนค แอนด์ แกเธอร์ บจก.,FOOD-MERCHANDISE,2023,"  598,600.80 ","  559,440.00 ",21790,05,70,0570
M6003500,6003500,ฟาติมะฮ์ ฟู้ดส์ โปรดักส์ บจก.,FOOD-MERCHANDISE,2023,"  13,331,770.19 ","  13,331,770.19 ",21710,05,10,0510
M6003520,6003520,โอเร็กซ์ เทรดดิ้ง บจก. (The Eagle),FOOD-MERCHANDISE,2023,"  437,958.62 ","  154,776.00 ",21830,06,10,0610
M6003525,6003525,ผลิตภัณฑ์ ธรรมชาติ ทะเลภู บจก.,FOOD-MERCHANDISE,2023,"  170,236.29 ","  155,276.11 ",21661,04,61,0461
M6003525,6003525,ผลิตภัณฑ์ ธรรมชาติ ทะเลภู บจก.,FOOD-MERCHANDISE,2023,"  62,308.93 ","  58,232.64 ",21850,06,30,0630
M6003528,6003528,แมรี่ แอน แดรี่ โปรดักส์ บจก.,FOOD-MERCHANDISE,2023,"  10,855,971.70 ",  0.33 ,21730,05,30,0530
M6003553,6003553,ดีเจริญการเกษตรไทฟูดส์ บจก.,FOOD-MERCHANDISE,2023,"  30,399,780.28 ","  30,399,780.28 ",21730,05,30,0530
M6800024,6800024,ซิลลิค ฟาร์มา บจก. (แผนกยา) MENARINI (Siri Pharma),FOOD-MERCHANDISE,2023,"  637,397.72 ","  589,795.40 ",21840,06,20,0620
M6800025,6800025,ซิลลิค ฟาร์มา บจก. (แผนกยา) CETAPHIL (Siri Pharma),FOOD-MERCHANDISE,2023,"  (28,216.40)","  (26,370.47)",21850,06,30,0630
M6800030,6800030,ซิลลิค ฟาร์มา บจก. (แผนกยา) PFIZER (Siri Pharma),FOOD-MERCHANDISE,2023,"  87,183.49 ","  81,479.89 ",21830,06,10,0610
M6800048,6800048,อ้วยอันโอสถ บจก. (Siri Pharma),FOOD-MERCHANDISE,2023,"  9,777.83 ","  6,869.09 ",21860,06,40,0640
M6800073,6800073,ดีเคเอสเอช (ประเทศไทย) บจก. BAYER CON (Siri Pharma),FOOD-MERCHANDISE,2023,"  43,021.18 ","  19,379.01 ",21830,06,10,0610
M6800080,6800080,โอเร็กซ์ เทรดดิ้ง บจก. (Siri Pharma),FOOD-MERCHANDISE,2023,"  8,639.86 ","  8,074.64 ",21840,06,20,0620
M6800083,6800083,ดีซีเอช ออริกา (ประเทศไทย) บจก. (Siri Pharma),FOOD-MERCHANDISE,2023,"  11,773.72 ",  620.40 ,21672,04,72,0472
M6800108,6800108,สาย 4 พีพีดรักส์ บจก. (Siri Pharma),FOOD-MERCHANDISE,2023,"  222,725.88 ","  110,663.00 ",21830,06,10,0610
M6900018,6900018,โรงน้ำแข็งวังสิงห์คำ อุตสาหกรรม บจก. (BCMM),FOOD-MERCHANDISE,2023,"  47,668.50 ","  45,200.00 ",21790,05,70,0570
M6003488,6003488,บี ที ที (ไทยแลนด์) บจก.,FOOD-MERCHANDISE,2023,"  1,332,809.80 ","  1,332,809.80 ",21720,05,20,0520
M6003501,6003501,เสริมสุข บมจ.,ASSOCIATE - RPT,2023, NULL ,  -   ,33032,09,,09
M6003510,6003510,สิงห์จันทบุรี บจก.,FOOD-MERCHANDISE,2023,"  3,154,128.57 ","  2,947,783.64 ",21650,04,50,0450
M6003516,6003516,ดีเคเอสเอช (ประเทศไทย) บจก. (Mundi Pharma),FOOD-MERCHANDISE,2023,"  873,638.63 ","  64,294.56 ",21850,06,30,0630
M6003520,6003520,โอเร็กซ์ เทรดดิ้ง บจก. (The Eagle),FOOD-MERCHANDISE,2023,"  6,180,378.25 ","  5,741,716.42 ",21840,06,20,0620
M6003527,6003527,เอสโก้สมุนไพรไทย บจก.,FOOD-MERCHANDISE,2023,"  2,267,004.03 ","  2,118,695.40 ",21660,04,60,0460
M6003528,6003528,แมรี่ แอน แดรี่ โปรดักส์ บจก.,FOOD-MERCHANDISE,2023,"  77,619,256.57 ","  81,687,540.62 ",21760,05,60,0560
M6003530,6003530,ดนวัต แดรี่โปรดักส์ บจก.,FOOD-MERCHANDISE,2023,"  1,564,513.01 ","  1,493,265.97 ",21790,05,70,0570
M6003545,6003545,สมุนไพรไทย หงส์ไทย บจก.,FOOD-MERCHANDISE,2023,"  353,877.84 ","  29,124.83 ",21860,06,40,0640
M6300625,6300625,ไดนาสตี้ ฟู๊ด โปรดักส์ บจก.,FOOD-MERCHANDISE,2023,"  1,411,301.75 ","  1,319,811.51 ",21620,04,20,0420
M6300668,6300668,พินนาเคิล แก๊สโตร บจก. (IMPORT),FOOD-MERCHANDISE,2023,"  1,743,490.28 ","  1,629,430.15 ",21640,04,40,0440
M6300673,6300673,ไก๋ไก่ ฟู๊ด บจก. (PLM),FOOD-MERCHANDISE,2023,"  2,591,929.91 ","  2,422,364.40 ",21620,04,20,0420
M6300680,6300680,ชวนพัฒน์ บจก. (Export),FOOD-MERCHANDISE,2023,"  643,688.46 ","  601,578.00 ",21620,04,20,0420
M6300695,6300695,โคเทรดดิ้ง (ไทยแลนด์) บจก. (IMPORT),FOOD-MERCHANDISE,2023,"  2,871,381.15 ","  2,683,533.77 ",21610,04,10,0410
M6300695,6300695,โคเทรดดิ้ง (ไทยแลนด์) บจก. (IMPORT),FOOD-MERCHANDISE,2023,"  1,628,634.30 ","  1,522,088.16 ",21620,04,20,0420
M7000447,7000447,ดนุเดช อุตสาหกรรม บจก. (NF),NONFOOD-MERCHANDISE,2023,"  130,977,747.17 ","  122,409,109.45 ",21310,02,10,0210
M7000454,7000454,ทีซีแอล อิเล็กทรอนิกส์ (ไทยแลนด์) บจก.,NONFOOD-MERCHANDISE,2023,"  (7,810.80)","  (7,299.81)",21510,01,10,0110
M7000456,7000456,ธนบุรี มาสเตอร์ กรุ๊ป หจก.,NONFOOD-MERCHANDISE,2023,"  8,650,426.61 ","  8,082,335.85 ",21220,03,20,0320
M7000462,7000462,ยูไนเต็ด โปรดัคส์ อินเตอร์เนชั่นแนล บจก.,NONFOOD-MERCHANDISE,2023,"  5,099,584.46 ","  4,763,268.27 ",21340,02,40,0240
M7000502,7000502,โมวาด้า บจก.,NONFOOD-MERCHANDISE,2023,"  883,473.36 ","  865,478.48 ",21520,01,20,0120
M7000510,7000510,เอส แอนด์ จี ดีไซน์กรุ๊ป บจก.,NONFOOD-MERCHANDISE,2023,"  3,093,455.60 ","  2,891,080.00 ",21220,03,20,0320
M7000520,7000520,ซี.เค.เทรดดิ้ง (1994) บจก.,NONFOOD-MERCHANDISE,2023,"  292,026.54 ","  272,922.00 ",21320,02,20,0220
M7000547,7000547,นำง่ายฮง บจก.,NONFOOD-MERCHANDISE,2023,"  6,632,967.01 ","  6,209,650.53 ",21310,02,10,0210
M7001050,7001050,สหศิลป์ไฮเทค บจก.,NONFOOD-MERCHANDISE,2023,"  28,978,586.79 ","  27,082,790.10 ",21320,02,20,0220
M7001057,7001057,สุวรรณสมบูรณ์ บจก.,NONFOOD-MERCHANDISE,2023,"  11,514,284.98 ","  10,761,014.00 ",21110,03,80,0380
M7001076,7001076,เจ เอช ซี (ประเทศไทย) บจก.,NONFOOD-MERCHANDISE,2023,"  1,553,428.14 ","  1,451,802.00 ",21320,02,20,0220
M7001087,7001087,โฮม อินเตอร์ ซัพพลาย บจก.,NONFOOD-MERCHANDISE,2023,"  230,071.40 ","  225,459.94 ",21340,02,40,0240
M7001093,7001093,ลั๊กกี้เพนท์ บจก.,NONFOOD-MERCHANDISE,2023,"  5,559,086.56 ","  5,195,408.00 ",21210,03,10,0310
M6003576,6003576,บอร์น ดิสทริบิวเตอร์ หจก.,FOOD-MERCHANDISE,2023,"  555,599.28 ","  529,783.92 ",21790,05,70,0570
M6003592,6003592,เอฟบี ฟู้ด เซอร์วิส (2017) บจก.,FOOD-MERCHANDISE,2023,"  39,833,334.09 ","  37,206,006.02 ",21630,04,30,0430
M6003593,6003593,ดีเคเอสเอช (ประเทศไทย) บจก. (Gery Garuda),FOOD-MERCHANDISE,2023,"  10,328,942.92 ","  9,653,217.61 ",21620,04,20,0420
M6003600,6003600,ไข่สุข บจก.,FOOD-MERCHANDISE,2023,"  656,958.60 ","  613,980.00 ",21760,05,60,0560
M6003652,6003652,ซีโน-แปซิฟิค เทรดดิ้ง (ไทยแลนด์)  บจก. (แทน 6000581),FOOD-MERCHANDISE,2023,"  7,604,280.37 ","  7,106,804.13 ",21610,04,10,0410
M6003589,6003589,ตะวันพืชผล บจก. (แทน 4003147),FOOD-MERCHANDISE,2023,"  7,779,718.60 ","  7,612,172.62 ",21760,05,60,0560
M6003592,6003592,เอฟบี ฟู้ด เซอร์วิส (2017) บจก.,FOOD-MERCHANDISE,2023,"  6,373,077.43 ","  5,944,834.43 ",21610,04,10,0410
M6003626,6003626,อุดรกิตติ (1992) บจก. (FF),FOOD-MERCHANDISE,2023,"  102,252.60 ","  98,520.86 ",21790,05,70,0570
M6003628,6003628,ไทยยูเนี่ยน กรุ๊ป บมจ. (แทน 6000130),FOOD-MERCHANDISE,2023,"  2,228,581.57 ","  2,082,786.38 ",21620,04,20,0420
M6003642,6003642,ปิยธิดาฟู้ด บจก.,FOOD-MERCHANDISE,2023,"  541,806.43 ","  506,361.60 ",21790,05,70,0570
M6003650,6003650,คชเชอร์ โกลบอล ฟู้ด บจก.,FOOD-MERCHANDISE,2023,"  10,013,806.56 ","  9,357,631.90 ",21620,04,20,0420
M6003668,6003668,เค.อาร์.เอส.สไปร์ซี่ ฟู้ดส์ บจก. (DF),FOOD-MERCHANDISE,2023,"  3,227,516.50 ","  3,016,370.59 ",21630,04,30,0430
M6300702,6300702,ดีเคเอสเอช (ประเทศไทย) บจก. (Prego),FOOD-MERCHANDISE,2023,"  (2,411,755.02)","  (2,411,755.02)",21610,04,10,0410
M6300702,6300702,ดีเคเอสเอช (ประเทศไทย) บจก. (Prego),FOOD-MERCHANDISE,2023,"  15,216,435.74 ","  14,220,968.03 ",21630,04,30,0430
M6300724,6300724,ไทยน้ำทิพย์ คอร์ปอเรชั่น บจก. (Mini),FOOD-MERCHANDISE,2023,"  4,260.76 ","  5,472.90 ",21750,05,50,0550
M6300728,6300728,เจนเนอรัล เบฟเวอร์เรจ บจก. (EXPORT),FOOD-MERCHANDISE,2023,"  558,032.82 ","  521,526.00 ",21640,04,40,0440
M6300731,6300731,ซี.พี.ฟู้ดสโตร์ บจก. (PLM),FOOD-MERCHANDISE,2023,"  127,265,148.03 ","  127,265,148.03 ",21630,04,30,0430
M6300734,6300734,ปฐวิน บมจ. (PLM),FOOD-MERCHANDISE,2023,"  1,319,078.88 ","  1,232,784.00 ",21672,04,72,0472
M6400223,6400223,เนสท์เล่ (ไทย) บจก. (M6400223),FOOD-HORECA/WHOLESALE,2023,"  117,134.52 ","  109,471.40 ",21631,04,31,0431
M6400337,6400337,ไฮไท ซีฟู้ด บจก.,FOOD-HORECA/WHOLESALE,2023,"  1,117,035.42 ","  1,043,958.30 ",21790,05,70,0570
M6400390,6400390,อัศวินซุปเปอร์แมน หจก.,FOOD-HORECA/WHOLESALE,2023,"  40,048.22 ","  7,026.72 ",21671,04,71,0471
M6400438,6400438,น้ำมันพืชปทุม บจก.,FOOD-HORECA/WHOLESALE,2023,"  1,101,409.43 ","  956,701.80 ",21631,04,31,0431
M6400451,6400451,ฉั่วฮะเส็ง ฟู้ดโปรดักส์ บจก.,FOOD-HORECA/WHOLESALE,2023,"  793,315.63 ","  739,031.04 ",21610,04,10,0410
M6400451,6400451,ฉั่วฮะเส็ง ฟู้ดโปรดักส์ บจก.,FOOD-HORECA/WHOLESALE,2023,"  5,972,618.67 ","  5,542,013.37 ",21630,04,30,0430
M6600004,6600004,จีเอสบี อินเตอร์เนชั่นแนล บจก. (BCFS),FOOD-MERCHANDISE,2023,"  4,670.55 ",  -   ,21730,05,30,0530
M6600008,6600008,คิงส์ วิช บจก. (BCFS),FOOD-MERCHANDISE,2023,"  5,125,604.14 ","  5,117,228.99 ",21730,05,30,0530
M6600011,6600011,เซ้าท์แลนด์ อินเตอร์เทรด บจก. (BCFS),FOOD-MERCHANDISE,2023,"  752,562.47 ","  746,279.97 ",21790,05,70,0570
M6600020,6600020,พีทีเอ็น กัวร์เม มาร์เก็ตติ้ง บจก. (BCFS),FOOD-MERCHANDISE,2023,"  6,340.00 ",  -   ,21730,05,30,0530
M6600021,6600021,สหกรณ์เครือข่ายโคเนื้อ จำกัด (เนื้อแช่แข็ง) BCFS,FOOD-MERCHANDISE,2023,"  331,769.98 ","  355,005.53 ",21790,05,70,0570
M6004696,6004696,เดอเบล บจก. (FF),FOOD-MERCHANDISE,2023,"  6,486,287.51 ","  6,061,950.96 ",21720,05,20,0520
M6004700,6004700,ไทยน้ำทิพย์ คอร์ปอเรชั่น บจก. (TLKK),FOOD-MERCHANDISE,2023,"  257,462.70 ","  240,619.37 ",33421,00,0,00000
M6004701,6004701,ไทยน้ำทิพย์ คอร์ปอเรชั่น บจก. (โดนใจ),FOOD-MERCHANDISE,2023,"  2,590,293.10 ","  2,390,170.96 ",21640,04,40,0440
M6004710,6004710,นารา ทรี บจก.,FOOD-MERCHANDISE,2023,"  8,599,827.54 ","  7,932,984.56 ",21660,04,60,0460
M6004721,6004721,อิตาเลเซีย เทรดดิ้ง (ประเทศไทย) บจก. (Coffee),FOOD-MERCHANDISE,2023,"  44,940.00 ","  42,000.00 ",21701,00,0,00000
M6004726,6004726,ไทยแอทลาสโกลบอล ฟูด บจก.,FOOD-MERCHANDISE,2023,"  963,203.12 ","  900,189.84 ",21640,04,40,0440
M6004729,6004729,สหชลผลพืช บจก. (Dry Foods),FOOD-MERCHANDISE,2023,"  3,218,757.72 ","  3,008,184.80 ",21640,04,40,0440
M6004752,6004752,ซีพีเอฟ โกลบอล ฟู้ด โซลูชั่น บมจ. (แทนM6004031),FOOD-MERCHANDISE,2023,"  59,522,068.90 ","  55,628,242.52 ",21760,05,60,0560
M6004755,6004755,ซีพีเอฟ โกลบอล ฟู้ด โซลูชั่น บมจ. (แทนM6004041),FOOD-MERCHANDISE,2023,"  5,322,123.16 ","  4,973,946.90 ",21790,05,70,0570
M6004765,6004765,คิงสเตลล่า กรุ๊ป บจก. (แทน M6000732),FOOD-MERCHANDISE,2023,"  179,997.82 ","  168,222.24 ",21340,02,40,0240
M6900029,6900029,เคพี ดิสทริบิวเตอร์ ระยอง บจก. (BCMM),FOOD-MERCHANDISE,2023,"  120,134.65 ","  112,275.35 ",21790,05,70,0570
M6900044,6900044,ภัทร ไอศกรีม บจก. (BCMM),FOOD-MERCHANDISE,2023,"  112,678.61 ","  105,307.14 ",21790,05,70,0570
M6900045,6900045,ราชสีมา เอ็น.ดี.พี. บจก. (BCMM),FOOD-MERCHANDISE,2023,"  141,849.55 ","  132,569.65 ",21790,05,70,0570
M6900076,6900076,โรงน้ำแข็งมิตรภาพขอนแก่น 2002 หจก. (BCMM),FOOD-MERCHANDISE,2023,"  101,066.70 ","  94,904.86 ",21790,05,70,0570
M7000010,7000010,ไอ.ซี.ซี.อินเตอร์เนชั่นแนล บมจ. (Underwear Zeg),NONFOOD-MERCHANDISE,2023,"  15,853,199.30 ","  14,816,074.23 ",21220,03,20,0320
M6004772,6004772,บ้านขนมไทย อินเตอร์เนชั่นแนล บจก. (SME),FOOD-MERCHANDISE,2023,"  159,698.18 ","  149,250.72 ",21622,04,22,0422
M6004776,6004776,เอ-เบสท์ บจก. (DF),FOOD-MERCHANDISE,2023,"  2,906,538.46 ","  2,716,391.09 ",21630,04,30,0430
M6004777,6004777,สไปซ์ สตอรี่ บจก. (Credit),FOOD-MERCHANDISE,2023,"  734,046.71 ","  686,024.90 ",21630,04,30,0430
M6004781,6004781,โปรแพลน อุตสาหกรรม บจก. (DF),FOOD-MERCHANDISE,2023,"  826,239.83 ","  772,186.80 ",21630,04,30,0430
M6004794,6004794,จันนิภา แก่นแก้ว,FOOD-MERCHANDISE,2023,"  22,618,847.78 ","  22,618,847.78 ",21730,05,30,0530
M6004804,6004804,เบทเตอร์เวย์ อินเตอร์เนชั่นแนล บจก.,FOOD-MERCHANDISE,2023,"  2,928,922.20 ","  2,623,358.25 ",21660,04,60,0460
M6004870,6004870,โนโวไลฟ์ บจก. (ABT),FOOD-MERCHANDISE,2023,"  3,282,762.48 ","  348,902.64 ",21860,06,40,0640
M6004883,6004883,คิงสเตลล่า กรุ๊ป บจก. (ABT),FOOD-MERCHANDISE,2023,"  125,391.53 ","  117,188.34 ",21670,04,70,0470
M6004897,6004897,ไท่ กั๋ว พิ่น โมเดิร์น เทรดดิ้ง (ประเทศไทย) บจก. (ABT),FOOD-MERCHANDISE,2023,"  483,302.20 ","  451,684.30 ",21620,04,20,0420
M6004917,6004917,ดีเคเอสเอช (ประเทศไทย) บจก. (Megachef),FOOD-MERCHANDISE,2023,"  18,728,145.00 ","  17,487,036.36 ",21630,04,30,0430
M6004929,6004929,ปรีชา บริบูรณ์,FOOD-MERCHANDISE,2023,"  21,900.00 ","  21,900.00 ",21790,05,70,0570
M6004936,6004936,ไอซ์ เทคโนโลยี พรอไพรทารี บจก. (TLKK),FOOD-MERCHANDISE,2023,"  14,065.15 ","  13,145.00 ",33420,00,0,00000
M6004945,6004945,พรีเมียมมิรุคุ บจก. (SME),FOOD-MERCHANDISE,2023,"  416,800.62 ","  389,533.27 ",21762,05,62,0562
M6004946,6004946,เกี๊ยกทอยส์ (ประเทศไทย) บจก. (DF),FOOD-MERCHANDISE,2023,"  1,027,349.21 ","  960,139.44 ",21620,04,20,0420
M6003669,6003669,เฮอริเทจ มาร์เก็ตติ้ง บจก. (DF),FOOD-MERCHANDISE,2023,"  43,205,855.32 ","  40,379,304.08 ",21640,04,40,0440
M6003675,6003675,ไอดีล ฟู้ดแอนด์เบฟเวอร์เรจ บจก.,FOOD-MERCHANDISE,2023,"  202,273.70 ","  189,040.80 ",21760,05,60,0560
M6003679,6003679,คิงส์ วิช บจก. (แทน M6002810),FOOD-MERCHANDISE,2023,"  4,233,180.03 ","  4,233,180.03 ",21720,05,20,0520
M6003679,6003679,คิงส์ วิช บจก. (แทน M6002810),FOOD-MERCHANDISE,2023,"  1,528,944.40 ","  1,428,679.93 ",21790,05,70,0570
M6003682,6003682,ฤทธาฟู้ดส์ บจก.,FOOD-MERCHANDISE,2023,"  8,685,209.09 ","  8,376,670.08 ",21790,05,70,0570
M6003700,6003700,เกรทเอ็มเพอร์เร่อร์ฟู้ดส์ บจก.,FOOD-MERCHANDISE,2023,"  680,139.06 ","  635,644.00 ",21790,05,70,0570
M6003745,6003745,บุญส่งโอสถ บจก. (แทน 6002538),FOOD-MERCHANDISE,2023,"  5,519,005.06 ","  1,006,897.50 ",21850,06,30,0630
M6003746,6003746,ดีเคเอสเอช (ประเทศไทย) บจก. (Sherwoodแทน 3700729),FOOD-MERCHANDISE,2023,"  15,793,107.97 ","  9,559,449.28 ",21680,04,80,0480
M7001148,7001148,ริชเฮ้าส์ เอซ บจก.,NONFOOD-MERCHANDISE,2023,"  859,281.69 ","  803,067.00 ",21220,03,20,0320
M7001164,7001164,เอเซีย นิวไลฟ์ นิตติ้ง บจก.,NONFOOD-MERCHANDISE,2023,"  529,864.00 ","  495,200.00 ",21110,03,80,0380
M7001171,7001171,ทรัพย์มณี แฟชั่น ดีไซน์ บจก. (Credit),NONFOOD-MERCHANDISE,2023,"  47,316,188.59 ","  44,220,737.00 ",21210,03,10,0310
M7001182,7001182,บี.ที. โฮลเซลเลอร์ บจก.,NONFOOD-MERCHANDISE,2023,"  1,268,778.18 ","  1,186,054.00 ",21350,02,50,0250
M7001207,7001207,พี.เจ.ชลบุรี พาราวู้ด บจก.,NONFOOD-MERCHANDISE,2023,"  2,589,426.30 ","  2,420,024.64 ",21320,02,20,0220
M7001233,7001233,รับเบอร์โซล บจก.,NONFOOD-MERCHANDISE,2023,"  23,451,103.00 ","  21,916,918.70 ",21250,03,50,0350
M7001245,7001245,ธนบุรี มาสเตอร์ กรุ๊ป หจก. (ประมูล),NONFOOD-MERCHANDISE,2023,  (53.51),  (50.01),21110,03,80,0380
M6004953,6004953,เกรทเทสท์ เพ็ทแคร์ บจก. (ABT),FOOD-MERCHANDISE,2023,"  32,370.00 ","  32,370.00 ",21680,04,80,0480
M6004973,6004973,คันนา โกรเซอรีส์ บจก. (ABT),FOOD-MERCHANDISE,2023,"  1,811,612.05 ","  1,693,095.38 ",21760,05,60,0560
M6004990,6004990,ติ๋ม อินเตอร์ ฟู้ด บจก.,FOOD-MERCHANDISE,2023,"  1,141,418.22 ","  1,066,746.00 ",21720,05,20,0520
M6004996,6004996,ณัฐธิดา สว่างศรี,FOOD-MERCHANDISE,2023,"  592,439.50 ","  592,439.50 ",21740,05,40,0540
M6005019,6005019,ไทยซอฟต์พาวเวอร์ บจก.,FOOD-MERCHANDISE,2023,"  40,847.37 ","  38,175.12 ",21740,05,40,0540
M6005035,6005035,คิโยมิซุ บจก. (SME),FOOD-MERCHANDISE,2023,"  34,999.28 ","  32,709.60 ",21642,04,42,0442
M6005036,6005036,เจ้าสัว ฟู้ดส์ อินดัสทรี บมจ. ABT (แทนM6004918),FOOD-MERCHANDISE,2023,"  4,378,145.75 ","  447,280.00 ",21620,04,20,0420
M6005054,6005054,ไทย แกรนด์ บิสซิเนส บจก. (New),FOOD-MERCHANDISE,2023,"  14,194.62 ","  13,266.00 ",21760,05,60,0560
M6005066,6005066,ธนไชย จิตปรีดากร,FOOD-MERCHANDISE,2023,"  165,362.05 ","  165,362.05 ",21730,05,30,0530
M6600031,6600031,วัชมนฟู้ด บจก. (BCFS),FOOD-MERCHANDISE,2023,"  2,430,243.81 ","  2,443,030.81 ",21730,05,30,0530
M6600038,6600038,ฟู้ด แกลเลอรี่ บจก. (BCFS),FOOD-MERCHANDISE,2023,"  287,397.10 ","  286,169.00 ",21790,05,70,0570
M6600049,6600049,ไอ.พี. วัน บจก. (BCFS),FOOD-MERCHANDISE,2023,"  272,797.29 ","  109,209.60 ",21671,04,71,0471
M6600057,6600057,โอเชี่ยน ลูท (ประเทศไทย) บจก. (BCFS),FOOD-MERCHANDISE,2023,"  2,184,063.50 ","  2,184,063.50 ",21720,05,20,0520
M6600059,6600059,ดัชมิลล์ บจก. (BCFS),FOOD-MERCHANDISE,2023,"  1,167,536.22 ",  -   ,21730,05,30,0530
M6600063,6600063,เฮอริเทจ มาร์เก็ตติ้ง บจก. (BCFS),FOOD-MERCHANDISE,2023,"  619,326.64 ","  695,204.88 ",21620,04,20,0420
M6600085,6600085,ดีเอฟที (ประเทศไทย) บจก. (BCFS),FOOD-MERCHANDISE,2023,"  263,884.86 ","  246,621.24 ",21660,04,60,0460
M6600103,6600103,ง่วนสูน (1974) (BCFS),FOOD-MERCHANDISE,2023,"  60,736.94 ","  51,910.44 ",21630,04,30,0430
M6600115,6600115,แมสมาร์เกตติ้ง บจก. (BCFS),FOOD-MERCHANDISE,2023,"  105,999.58 ","  46,244.52 ",21670,04,70,0470
M6600121,6600121,ไทย แฟร์ ฟู้ดส์ บจก. (BCFS),FOOD-MERCHANDISE,2023,"  32,520.56 ","  30,393.00 ",21610,04,10,0410
M7000624,7000624,อาซากิ อินเตอร์เนชั่นแนล บจก.,NONFOOD-MERCHANDISE,2023,"  29,869,691.22 ","  27,915,599.33 ",21560,01,60,0160
M7000675,7000675,ผลิตภัณฑ์กระดาษไทย บจก.,NONFOOD-MERCHANDISE,2023,"  6,206,986.34 ","  5,800,921.75 ",21350,02,50,0250
M7000710,7000710,ศรีโรจนกิจ ฟุตแวร์  บจก.,NONFOOD-MERCHANDISE,2023,"  73,609,070.68 ","  68,793,524.00 ",21250,03,50,0350
M6600134,6600134,ไทซันฟูดส์ บจก. (BCFS),FOOD-MERCHANDISE,2023,"  45,407.02 ","  30,246.70 ",21630,04,30,0430
M6600144,6600144,ซี.พี. คอนซูเมอร์ โพรดักส์ บจก. (BCFS),FOOD-MERCHANDISE,2023,"  174,355.10 ","  112,964.70 ",21670,04,70,0470
M6600146,6600146,เคซีจี คอร์ปอเรชั่น บมจ. (BCFS),FOOD-MERCHANDISE,2023,"  128,924.41 ","  121,893.94 ",21610,04,10,0410
M6600146,6600146,เคซีจี คอร์ปอเรชั่น บมจ. (BCFS),FOOD-MERCHANDISE,2023,"  149,615.49 ","  133,101.72 ",21640,04,40,0440
M6600146,6600146,เคซีจี คอร์ปอเรชั่น บมจ. (BCFS),FOOD-MERCHANDISE,2023,"  759,123.55 ","  568,757.24 ",21760,05,60,0560
M6600158,6600158,ซอสพริกไทยรุ่งเรือง บจก. (BCFS),FOOD-MERCHANDISE,2023,"  47,063.75 ","  35,004.95 ",21630,04,30,0430
M7000220,7000220,"ดีเคเอสเอช (ประเทศไทย) บจก. (Faber-Castell,UHU)",NONFOOD-MERCHANDISE,2023,"  11,618,576.80 ","  10,857,581.93 ",21350,02,50,0250
M7000254,7000254,ยูไนเต็ด ดิสทริบิวชั่น บิซซิเนส  บจก.,NONFOOD-MERCHANDISE,2023,"  9,762,398.05 ","  9,123,736.51 ",21560,01,60,0160
M7000261,7000261,สยามไซเคิล อินเตอร์เนชั่นแนล บจก.,NONFOOD-MERCHANDISE,2023,"  46,237,043.30 ","  43,212,190.00 ",21330,02,30,0230
M7000292,7000292,วินเทจ อิมปอร์ต เอ็กซ์ปอร์ต บจก. (7000292),NONFOOD-MERCHANDISE,2023,"  29,788.80 ","  27,840.00 ",21212,03,12,0312
M7000319,7000319,พรีมิแนนซ์ โปรดักส์ หจก.,NONFOOD-MERCHANDISE,2023,"  39,269.00 ","  36,700.00 ",21222,03,22,0322
M6003696,6003696,ยู สตาร์ (ประเทศไทย) บจก.,FOOD-MERCHANDISE,2023,"  12,489.13 ","  4,390.22 ",21660,04,60,0460
M6003725,6003725,นิภาพร โคเบลท์,FOOD-MERCHANDISE,2023,"  243,876.54 ","  227,922.00 ",21750,05,50,0550
M6003732,6003732,สมญาวี บจก.,FOOD-MERCHANDISE,2023,"  412,186.18 ","  385,220.77 ",21620,04,20,0420
M6003740,6003740,พีรกรสิน บจก.,FOOD-MERCHANDISE,2023,"  1,892,038.91 ","  1,768,260.70 ",21661,04,61,0461
M6003745,6003745,บุญส่งโอสถ บจก. (แทน 6002538),FOOD-MERCHANDISE,2023,"  1,682,295.85 ","  425,617.97 ",21860,06,40,0640
M6600170,6600170,ส. ขอนแก่นฟู้ดส์ บมจ. (BCFS),FOOD-MERCHANDISE,2023,"  960,377.50 ","  897,549.11 ",21760,05,60,0560
M6600171,6600171,คอฟฟี่ เซลส์ บจก. (BCFS),FOOD-MERCHANDISE,2023,"  350,960.22 ","  328,000.26 ",21610,04,10,0410
M6600174,6600174,ไพรซ์อินเตอร์แพค (1999) บจก. (BCFS),FOOD-MERCHANDISE,2023,"  457,906.50 ","  124,140.00 ",21720,05,20,0520
M6600177,6600177,สหพัฒนพิบูล บมจ. (HBA) BCFS,FOOD-MERCHANDISE,2023,"  499,516.72 ","  461,735.41 ",21670,04,70,0470
M6600178,6600178,สหพัฒนพิบูล บมจ. (Sugar 1 Kg.) BCFS,FOOD-MERCHANDISE,2023,"  7,063,632.02 ","  6,601,525.25 ",21630,04,30,0430
M6600182,6600182,เอฟบี ฟู้ด เซอร์วิส (2017) บจก. (BCFS),FOOD-MERCHANDISE,2023,"  108,675.15 ","  11,060.00 ",21631,04,31,0431
M6600183,6600183,ล่ำสูง (ประเทศไทย) บมจ. (BCFS),FOOD-MERCHANDISE,2023,"  107,641.24 ","  57,135.47 ",21631,04,31,0431
M6600183,6600183,ล่ำสูง (ประเทศไทย) บมจ. (BCFS),FOOD-MERCHANDISE,2023,"  238,032.96 ","  201,993.83 ",21640,04,40,0440
M6600204,6600204,ดีเคเอสเอช (ประเทศไทย) บจก. (Ampawa) BCFS,FOOD-MERCHANDISE,2023,"  26,852.07 ","  25,095.38 ",21630,04,30,0430
M6600205,6600205,ดีเคเอสเอช (ประเทศไทย) บจก. (Pichai) BCFS,FOOD-MERCHANDISE,2023,"  47,597.63 ","  26,294.16 ",21631,04,31,0431
M6600206,6600206,ดีเคเอสเอช (ประเทศไทย) บจก. (Ocha) BCFS,FOOD-MERCHANDISE,2023,"  27,604.13 ","  25,798.36 ",21630,04,30,0430
M6600220,6600220,โรงงานน้ำปลาไทย(ตราปลาหมึก) บจก. (BCFS),FOOD-MERCHANDISE,2023,"  334,185.16 ","  90,369.26 ",21631,04,31,0431
M6100155,6100155,ก.แสนไทย ฟู๊ด บจก. (BAS),BAS CONSOL,2023,"  11,469,453.89 ","  10,719,115.77 ",21710,05,10,0510
M6100165,6100165,พรใจ เบเกอรี่ บจก.,BAS CONSOL,2023,"  9,332,870.56 ","  8,722,308.94 ",21740,05,40,0540
M6100516,6100516,นัทธสิษฐ์ ปัญจนันทกุล,BAS CONSOL,2023,"  1,843,813.45 ","  1,843,813.45 ",21730,05,30,0530
M6100581,6100581,ทินนา อธิมา,BAS CONSOL,2023,"  912,294.18 ","  912,294.18 ",21730,05,30,0530
M6100611,6100611,บุษยา บุญรอด,BAS CONSOL,2023,"  969,049.37 ","  969,049.37 ",21750,05,50,0550
M6100935,6100935,จาโกต้า (ประเทศไทย) บจก. (HAM),BAS CONSOL,2023,"  7,034,562.20 ","  6,574,357.19 ",21760,05,60,0560
M7001264,7001264,เค ซี ซี พี 2011 กรุ๊ป บจก. (HO),NONFOOD-MERCHANDISE,2023,"  258,116.95 ","  223,690.74 ",21340,02,40,0240
M7001264,7001264,เค ซี ซี พี 2011 กรุ๊ป บจก. (HO),NONFOOD-MERCHANDISE,2023,"  85,262.86 ","  79,684.92 ",21670,04,70,0470
M7001277,7001277,ท็อป เอ็น 59 บจก.,NONFOOD-MERCHANDISE,2023,"  8,819,471.86 ","  8,242,497.03 ",21350,02,50,0250
M7001283,7001283,เพชรสยาม (ประเทศไทย) บจก.,NONFOOD-MERCHANDISE,2023,"  3,000,108.77 ","  249,626.00 ",21320,02,20,0220
M7001320,7001320,มีบุญพานิชย์ บจก. (MM),NONFOOD-MERCHANDISE,2023,"  80,856,365.45 ","  75,566,696.56 ",21310,02,10,0210
M7001329,7001329,อีสเทิร์น โพลีแพค บจก. (MM),NONFOOD-MERCHANDISE,2023,"  967,301.40 ","  904,020.00 ",21310,02,10,0210
M7001348,7001348,จิวะ แอพพาเรล หจก.,NONFOOD-MERCHANDISE,2023,"  2,537,962.94 ","  2,371,927.98 ",21220,03,20,0320
M7001371,7001371,เอเซีย แปซิฟิค เทรด บจก.,NONFOOD-MERCHANDISE,2023,"  15,814,472.67 ","  14,761,961.00 ",21310,02,10,0210
M6101167,6101167,พรรณฐิพา หงส์สิงห์,BAS CONSOL,2023,"  1,023,233.61 ","  1,023,233.61 ",21740,05,40,0540
M6101233,6101233,ศศิธร เกตุรักษ์,BAS CONSOL,2023,"  171,649.74 ","  171,649.74 ",21730,05,30,0530
M6101254,6101254,ซันชายน์ เอส หจก.,BAS CONSOL,2023, NULL ,  17.64 ,21760,05,60,0560
M6101261,6101261,ราตรี พรมเลน,BAS CONSOL,2023,"  9,997,649.14 ","  9,997,748.09 ",21720,05,20,0520
M6101336,6101336,สุวัฒน์ บุญโชคเจริญศรี,BAS CONSOL,2023,"  1,993,186.72 ","  1,993,186.72 ",21740,05,40,0540
M6600221,6600221,รอแยลฟู้ดส์ บจก. (BCFS),FOOD-MERCHANDISE,2023,"  73,255,372.94 ","  68,462,965.36 ",21630,04,30,0430
M6600222,6600222,ไทยเทปกาวอุตสาหกรรม บจก. (BCFS),FOOD-MERCHANDISE,2023,"  119,742.63 ","  33,726.00 ",21720,05,20,0520
M6600223,6600223,สุขสมบูรณ์น้ำมันพืช บจก. (BCFS),FOOD-MERCHANDISE,2023,"  179,667.68 ","  83,203.72 ",21631,04,31,0431
M6600225,6600225,สิริไทยวัฒนา บจก. (BCFS),FOOD-MERCHANDISE,2023,"  84,841.52 ","  79,291.18 ",21650,04,50,0450
M6600226,6600226,บุญรอด เทรดดิ้ง บจก. (BCFS),FOOD-MERCHANDISE,2023,"  6,511,663.83 ","  6,085,666.98 ",21640,04,40,0440
M6600228,6600228,น้ำมันพืชไทย บมจ. (BCFS),FOOD-MERCHANDISE,2023,"  205,242.05 ","  186,324.00 ",21630,04,30,0430
M6600237,6600237,บางกอกอินเตอร์ฟูด บจก. (BCFS),FOOD-MERCHANDISE,2023,"  115,531.66 ","  106,433.36 ",21610,04,10,0410
M6600240,6600240,บาคาร์ดี (ประเทศไทย) บจก. (BCFS),FOOD-MERCHANDISE,2023,"  356,379.80 ","  333,065.22 ",21650,04,50,0450
M6600242,6600242,วาณีฟู๊ด โปรดักส์ บจก. (BCFS),FOOD-MERCHANDISE,2023,"  718,220.04 ","  688,472.54 ",21640,04,40,0440
M6600256,6600256,ฟู้ดโปรเจ็ค (สยาม) บจก. (BCFS),FOOD-MERCHANDISE,2023,"  1,369.60 ","  1,280.00 ",21750,05,50,0550
M6600260,6600260,เกร๊ทเตอร์มายบาซิน บจก. (BCFS),FOOD-MERCHANDISE,2023,"  47,077.95 ","  43,998.08 ",21840,06,20,0620
M6600264,6600264,เนสท์เล่ (ไทย) บจก. (Nestle Professional) BCFS,FOOD-MERCHANDISE,2023,"  26,357.08 ","  18,116.79 ",21610,04,10,0410
M6101410,6101410,เอมปวีย์ ศักดิ์ดิลกโยธิน,BAS CONSOL,2023,"  19,733,066.33 ","  19,733,066.33 ",21760,05,60,0560
M6101456,6101456,วิศรุต วัชระธนะกุล,BAS CONSOL,2023,"  201,430.90 ","  201,430.90 ",21850,06,30,0630
M6101465,6101465,ฟาร์มผึ้งเทพภักดี บจก.,BAS CONSOL,2023,"  10,297,871.78 ","  10,297,871.78 ",21760,05,60,0560
M6101480,6101480,สุกัญญา คำโอภาส,BAS CONSOL,2023,"  77,955.02 ","  78,618.94 ",21740,05,40,0540
M6101482,6101482,เอฟบี ฟู้ด เซอร์วิส (2017) บจก. (แทน 6100437),BAS CONSOL,2023,"  1,079,183.11 ","  1,078,439.67 ",21710,05,10,0510
M6101493,6101493,เกษมชัยฟู๊ด บจก. (แทน 6101341),BAS CONSOL,2023,"  2,556,765.64 ","  292,794.11 ",21730,05,30,0530
M6101498,6101498,ซี แอนด์ ที ฟู้ดส์ บจก.,BAS CONSOL,2023,"  18,308.79 ","  17,111.00 ",21760,05,60,0560
M6003747,6003747,ทวีผล 1976 บจก. (แทน 2348577),FOOD-MERCHANDISE,2023,"  620,268.30 ","  579,690.00 ",21760,05,60,0560
M6003748,6003748,ลานนา มาร์เก็ตเพลส บจก.,FOOD-MERCHANDISE,2023,"  17,864,302.75 ","  17,864,302.75 ",21730,05,30,0530
M6003805,6003805,มาโนช วิจิตรโคกกรวด,FOOD-MERCHANDISE,2023,"  4,096,799.83 ","  4,096,799.83 ",21760,05,60,0560
M6003812,6003812,บานาน่าโซไซตี้ บจก. (SME),FOOD-MERCHANDISE,2023,"  1,089,771.51 ","  1,018,478.04 ",21620,04,20,0420
M6003826,6003826,เอสเค วอลล์ไอซ์ริช บจก.,FOOD-MERCHANDISE,2023,"  813,733.95 ","  762,505.49 ",21790,05,70,0570
M6003827,6003827,ชาฉุยฟง บจก.,FOOD-MERCHANDISE,2023,"  3,541,105.28 ","  3,309,444.18 ",21610,04,10,0410
M6003843,6003843,บอนกาแฟ (ประเทศไทย) บจก. (Wawee),FOOD-MERCHANDISE,2023,"  68,758.20 ","  64,260.00 ",21701,00,0,00000
M6101519,6101519,พรทิพย์ฟู๊ด,BAS CONSOL,2023,"  554,544.21 ","  554,544.21 ",21760,05,60,0560
M6101600,6101600,บีซี อินเตอร์แล็บ บจก.,BAS CONSOL,2023,  268.45 ,  250.89 ,21840,06,20,0620
M6101619,6101619,พูนสินฟรุตตี้ บจก.,BAS CONSOL,2023,"  12,464,560.22 ","  11,649,121.71 ",21760,05,60,0560
M6101626,6101626,กันตพงษ์ ทรัพย์บวรโชติ,BAS CONSOL,2023,"  52,519.79 ","  52,519.79 ",21750,05,50,0550
M6101634,6101634,เอสทีคอฟฟี่แอนด์แสงทอง 1982 บจก.,BAS CONSOL,2023,"  2,158,736.25 ","  2,017,510.52 ",21760,05,60,0560
M6101714,6101714,วิสาหกิจชุมชนห้วยสักฟาร์ม (EXPO),BAS CONSOL,2023,"  26,624,786.93 ","  26,624,786.93 ",21730,05,30,0530
M6101715,6101715,ดิ วัน พอยน์ บจก. BAS (DF),BAS CONSOL,2023,"  4,911.73 ","  4,590.42 ",21850,06,30,0630
M6600276,6600276,เจริญ กิมเฮงฮวด บจก. (BCFS),FOOD-MERCHANDISE,2023,"  268,473.92 ","  250,910.00 ",21760,05,60,0560
M6600283,6600283,นิว ไทย ที เบเกอรี่ หจก. (BCFS),FOOD-MERCHANDISE,2023,"  515,897.55 ","  482,147.28 ",21620,04,20,0420
M6600290,6600290,เดอะ ดราก้อน อินเตอร์เทรด บจก. (BCFS),FOOD-MERCHANDISE,2023,"  94,005.60 ","  87,855.69 ",21630,04,30,0430
M6600300,6600300,ผิงก้วน เน็ตเวิร์ค บจก. (BCFS),FOOD-MERCHANDISE,2023,"  198,898.30 ","  176,936.76 ",21620,04,20,0420
M6600320,6600320,ยันฮี วิตามิน วอเตอร์ บจก. (BCFS),FOOD-MERCHANDISE,2023,"  299,865.66 ","  278,877.88 ",21850,06,30,0630
M6600324,6600324,ชาไทย อินเตอร์เนชั่นแนล บจก. (BCFS),FOOD-MERCHANDISE,2023,"  4,875,658.16 ","  4,556,689.87 ",21610,04,10,0410
M6600328,6600328,ฟู้ดส์ คลาสสิค บจก. Frozen (BCFS),FOOD-MERCHANDISE,2023,"  18,631.91 ",  0.01 ,21730,05,30,0530
M6600341,6600341,เอ็นวี แฟมิลี่ บจก. (BCFS),FOOD-MERCHANDISE,2023,"  43,706.42 ","  92,502.61 ",21790,05,70,0570
M6600346,6600346,พีบี เบสท์ บจก. BCFS (SME),FOOD-MERCHANDISE,2023,"  236,305.22 ","  220,846.00 ",21620,04,20,0420
M6003777,6003777,อุดมลาภมงคลดิสทริบิวชั่น บจก.,FOOD-MERCHANDISE,2023,"  3,011,182.12 ","  2,814,392.46 ",21790,05,70,0570
M6003784,6003784,ร่วมกำลาภเทรดดิ้ง บจก.,FOOD-MERCHANDISE,2023,"  197,661,992.53 ","  184,730,834.10 ",21630,04,30,0430
M6003795,6003795,ยุทธวี ธรรมวัฒโนดม,FOOD-MERCHANDISE,2023,"  17,656,872.00 ","  17,656,872.00 ",21720,05,20,0520
M6003796,6003796,ซันสวีท บมจ.,FOOD-MERCHANDISE,2023,"  2,280,501.70 ","  2,131,310.00 ",21730,05,30,0530
M6003800,6003800,พี.โอ.แคร์ (ประเทศไทย) บจก. (Pure),FOOD-MERCHANDISE,2023,"  620,420.32 ","  579,832.08 ",21850,06,30,0630
M6003805,6003805,มาโนช วิจิตรโคกกรวด,FOOD-MERCHANDISE,2023,"  60,115.20 ","  60,115.20 ",21630,04,30,0430
M6003811,6003811,สวนผึ้งหวาน  บจก.,FOOD-MERCHANDISE,2023,"  7,853,578.82 ","  7,339,793.25 ",21620,04,20,0420
M6003835,6003835,กรไทย บจก. (Wawee),FOOD-MERCHANDISE,2023,"  77,087.08 ","  72,044.00 ",21701,00,0,00000
M6003401,6003401,ผล สุรัตน์ (MM),FOOD-MERCHANDISE,2023,"  89,147,532.24 ","  89,147,532.24 ",21720,05,20,0520
M6003444,6003444,เอสพีเอ็มพลัส บจก.,FOOD-MERCHANDISE,2023,"  468,548.67 ","  437,896.08 ",21790,05,70,0570
M6003445,6003445,เอก - ฐิติ บจก. (Frozen),FOOD-MERCHANDISE,2023,"  577,909.47 ","  540,925.57 ",21790,05,70,0570
M6003472,6003472,ดีซีเอช ออริกา (ประเทศไทย) บจก. (Pharma),FOOD-MERCHANDISE,2023,"  1,326,194.02 ","  597,263.07 ",21850,06,30,0630
M6003849,6003849,อมฤต กรุ๊ป บจก.,FOOD-MERCHANDISE,2023,"  4,124,884.06 ","  3,855,031.83 ",21840,06,20,0620
M6003858,6003858,หยกอินเตอร์เทรด (เชียงใหม่) บจก. (Wawee),FOOD-MERCHANDISE,2023,  655.00 ,  612.15 ,21701,00,0,00000
M6003879,6003879,แอดวานซ์ แลบบอราทอรีส์ บจก.,FOOD-MERCHANDISE,2023,"  613,484.97 ","  573,350.40 ",21661,04,61,0461
M6003896,6003896,คอสเมทิสท์ บจก.,FOOD-MERCHANDISE,2023,"  2,712,754.95 ","  2,535,285.00 ",21661,04,61,0461
M6003902,6003902,งามดีคอตตอน บจก.,FOOD-MERCHANDISE,2023,"  5,909,624.99 ","  5,523,013.97 ",21672,04,72,0472
M6003943,6003943,ไทยฟู้ดส์ กรุ๊ป บมจ.,FOOD-MERCHANDISE,2023,"  7,304,911.29 ","  7,304,911.29 ",21710,05,10,0510
M6600348,6600348,ง่วนสูน พริกไทยและเครื่องเทศ บจก. (BCFS),FOOD-MERCHANDISE,2023,"  297,807.62 ","  279,552.60 ",21630,04,30,0430
M6600359,6600359,ทิปโก้ เอฟแอนด์บี บจก. (BCFS),FOOD-MERCHANDISE,2023,"  57,804.53 ","  54,022.92 ",21640,04,40,0440
M6600374,6600374,ฌั๊ว กรุ๊ป บจก. (BCFS),FOOD-MERCHANDISE,2023,"  243,093.30 ","  227,190.00 ",21620,04,20,0420
M6600379,6600379,เจียเจีย อินเตอร์กรุ๊ป บจก. (BCFS),FOOD-MERCHANDISE,2023,"  26,710.16 ","  24,962.79 ",21620,04,20,0420
M6800004,6800004,ผิงก้วน เน็ตเวิร์ค บจก. (Siri Pharma),FOOD-MERCHANDISE,2023,"  3,967.56 ","  3,708.00 ",21850,06,30,0630
M6800016,6800016,คิง เฮลธ์ แคร์ บจก. (Siri Pharma),FOOD-MERCHANDISE,2023,"  1,101.67 ","  1,029.60 ",21850,06,30,0630
M6800019,6800019,ซิลลิค ฟาร์มา บจก. (แผนกยา) Multiline2 (Siri Pharma),FOOD-MERCHANDISE,2023,"  538,244.05 ","  498,303.81 ",21840,06,20,0620
M6800022,6800022,ซิลลิค ฟาร์มา บจก. (แผนกยา) Abbott EPD (Pharma) Siri Pharma,FOOD-MERCHANDISE,2023,"  94,111.29 ","  87,954.47 ",21610,04,10,0410
M6800048,6800048,อ้วยอันโอสถ บจก. (Siri Pharma),FOOD-MERCHANDISE,2023,"  12,312.67 ","  8,198.79 ",21840,06,20,0620
M6800093,6800093,ดีทแฮล์ม เคลเลอร์ โลจิสติกส์ บจก. DKLL (Siri Pharma),FOOD-MERCHANDISE,2023,"  4,285.41 ","  4,005.06 ",21830,06,10,0610
M6800109,6800109,สยามเฮลตี้เวิลด์ บจก. (Siri Pharma),FOOD-MERCHANDISE,2023,"  30,260.71 ","  28,281.05 ",21840,06,20,0620
M6900009,6900009,ซี แอนด์ พี คอนเซสชั่นแนร์ บจก. (BCMM),FOOD-MERCHANDISE,2023,"  80,010.92 ","  74,776.56 ",21790,05,70,0570
M6900036,6900036,ธนารักษ์ แสงรัตน์วัชรา (BCMM),FOOD-MERCHANDISE,2023,"  166,919.56 ","  166,919.56 ",21790,05,70,0570
M6101753,6101753,กฤษณา กำศิริพิมาน,BAS CONSOL,2023,"  41,877.21 ","  41,877.21 ",21730,05,30,0530
M6101791,6101791,คอฟแมน อินเตอร์เนชั่นแนล บจก.,BAS CONSOL,2023,"  1,495,524.25 ","  1,495,524.25 ",21750,05,50,0550
M6101793,6101793,ชาลิตา แสงจันทร์,BAS CONSOL,2023,"  91,137.68 ","  91,137.68 ",21740,05,40,0540
M6101822,6101822,ไจแอนท์ คิง บจก.,BAS CONSOL,2023, NULL ,  333.90 ,21760,05,60,0560
M6101872,6101872,ชมทิพปภา บจก.,BAS CONSOL,2023,"  5,285,579.82 ","  4,939,794.24 ",21760,05,60,0560
M6101878,6101878,ธนพรรณ ฉิมพิทักษ์,BAS CONSOL,2023,"  1,981.82 ","  2,154.53 ",21760,05,60,0560
M6101916,6101916,พิธานไลฟ์ บจก.,BAS CONSOL,2023,"  2,346,308.60 ","  2,192,811.75 ",21840,06,20,0620
M6003979,6003979,ที.ซี. กรีนไพน์ บจก.,FOOD-MERCHANDISE,2023,"  1,044,710.69 ","  976,365.12 ",21840,06,20,0620
M6003981,6003981,น้ำแข็งแฮปปี้ บจก.,FOOD-MERCHANDISE,2023,"  112,761.95 ","  105,385.00 ",21790,05,70,0570
M6003988,6003988,บัณฑิต เวิลด์ บจก.,FOOD-MERCHANDISE,2023,"  553,719.90 ","  517,495.20 ",21860,06,40,0640
M6004006,6004006,แบรนด์คราฟท์ มาร์เก็ต เอ็กซ์แพนชั่น โซลูชั่นส์ บจก. (DF),FOOD-MERCHANDISE,2023,"  7,939,725.58 ","  7,420,304.19 ",21620,04,20,0420
M6004014,6004014,อิโต เอ็น (ประเทศไทย) บจก.,FOOD-MERCHANDISE,2023,"  7,639,118.49 ","  7,139,363.04 ",21640,04,40,0440
M6004017,6004017,แมทเซ็นเตอร์ บจก.,FOOD-MERCHANDISE,2023,"  15,377,974.32 ","  14,371,938.60 ",21840,06,20,0620
M6004029,6004029,มารุเอสุ (ประเทศไทย) บจก.,FOOD-MERCHANDISE,2023,"  2,661,346.89 ","  2,487,239.96 ",21620,04,20,0420
M6101943,6101943,ที.ซี. กรีนไพน์ บจก. (BAS),BAS CONSOL,2023,"  409,767.68 ","  382,960.43 ",21840,06,20,0620
M6101957,6101957,พรรณวดี ปัญญา,BAS CONSOL,2023, NULL ,  430.47 ,21740,05,40,0540
M6101980,6101980,ณชรัฐ พุทธสุวรรณ,BAS CONSOL,2023,"  87,556.95 ","  87,556.95 ",21740,05,40,0540
M6101986,6101986,ธรรม ริช คอร์ปอเรชั่น บจก. (BAS),BAS CONSOL,2023,"  17,633.00 ","  17,319.44 ",21840,06,20,0620
M6101998,6101998,เนเจอร์สลิม บจก. (BAS),BAS CONSOL,2023,"  3,205,488.38 ","  2,995,783.54 ",21840,06,20,0620
M6102963,6102963,ทีเอที คอร์ปอเรชั่น บมจ. (BAS),BAS CONSOL,2023,"  1,041,092.42 ","  972,983.60 ",21850,06,30,0630
M6102966,6102966,โอเมกา 3.6.9 แอนด์ ไลโคปีน บจก. (BAS),BAS CONSOL,2023,"  68,475.31 ","  63,995.61 ",21840,06,20,0620
M6102966,6102966,โอเมกา 3.6.9 แอนด์ ไลโคปีน บจก. (BAS),BAS CONSOL,2023,"  3,590.98 ","  3,356.08 ",21860,06,40,0640
M6003862,6003862,เอ็นวี แฟมิลี่ บจก.,FOOD-MERCHANDISE,2023,"  574,969.76 ","  538,151.78 ",21790,05,70,0570
M6003906,6003906,บุญรอด เทรดดิ้ง บจก. (NEW),FOOD-MERCHANDISE,2023,"  228,487.79 ","  212,449.82 ",21620,04,20,0420
M6003916,6003916,ที.พี.โฟร์ อินเตอร์เนชั่นแนล บจก.,FOOD-MERCHANDISE,2023,"  6,262,345.58 ","  5,852,659.32 ",21660,04,60,0460
M6003924,6003924,ซิลลิค ฟาร์มา บจก. (HOE),FOOD-MERCHANDISE,2023,"  (10,237.56)","  (9,440.24)",21850,06,30,0630
M6003938,6003938,สุรพลไฟน์เนสท์ บจก.,FOOD-MERCHANDISE,2023,"  8,187,795.19 ","  7,652,145.06 ",21790,05,70,0570
M6003953,6003953,ซูกิชิ อินเตอร์กรุ๊ป บจก.,FOOD-MERCHANDISE,2023,"  1,168,877.59 ","  1,092,408.99 ",21790,05,70,0570
M6003972,6003972,ซ.โลหะพัฒนา (1991) บจก.,FOOD-MERCHANDISE,2023,"  48,364.00 ","  45,200.00 ",21790,05,70,0570
M6003980,6003980,ซิลลิค ฟาร์มา บจก. (Nanomed แทน 6003133),FOOD-MERCHANDISE,2023,"  1,592,560.91 ","  1,458,095.76 ",21840,06,20,0620
M6003984,6003984,จันทร์เที่ยง2015 บจก.,FOOD-MERCHANDISE,2023,"  1,622,484.76 ","  1,516,340.86 ",21650,04,50,0450
M7000329,7000329,โซว กรุ๊ป อินเตอร์เนชั่นแนล บจก.,NONFOOD-MERCHANDISE,2023,"  16,861,716.34 ","  15,758,613.50 ",21250,03,50,0350
M7000350,7000350,ชาร์ป ไทย บจก.,NONFOOD-MERCHANDISE,2023,"  34,718,644.17 ","  32,428,179.00 ",21510,01,10,0110
M7000406,7000406,ฟรอยด์เดนเบิร์ก โฮม แอนด์ คลีนนิ่ง โซลูชั่นส์ (ไทยแลนด์) บจก. (SME),NONFOOD-MERCHANDISE,2023,"  18,242,421.34 ","  17,048,991.86 ",21310,02,10,0210
M7000410,7000410,แม็กซ์ ทอยส์ บจก.,NONFOOD-MERCHANDISE,2023,"  13,354,246.32 ","  12,480,604.06 ",21330,02,30,0230
M7000448,7000448,เอเซีย แอ็ดวานซ์ มาร์เก็ตติ้ง บจก.,NONFOOD-MERCHANDISE,2023,"  3,934,117.01 ","  3,674,220.35 ",21560,01,60,0160
M7000454,7000454,ทีซีแอล อิเล็กทรอนิกส์ (ไทยแลนด์) บจก.,NONFOOD-MERCHANDISE,2023,"  99,643,334.16 ","  93,588,825.16 ",21512,01,12,0112
M7000456,7000456,ธนบุรี มาสเตอร์ กรุ๊ป หจก.,NONFOOD-MERCHANDISE,2023,"  21,610,964.07 ","  20,152,502.57 ",21210,03,10,0310
M7000464,7000464,นันยางมาร์เก็ตติ้ง บจก.,NONFOOD-MERCHANDISE,2023,"  11,564,654.93 ","  10,808,088.78 ",21250,03,50,0350
M7000506,7000506,คูล แพลนเน็ต (ประเทศไทย) บจก.,NONFOOD-MERCHANDISE,2023,"  92,255.40 ","  86,220.00 ",21110,03,80,0380
M7000718,7000718,โบฟา อินเตอร์เนชั่นแนล บจก.,NONFOOD-MERCHANDISE,2023,"  8,515,562.83 ","  7,958,467.51 ",21320,02,20,0220
M7000719,7000719,อีสต์โคสท์เฟอร์นิเทค บมจ.,NONFOOD-MERCHANDISE,2023,"  210,258.21 ",  -   ,21360,02,60,0260
M7000737,7000737,เอ็มซี พลัส บจก.,NONFOOD-MERCHANDISE,2023,"  1,003,767.22 ","  938,100.87 ",21320,02,20,0220
M7000762,7000762,อำพันมรกต กรุ๊ป บจก.,NONFOOD-MERCHANDISE,2023,"  1,495,838.58 ","  1,397,979.98 ",21350,02,50,0250
M7000781,7000781,โรงงานไทยแลนด์นิตติ้ง บจก.,NONFOOD-MERCHANDISE,2023,"  28,124,674.94 ","  26,284,743.46 ",21220,03,20,0320
M7000782,7000782,จีไอเอฟ ไทย แมช บจก. (M7000782),NONFOOD-MERCHANDISE,2023,"  394,550.74 ","  368,739.00 ",21310,02,10,0210
M7000788,7000788,แพน อะเพซ บจก. (M7000788),NONFOOD-MERCHANDISE,2023,"  7,303,116.21 ","  6,825,342.05 ",21240,03,40,0340
M7000791,7000791,คราวน์ สปอร์ต อินเตอร์เนชั่นแนล บจก.,NONFOOD-MERCHANDISE,2023,"  16,178.40 ","  15,120.00 ",21222,03,22,0322
M7000795,7000795,สยาม แฟชั่น กร๊าฟ บจก.,NONFOOD-MERCHANDISE,2023,"  6,979,031.13 ","  6,522,459.00 ",21220,03,20,0320
M7000893,7000893,แกรนด์ โอเชียน เด็คคอร์ บจก.,NONFOOD-MERCHANDISE,2023,"  1,680,670.40 ","  1,570,720.00 ",21330,02,30,0230
M7001002,7001002,สมายล์ คิดส์ บจก.,NONFOOD-MERCHANDISE,2023,"  55,714.47 ","  52,069.60 ",21220,03,20,0320
M6103024,6103024,ภัทรภร โฮมเมด บจก. (BAS),BAS CONSOL,2023,"  5,964,033.27 ","  5,573,862.87 ",21760,05,60,0560
M6103029,6103029,โอยั๊วะ เทรดดิ้ง บจก. BAS (SME),BAS CONSOL,2023,"  5,777,812.38 ","  5,399,824.65 ",21622,04,22,0422
M6103033,6103033,ซีพีเอฟ โกลบอล ฟู้ด โซลูชั่น บมจ. (แทนM6100681),BAS CONSOL,2023,"  5,218,761.55 ","  28,188.53 ",21730,05,30,0530
M6103036,6103036,ปาลิดา อินเตอร์ ฟู๊ด บจก. (SME),BAS CONSOL,2023,"  2,694,242.85 ","  2,515,504.69 ",21732,00,0,00000
M6004052,6004052,ศรีเจริญภัณฑ์ พริ้นท์ แอนด์ แพ็ค บจก.,FOOD-MERCHANDISE,2023,"  33,303.75 ","  31,125.00 ",21750,05,50,0550
M6004057,6004057,ที พลัส สกินแคร์ บจก.,FOOD-MERCHANDISE,2023,"  1,590,890.99 ","  1,486,813.94 ",21672,04,72,0472
M6004060,6004060,วิสาหกิจชุมชนกลุ่มอินทผลัมภาคตะวันตก,FOOD-MERCHANDISE,2023,"  2,881,443.43 ","  2,881,443.43 ",21730,05,30,0530
M6004086,6004086,ทองมั่นคง บจก.,FOOD-MERCHANDISE,2023,"  21,061,530.00 ","  21,061,530.00 ",21740,05,40,0540
M6004098,6004098,ออล ไรซ์ พลัส บจก.,FOOD-MERCHANDISE,2023,"  1,111,666.41 ","  1,037,998.59 ",21610,04,10,0410
M6004128,6004128,ภิสรา ไอศกรีม บจก.,FOOD-MERCHANDISE,2023,"  382,099.81 ","  357,102.61 ",21790,05,70,0570
M6003517,6003517,ไทยสมาร์ทฟู๊ด หจก.,FOOD-MERCHANDISE,2023,"  664,352.74 ","  620,890.42 ",21620,04,20,0420
M6003522,6003522,ไทยเพ็ทสแน็ค บจก.,FOOD-MERCHANDISE,2023,"  4,029.00 ",  -   ,21630,04,30,0430
M6003531,6003531,พี.ดับบลิว.ฟู้ดส์ บจก.,FOOD-MERCHANDISE,2023,"  2,053,713.80 ","  1,919,358.72 ",21620,04,20,0420
M6003546,6003546,มูลนิธิโรงพยาบาลเจ้าพระยาอภัยภูเบศร ในพระอุปถัมภ์สมเด็จพระเจ้าภคินีเธอเจ้าฟ้าเพชรรัตนราชสุดา สิริโสภาพัณณวดี,FOOD-MERCHANDISE,2023,"  5,642,681.55 ","  2,178,381.57 ",21840,06,20,0620
M6003546,6003546,มูลนิธิโรงพยาบาลเจ้าพระยาอภัยภูเบศร ในพระอุปถัมภ์สมเด็จพระเจ้าภคินีเธอเจ้าฟ้าเพชรรัตนราชสุดา สิริโสภาพัณณวดี,FOOD-MERCHANDISE,2023,"  5,050,221.30 ","  1,751,415.71 ",21850,06,30,0630
M6003555,6003555,บี.เอ็ล.ฮั้ว บจก. (Pharmar),FOOD-MERCHANDISE,2023,"  629,932.54 ","  148,034.00 ",21830,06,10,0610
M6003557,6003557,ทงยิ้นสโตร์ หจก.,FOOD-MERCHANDISE,2023,"  43,304.83 ","  41,376.20 ",21790,05,70,0570
M6003560,6003560,ว่านไทย เฮลท์ตี้ กรุ๊ป บจก.,FOOD-MERCHANDISE,2023,"  4,280,583.83 ","  4,000,545.82 ",21760,05,60,0560
M6003577,6003577,เกษมชัยฟู๊ด บจก. (แทน6002299),FOOD-MERCHANDISE,2023,"  114,019.20 ","  106,560.00 ",21740,05,40,0540
M6003577,6003577,เกษมชัยฟู๊ด บจก. (แทน6002299),FOOD-MERCHANDISE,2023,"  17,101,961.51 ","  16,117,111.20 ",21760,05,60,0560
M6004143,6004143,ฟอร์แคร์ บจก. (NEW),FOOD-MERCHANDISE,2023,"  103,987.95 ","  97,185.00 ",21620,04,20,0420
M6004162,6004162,นิธิวิบูลย์ 1981 กรุ๊ป หจก. (Remit 6003487),FOOD-MERCHANDISE,2023,"  365,726.00 ","  342,350.00 ",21790,05,70,0570
M6004164,6004164,นิธินาถ ประคองจิตร,FOOD-MERCHANDISE,2023,"  53,800.00 ","  54,950.00 ",21790,05,70,0570
M6004167,6004167,ซีลอน ฟาร์มาซี บจก.,FOOD-MERCHANDISE,2023,"  46,224.00 ","  43,200.00 ",21840,06,20,0620
M6004172,6004172,มุ่งพัฒนา อินเตอร์แนชชั่นแนล บมจ. (Softex),FOOD-MERCHANDISE,2023,"  396,329.07 ","  370,401.00 ",21672,04,72,0472
M6004174,6004174,เอลิแอล อินเตอร์เนชั่นแนล (ไทยแลนด์) บจก. (Remit 7000579),FOOD-MERCHANDISE,2023,"  26,897,500.89 ","  25,137,851.28 ",21672,04,72,0472
M6004190,6004190,ไพบูลย์ ภู่มาลี,FOOD-MERCHANDISE,2023,"  607,992.01 ","  607,992.01 ",21730,05,30,0530
M6004191,6004191,เสนาซัพพลาย บจก.,FOOD-MERCHANDISE,2023,"  5,358,560.00 ","  5,008,000.00 ",21740,05,40,0540
M6004194,6004194,สัมฤทธิ์ภาพ บจก.,FOOD-MERCHANDISE,2023,"  1,473,335.43 ","  1,376,949.00 ",21720,05,20,0520
M6003986,6003986,ธรรมธุรกิจ วิสาหกิจเพื่อสังคม บจก.,FOOD-MERCHANDISE,2023,"  2,537,328.00 ","  2,537,328.00 ",21630,04,30,0430
M6003991,6003991,พี แอนด์ บี 2000 บจก.,FOOD-MERCHANDISE,2023,"  620,362.18 ","  579,777.83 ",21790,05,70,0570
M6003996,6003996,ฟู๊ด ดีโป บจก.,FOOD-MERCHANDISE,2023,"  3,913,274.90 ","  3,830,408.29 ",21720,05,20,0520
M6004003,6004003,พืชผลอารมณ์ดี บจก.,FOOD-MERCHANDISE,2023,"  14,217,548.73 ","  14,215,678.73 ",21730,05,30,0530
M6004004,6004004,ถนอม ฟาร์มา ดิสทริบิวชั่น บจก.,FOOD-MERCHANDISE,2023,"  2,464,233.29 ","  1,201,510.80 ",21840,06,20,0620
M6004012,6004012,มหาชัยฟู้ดส์ บจก.,FOOD-MERCHANDISE,2023,"  22,817,741.14 ","  21,324,991.17 ",21760,05,60,0560
M6004026,6004026,ซีพีเอฟ เทรดดิ้ง บจก. (แทน 6003968),FOOD-MERCHANDISE,2023,"  19,592.27 ",  647.68 ,21740,05,40,0540
M6004033,6004033,ซีพีเอฟ เทรดดิ้ง บจก. (แทน 6003809),FOOD-MERCHANDISE,2023,  507.50 ,  474.30 ,21740,05,40,0540
M6004041,6004041,ซีพีเอฟ เทรดดิ้ง บจก. (แทน 6003819),FOOD-MERCHANDISE,2023,"  1,175,764.06 ","  1,098,844.94 ",21790,05,70,0570
M6004042,6004042,ซีพีเอฟ เทรดดิ้ง บจก. (แทน 6003820),FOOD-MERCHANDISE,2023,"  1,918,111.39 ","  1,792,627.47 ",21790,05,70,0570
M6004043,6004043,กลุ่มสับปะรดแม่อ้อยถิ่น,FOOD-MERCHANDISE,2023,"  760,320.00 ","  760,320.00 ",21730,05,30,0530
M7001389,7001389,ไฮไฟ โอเรียนท์ ไทย บมจ. (HL),NONFOOD-MERCHANDISE,2023,"  6,323,493.64 ","  6,387,599.02 ",21510,01,10,0110
M7001397,7001397,แอล พี พลัส บจก.,NONFOOD-MERCHANDISE,2023,"  1,160,620.44 ","  1,084,692.00 ",21340,02,40,0240
M7001403,7001403,กิติธัญ บจก.,NONFOOD-MERCHANDISE,2023,"  89,400.86 ","  83,552.20 ",21220,03,20,0320
M7001407,7001407,อาร์เอชเอ็ม อินเตอร์กรุ๊ป บจก.,NONFOOD-MERCHANDISE,2023,"  49,251,002.77 ","  45,761,888.11 ",21520,01,20,0120
M7001410,7001410,ยูเอเอฟ คอมเมอร์เชียล บจก.,NONFOOD-MERCHANDISE,2023,"  3,896,002.68 ","  3,641,124.00 ",21340,02,40,0240
M7001414,7001414,สยามแฟนซีนิตต์ แมนูแฟคเจอริ่ง บจก.,NONFOOD-MERCHANDISE,2023,"  748,795.63 ","  699,809.00 ",21210,03,10,0310
M7001414,7001414,สยามแฟนซีนิตต์ แมนูแฟคเจอริ่ง บจก.,NONFOOD-MERCHANDISE,2023,"  1,807,692.24 ","  1,689,432.00 ",21220,03,20,0320
M7001415,7001415,ไทโยแปซิฟิก บจก.,NONFOOD-MERCHANDISE,2023,"  278,263.47 ","  260,059.32 ",21340,02,40,0240
M7001426,7001426,เอส.เอ็ม.แฟคทอรี่ หสม. (SL),NONFOOD-MERCHANDISE,2023,"  532,073.53 ","  497,264.98 ",21220,03,20,0320
M7001432,7001432,คลีโอ เนเชอรัล กรุ๊ป บจก. (แอร์เคลื่อนที่),NONFOOD-MERCHANDISE,2023,  -   ,  -   ,21520,01,20,0120
M7001458,7001458,ชูร์ เซ็นเตอร์ บจก. (SME),NONFOOD-MERCHANDISE,2023,"  14,643,047.08 ","  13,685,090.76 ",21250,03,50,0350
M7001461,7001461,สแกนเนอร์ อิเลคทริค อินเตอร์เนชั่นแนล บจก. (EXPO),NONFOOD-MERCHANDISE,2023,"  759,094.77 ","  821,648.43 ",21510,01,10,0110
M6003597,6003597,ซีโน-แปซิฟิค เทรดดิ้ง (ไทยแลนด์)  บจก. (แทน 6002495),FOOD-MERCHANDISE,2023,"  588,237.57 ","  478,593.64 ",21610,04,10,0410
M6003597,6003597,ซีโน-แปซิฟิค เทรดดิ้ง (ไทยแลนด์)  บจก. (แทน 6002495),FOOD-MERCHANDISE,2023,"  31,899,039.51 ","  29,809,361.51 ",21630,04,30,0430
M6003608,6003608,คัลลินารี คอนเนคชั่น บจก.,FOOD-MERCHANDISE,2023,"  3,777,576.10 ","  3,701,592.50 ",21790,05,70,0570
M6003610,6003610,ชัยณรงค์ฤทธิ์ หจก. (เปเล่),FOOD-MERCHANDISE,2023,"  3,757,260.40 ","  3,511,458.33 ",21620,04,20,0420
M6003613,6003613,ธันยพรสมุนไพร บจก. (FF),FOOD-MERCHANDISE,2023,"  684,796.62 ","  659,543.04 ",21760,05,60,0560
M6003645,6003645,ลัคกี้ ยูเนี่ยน ฟู้ดส์ บจก.,FOOD-MERCHANDISE,2023,"  5,588.46 ","  5,222.88 ",21740,05,40,0540
M6003649,6003649,ซีลด์แอร์ แพ็คเกจจิ้ง (ประเทศไทย) บจก.,FOOD-MERCHANDISE,2023,"  63,376.10 ","  63,376.10 ",21710,05,10,0510
M6003662,6003662,ซัน ยูเนี่ยนเทคโนโลยี บจก.,FOOD-MERCHANDISE,2023,"  285,240.60 ","  266,580.00 ",21840,06,20,0620
M6003671,6003671,ไทยน้ำแข็งหลอด บจก.,FOOD-MERCHANDISE,2023,"  42,158.00 ","  39,400.00 ",21790,05,70,0570
M7001036,7001036,ไอ บานาน่า อินเตอร์เทรด (ไทยแลนด์) บจก.,NONFOOD-MERCHANDISE,2023,"  1,662,618.77 ","  1,556,363.60 ",21560,01,60,0160
M7001053,7001053,เกษมพลาสติก บจก.,NONFOOD-MERCHANDISE,2023,"  18,617,256.35 ","  17,399,305.00 ",21320,02,20,0220
M7001075,7001075,บ๊าธธิน่า บจก. (M7001075),NONFOOD-MERCHANDISE,2023,"  6,961,656.78 ","  6,396,690.87 ",21320,02,20,0220
M7001077,7001077,แพน อะเพซ บจก. (M7001077),NONFOOD-MERCHANDISE,2023,"  9,312,007.72 ","  8,702,810.96 ",21340,02,40,0240
M7001093,7001093,ลั๊กกี้เพนท์ บจก.,NONFOOD-MERCHANDISE,2023,"  22,624.08 ","  21,144.00 ",21212,03,12,0312
M7001098,7001098,แวลูวิชั่น บจก.,NONFOOD-MERCHANDISE,2023,"  6,928,991.56 ","  6,475,693.10 ",21240,03,40,0340
M7001100,7001100,บี ซี จี กรุ๊ป บจก.,NONFOOD-MERCHANDISE,2023,"  1,612,011.10 ","  1,506,552.42 ",21110,03,80,0380
M7001111,7001111,เจริญทรัพย์โปรดักส์ บจก. (M7001111),NONFOOD-MERCHANDISE,2023,"  6,177,160.29 ","  5,771,667.00 ",21210,03,10,0310
M6004212,6004212,สปังกี้ ฟู้ด บจก.,FOOD-MERCHANDISE,2023,"  36,128.67 ","  33,765.12 ",21760,05,60,0560
M6004214,6004214,แอนนาโพลิส บจก.,FOOD-MERCHANDISE,2023,"  55,411.60 ","  51,786.48 ",21640,04,40,0440
M6004224,6004224,ทองมั่นคง บจก. (New),FOOD-MERCHANDISE,2023,"  10,653,345.51 ","  10,653,345.51 ",21720,05,20,0520
M6004229,6004229,ไนซ์เบทเตอร์ บจก. (SME),FOOD-MERCHANDISE,2023,"  1,365,376.35 ","  1,276,052.66 ",21630,04,30,0430
M6004248,6004248,เฉาก๊วยผึ้งน้อย บจก.,FOOD-MERCHANDISE,2023,"  1,112,521.10 ","  1,112,521.10 ",21760,05,60,0560
M6004260,6004260,ไฮส์นิว บจก.,FOOD-MERCHANDISE,2023,"  427,374.37 ","  402,815.35 ",21790,05,70,0570
M6004261,6004261,สวีท แอนด์ คูล เอเจนซี่ (1999) บจก. (สาขาที่ 1),FOOD-MERCHANDISE,2023,"  369,528.73 ","  345,354.15 ",21790,05,70,0570
M6900049,6900049,สะเดาน้ำแข็งหลอด บจก. (BCMM),FOOD-MERCHANDISE,2023,"  12,750.07 ","  11,986.07 ",21790,05,70,0570
M6900054,6900054,สวีท แอนด์ คูล เอเจนซี่ (1999) บจก. (BCMM),FOOD-MERCHANDISE,2023,"  237,535.68 ","  221,995.97 ",21790,05,70,0570
M6900062,6900062,นครพนมไอศกรีม บจก. (BCMM),FOOD-MERCHANDISE,2023,"  159,739.65 ","  149,368.59 ",21790,05,70,0570
M6900069,6900069,ศิริมิตร บจก. (BCMM),FOOD-MERCHANDISE,2023,"  280,764.90 ","  262,397.28 ",21790,05,70,0570
M6900074,6900074,นฤมล รื่นรมย์ (BCMM),FOOD-MERCHANDISE,2023,  192.00 ,  192.00 ,21790,05,70,0570
M7000040,7000040,ยู.พี.เอ.เอ็นเทอร์ไพรซ บจก. (M7000040),NONFOOD-MERCHANDISE,2023,"  1,076,290.53 ","  1,005,879.00 ",21340,02,40,0240
M7000054,7000054,ออตโต้ คิงส์กลาส บจก.,NONFOOD-MERCHANDISE,2023,"  111,970,969.16 ","  104,645,765.36 ",21510,01,10,0110
M7000078,7000078,มาซูม่า (ประเทศไทย) บจก.,NONFOOD-MERCHANDISE,2023,"  2,425,978.91 ","  2,267,269.99 ",21340,02,40,0240
M7000114,7000114,ไอ.ซี.ซี.อินเตอร์เนชั่นแนล บมจ. (UNDERWEAR ARROW LITE),NONFOOD-MERCHANDISE,2023,"  52,553,154.39 ","  49,119,586.12 ",21220,03,20,0320
M6004061,6004061,ดีเคเอสเอช (ประเทศไทย) บจก. (UTT INTER),FOOD-MERCHANDISE,2023,"  663,349.58 ","  600,176.88 ",21661,04,61,0461
M6004063,6004063,ไมโครไบโอเทค บจก.,FOOD-MERCHANDISE,2023,"  852,644.44 ","  594,221.10 ",21680,04,80,0480
M6004075,6004075,แจ๊กเจียอุตสาหกรรม(ไทย) บมจ. (สเปรย์ยูคาฯ),FOOD-MERCHANDISE,2023,"  1,468,263.71 ","  1,372,209.07 ",21670,04,70,0470
M6004088,6004088,สิงห์พัฒน์ 2561 บจก.,FOOD-MERCHANDISE,2023,"  16,602,924.41 ","  15,516,751.79 ",21650,04,50,0450
M6004094,6004094,ศิยารักษ์ วงค์ไชย,FOOD-MERCHANDISE,2023,"  45,660.00 ","  45,660.00 ",21630,04,30,0430
M6004095,6004095,ร้าน เอบีซี โฆษณา (Wawee),FOOD-MERCHANDISE,2023,"  121,381.46 ","  113,440.62 ",21701,00,0,00000
M6004101,6004101,จัดซื้อ บีเจซี เมก้า มาร์เก็ต,FOOD-MERCHANDISE,2023,"  31,321.18 ","  29,296.14 ",21701,00,0,00000
M6004112,6004112,บิวตี้ ฮาร์โมนี บจก.,FOOD-MERCHANDISE,2023,"  1,104,936.21 ","  1,032,650.64 ",21660,04,60,0460
M6004129,6004129,ละมุน เบบี้ บจก.,FOOD-MERCHANDISE,2023,"  305,239.39 ","  260,420.82 ",21670,04,70,0470
M7000517,7000517,แปรงไทยแห่งแรก บจก.,NONFOOD-MERCHANDISE,2023,"  16,756,252.93 ","  15,660,049.44 ",21310,02,10,0210
M7000529,7000529,ฐานะดี อินเตอร์เนชั่นแนล บจก.,NONFOOD-MERCHANDISE,2023,"  1,802,692.13 ","  1,684,759.00 ",21340,02,40,0240
M7000538,7000538,บี.เจ.ซี.ซัพพลาย บจก.,NONFOOD-MERCHANDISE,2023,"  105,505.78 ","  98,603.52 ",21330,02,30,0230
M7000538,7000538,บี.เจ.ซี.ซัพพลาย บจก.,NONFOOD-MERCHANDISE,2023,"  1,209,880.71 ","  1,130,729.63 ",21350,02,50,0250
M7000554,7000554,แอลจี อีเลคทรอนิคส์ (ประเทศไทย) บจก.,NONFOOD-MERCHANDISE,2023,"  482,680,069.83 ","  451,349,365.19 ",21512,01,12,0112
M7000575,7000575,เอส.ซี.ยอห์นสัน แอนด์ ซัน  บจก.,NONFOOD-MERCHANDISE,2023,"  15,275,855.69 ","  14,274,683.21 ",21340,02,40,0240
M7000580,7000580,พรธิสารเฟรม โดยน.ส. ภัทรกานต์ กิจพัฒนศิลป์,NONFOOD-MERCHANDISE,2023,"  466,511.42 ","  435,991.98 ",21350,02,50,0250
M7000590,7000590,ทรี บัดดี้ (2006) บจก.,NONFOOD-MERCHANDISE,2023,"  1,507,098.20 ","  1,408,503.00 ",21240,03,40,0340
M7000633,7000633,ทศพล เทรดดิ้ง  หจก.,NONFOOD-MERCHANDISE,2023,"  2,790,159.31 ","  2,608,315.52 ",21310,02,10,0210
M7000653,7000653,ฟิลเตอร์ มาร์ท บจก.,NONFOOD-MERCHANDISE,2023,"  1,797,202.95 ","  1,679,628.93 ",21340,02,40,0240
M7000659,7000659,โอทูยู บจก.,NONFOOD-MERCHANDISE,2023,"  5,380,548.50 ",  -   ,21210,03,10,0310
M7000659,7000659,โอทูยู บจก.,NONFOOD-MERCHANDISE,2023,"  4,053,566.60 ","  6,182,580.00 ",21220,03,20,0320
M7000684,7000684,มายจักรยาน บจก.,NONFOOD-MERCHANDISE,2023,"  12,038,591.40 ","  11,254,460.00 ",21330,02,30,0230
M7000709,7000709,เค.พี.กมลกิจ อินเตอร์เทรด บจก.,NONFOOD-MERCHANDISE,2023,"  233,738,109.39 ","  218,499,271.98 ",21510,01,10,0110
M7001520,7001520,มาลัยรัก บจก.,NONFOOD-MERCHANDISE,2023,"  3,400,947.92 ","  3,178,456.00 ",21310,02,10,0210
M7001556,7001556,เอ็มเอ็มเอ็กซ์ แอพพาเรล บจก. (SL แยก OI),NONFOOD-MERCHANDISE,2023,"  38,213,523.11 ","  35,713,573.00 ",21110,03,80,0380
M6004301,6004301,เบสิคไลน์ ฟาร์ม บจก.,FOOD-MERCHANDISE,2023,"  359,242.78 ","  335,740.92 ",21790,05,70,0570
M6004305,6004305,เอสเอสยูพี (ประเทศไทย) บจก. (DF),FOOD-MERCHANDISE,2023,"  10,664,845.08 ","  9,915,443.06 ",21661,04,61,0461
M6004313,6004313,กมลเทพ สำราญจิตร,FOOD-MERCHANDISE,2023, NULL ,"  14,240.00 ",21790,05,70,0570
M6004324,6004324,ดีเคเอสเอช (ประเทศไทย) บจก. (LG HOUSEHOLD&HEALTH CARE),FOOD-MERCHANDISE,2023,"  5,222,416.72 ","  4,880,763.24 ",21850,06,30,0630
M7001158,7001158,มินริน บจก.,NONFOOD-MERCHANDISE,2023,"  2,568,272.85 ","  2,400,254.81 ",21270,03,70,0370
M7001163,7001163,ธนารัฐ โปรดักส์ บจก.,NONFOOD-MERCHANDISE,2023,"  2,495,130.53 ","  2,334,991.00 ",21310,02,10,0210
M7001164,7001164,เอเซีย นิวไลฟ์ นิตติ้ง บจก.,NONFOOD-MERCHANDISE,2023,"  14,900,310.68 ","  13,925,524.00 ",21210,03,10,0310
M7001180,7001180,เคบีเอ็น (ประเทศไทย) บจก.,NONFOOD-MERCHANDISE,2023,"  677,254.36 ","  632,948.00 ",21220,03,20,0320
M7001197,7001197,แอ๊ดด้า ฟุตแวร์ (ไทยแลนด์) บจก.,NONFOOD-MERCHANDISE,2023,"  106,361,918.72 ","  99,403,662.37 ",21250,03,50,0350
M7001199,7001199,เวฟ อินเตอร์เทรด บจก.,NONFOOD-MERCHANDISE,2023,"  1,195,544.16 ","  1,117,330.99 ",21310,02,10,0210
M7001199,7001199,เวฟ อินเตอร์เทรด บจก.,NONFOOD-MERCHANDISE,2023,"  328,362.67 ","  306,881.00 ",21330,02,30,0230
M7001203,7001203,เดียร์แพเรนส์ อินเตอร์เนชั่นแนล บจก.,NONFOOD-MERCHANDISE,2023,"  2,194,079.53 ","  2,050,541.66 ",21240,03,40,0340
M7001204,7001204,ดีเอ็นซี อาร์ทแอนด์แอพพาเรล บจก.,NONFOOD-MERCHANDISE,2023,"  49,227,989.03 ","  46,007,985.40 ",21210,03,10,0310
M7001239,7001239,โหย่งหลิง (2013) บจก.,NONFOOD-MERCHANDISE,2023,"  509,052.50 ","  475,657.18 ",21310,02,10,0210
M7001246,7001246,ราฟฟาเอล คริสตัล บจก.,NONFOOD-MERCHANDISE,2023,"  (72,246.40)","  (67,520.00)",21310,02,10,0210
M7001563,7001563,เค.เอ็ม.แพ็กเกจจิ้ง บมจ.,NONFOOD-MERCHANDISE,2023,"  119,983.79 ","  112,134.41 ",21310,02,10,0210
M7001566,7001566,โกเบ คอมเมอร์เชียล บจก.,NONFOOD-MERCHANDISE,2023,"  3,448,356.72 ","  3,222,763.36 ",21310,02,10,0210
M7001581,7001581,ไฮเออร์ อีเลคทริคอล แอพพลายแอนซ์ (ประเทศไทย) บจก.,NONFOOD-MERCHANDISE,2023,"  37,903,490.51 ","  35,444,781.85 ",21512,01,12,0112
M7001581,7001581,ไฮเออร์ อีเลคทริคอล แอพพลายแอนซ์ (ประเทศไทย) บจก.,NONFOOD-MERCHANDISE,2023,"  24,876,765.47 ","  23,281,084.90 ",21520,01,20,0120
M7001588,7001588,มีธนา ฟอเรฟเวอร์ บจก.,NONFOOD-MERCHANDISE,2023,"  14,311,421.20 ","  13,375,160.00 ",21110,03,80,0380
M7001616,7001616,เอ็ม แอนด์ จี เครื่องเขียน บจก. (โดนใจ),NONFOOD-MERCHANDISE,2023,"  75,585.48 ","  70,640.64 ",21350,02,50,0250
M6004182,6004182,มิซึฮาดะ กรุ๊ป บจก.,FOOD-MERCHANDISE,2023,"  1,660,723.50 ","  1,526,356.77 ",21660,04,60,0460
M6004184,6004184,คาโอ อินดัสเตรียล (ประเทศไทย) บจก. (Remit 0400415),FOOD-MERCHANDISE,2023,"  33,247,023.95 ","  27,816,750.05 ",21661,04,61,0461
M6004184,6004184,คาโอ อินดัสเตรียล (ประเทศไทย) บจก. (Remit 0400415),FOOD-MERCHANDISE,2023,"  350,647,317.34 ","  324,107,960.14 ",21670,04,70,0470
M6004196,6004196,มิตรภาพ15 หจก.,FOOD-MERCHANDISE,2023,"  632,250.32 ","  591,262.28 ",21790,05,70,0570
M6004337,6004337,เอสวีเอ็ม อุตสาหกรรม บจก.,FOOD-MERCHANDISE,2023,"  522,158.70 ","  487,998.71 ",21660,04,60,0460
M6004353,6004353,นันดา เทรด บจก. (0450 LIQUOR),FOOD-MERCHANDISE,2023,"  5,916,251.24 ","  5,727,452.36 ",21650,04,50,0450
M6004355,6004355,เคเอส โกลเด้น บจก. (Credit),FOOD-MERCHANDISE,2023,"  28,940,653.36 ","  27,224,423.88 ",21840,06,20,0620
M6004358,6004358,สุร์ยา อินเตอร์เทรด บจก.,FOOD-MERCHANDISE,2023,"  335,813.64 ","  313,844.53 ",21790,05,70,0570
M6004363,6004363,อาทิซันคิทเช่น บจก.,FOOD-MERCHANDISE,2023,"  310,631.70 ","  290,310.00 ",21750,05,50,0550
M6003722,6003722,กุลฉัตร(หัวหิน)2009 บจก.,FOOD-MERCHANDISE,2023,"  150,538.30 ","  140,690.00 ",21790,05,70,0570
M6003723,6003723,ไอ.ซี.ซี. อินเตอร์เนชั่นแนล บมจ. (น้ำหอมปรับอากาศ),FOOD-MERCHANDISE,2023,"  2,417,937.25 ","  1,327,174.35 ",21680,04,80,0480
M6003726,6003726,บีเอ็มจี ไอศครีม บจก.,FOOD-MERCHANDISE,2023,"  1,302,031.90 ","  1,223,144.05 ",21790,05,70,0570
M6003728,6003728,ซิน ออแกนิค อินเตอร์ฟู้ดส์ บจก.,FOOD-MERCHANDISE,2023,"  5,856,908.65 ","  5,473,746.36 ",21610,04,10,0410
M6003744,6003744,ทริลเลียน แบรนด์บ็อกซ์ บจก. (DF),FOOD-MERCHANDISE,2023,"  3,475,440.33 ","  3,248,075.04 ",21670,04,70,0470
M6003750,6003750,รณิดา มาดามไทย บจก.,FOOD-MERCHANDISE,2023,"  57,009.60 ","  53,280.00 ",21620,04,20,0420
M6003756,6003756,นวสร ดิสทรีบิวชั่น บจก.,FOOD-MERCHANDISE,2023,"  6,492,412.82 ","  6,151,483.87 ",21790,05,70,0570
M7000162,7000162,เจริญภัณฑ์อินเตอร์กรุ๊ป บจก.,NONFOOD-MERCHANDISE,2023,"  4,862,135.89 ","  4,544,052.20 ",21310,02,10,0210
M7000257,7000257,นงนุช อินเตอร์เนชั่นแนล บจก.,NONFOOD-MERCHANDISE,2023,"  4,463,213.96 ","  4,171,228.00 ",21310,02,10,0210
M7000266,7000266,เค.เอส.ที.อินเตอร์เทรด บจก.,NONFOOD-MERCHANDISE,2023,"  8,518,373.64 ","  7,961,096.85 ",21250,03,50,0350
M7000292,7000292,วินเทจ อิมปอร์ต เอ็กซ์ปอร์ต บจก. (7000292),NONFOOD-MERCHANDISE,2023,"  5,150,319.81 ","  4,786,508.00 ",21210,03,10,0310
M7000319,7000319,พรีมิแนนซ์ โปรดักส์ หจก.,NONFOOD-MERCHANDISE,2023,"  8,905,865.20 ","  8,323,238.50 ",21220,03,20,0320
M7000320,7000320,บงกช พับลิชชิ่ง บจก.,NONFOOD-MERCHANDISE,2023,"  4,960,265.70 ","  4,960,265.70 ",21350,02,50,0250
M7000322,7000322,มาร์เซียโน่ บจก.,NONFOOD-MERCHANDISE,2023,  (536.07),  (501.00),21220,03,20,0320
M7000322,7000322,มาร์เซียโน่ บจก.,NONFOOD-MERCHANDISE,2023,"  4,398,633.04 ","  4,110,872.00 ",21250,03,50,0350
M6004388,6004388,09 น้ำแข็งหลอด บจก.,FOOD-MERCHANDISE,2023,"  30,382.65 ","  28,395.00 ",21790,05,70,0570
M6004418,6004418,รวมสามการสุรา บึงกาฬ บจก.,FOOD-MERCHANDISE,2023,"  910,412.19 ","  850,852.50 ",21650,04,50,0450
M6004423,6004423,เอที คอสเมติค (ประเทศไทย) บจก. (Remit M6003591),FOOD-MERCHANDISE,2023,"  (582,021.14)","  (543,945.05)",21630,04,30,0430
M6004465,6004465,บี.โอ.เค 2021 บจก.,FOOD-MERCHANDISE,2023,"  255,788.65 ","  239,054.85 ",21790,05,70,0570
M6004206,6004206,ตาลบุรี ฟู้ด บจก.,FOOD-MERCHANDISE,2023,"  997,426.32 ","  932,174.12 ",21630,04,30,0430
M6004209,6004209,บี.อี.ฟู้ดส์ บจก.,FOOD-MERCHANDISE,2023,"  46,270,552.78 ","  43,243,504.04 ",21750,05,50,0550
M6004218,6004218,มีตังค์ใบแต้วรุ่งเรืองทรัพย์ บจก.,FOOD-MERCHANDISE,2023,"  30,887.90 ","  28,867.20 ",21660,04,60,0460
M6004246,6004246,โรงน้ำแข็งหนองบัวลำภูสายฝน หจก.,FOOD-MERCHANDISE,2023,"  15,622.00 ","  14,600.00 ",21790,05,70,0570
M6004252,6004252,ดีเคเอสเอช (ประเทศไทย) บจก. (Pure),FOOD-MERCHANDISE,2023,"  834,371.02 ","  319,986.00 ",21830,06,10,0610
M6004255,6004255,ย่งเส็ง ดิสทริบิวเตอร์ บจก.,FOOD-MERCHANDISE,2023,"  521,309.45 ","  487,205.44 ",21790,05,70,0570
M6004269,6004269,เจษฎากร ลอยนุ้ย,FOOD-MERCHANDISE,2023,"  41,625,286.60 ","  41,625,286.60 ",21730,05,30,0530
M7001629,7001629,ทริปเปิล พี แอพพาเรล บจก.,NONFOOD-MERCHANDISE,2023,"  975,319.98 ","  911,514.00 ",21210,03,10,0310
M7001634,7001634,พานาโซนิค โซลูชั่นส์ (ประเทศไทย) บจก. (Lighting) Remit.M7001356,NONFOOD-MERCHANDISE,2023,"  31,380,787.02 ","  29,327,838.00 ",21340,02,40,0240
M7001636,7001636,อาร์เอชเอ็ม อินเตอร์กรุ๊ป บจก. (IT),NONFOOD-MERCHANDISE,2023,"  137,559.20 ","  128,560.00 ",21570,01,70,0170
M7001638,7001638,ทีพีบีไอ บมจ. (New),NONFOOD-MERCHANDISE,2023,"  9,299,466.30 ","  8,691,090.00 ",21310,02,10,0210
M7001639,7001639,ไอนาโน๊ส (ประเทศไทย) บจก. (Credit),NONFOOD-MERCHANDISE,2023,  (62.06),  (58.00),21510,01,10,0110
M7001647,7001647,พีที.อินเตอร์เพ็ท บจก.,NONFOOD-MERCHANDISE,2023,"  2,658.95 ",  -   ,21360,02,60,0260
M7001655,7001655,คิงสเตลล่า กรุ๊ป บจก. (แทน M7000698),NONFOOD-MERCHANDISE,2023,"  4,827,752.35 ","  4,511,918.09 ",21340,02,40,0240
M7001660,7001660,ริชเชส ซัพพลาย บจก. (SME),NONFOOD-MERCHANDISE,2023,"  10,523,235.35 ","  9,834,799.34 ",21340,02,40,0240
M7001679,7001679,พาราโบล่า บจก. (Credit),NONFOOD-MERCHANDISE,2023,"  309,810.00 ","  289,542.06 ",21560,01,60,0160
M7001682,7001682,ไมครอน กรุ๊ป บจก.,NONFOOD-MERCHANDISE,2023,"  67,935.37 ","  63,491.00 ",21310,02,10,0210
M6003762,6003762,เจแปน อะกรี ชาล์เล้นจ์ เอเชีย บจก.,FOOD-MERCHANDISE,2023,"  600,440.00 ","  600,440.00 ",21730,05,30,0530
M6003769,6003769,ซันโทรี่ เป๊ปซี่โค เบเวอเรจ (ประเทศไทย) บจก.,FOOD-MERCHANDISE,2023,"  637,788,339.28 ","  605,089,993.32 ",21640,04,40,0440
M6003775,6003775,ผิงก้วน เน็ตเวิร์ค บจก. (Pure),FOOD-MERCHANDISE,2023,"  2,213,723.33 ","  2,068,900.30 ",21672,04,72,0472
M6003792,6003792,ชาเม่ คอร์ปอเรชั่น บมจ.,FOOD-MERCHANDISE,2023,"  2,524,246.81 ","  2,359,109.11 ",21840,06,20,0620
M6003802,6003802,อินเตอร์เนชั่นแนล เพ็ท ฟู้ด บจก.,FOOD-MERCHANDISE,2023,"  476,808.00 ","  476,808.00 ",21790,05,70,0570
M7000710,7000710,ศรีโรจนกิจ ฟุตแวร์  บจก.,NONFOOD-MERCHANDISE,2023,"  433,360.70 ","  405,010.00 ",21212,03,12,0312
M7000730,7000730,ดั๊บเบิ้ล เอ (1991) บมจ.,NONFOOD-MERCHANDISE,2023,"  5,036,060.78 ","  4,696,446.20 ",21340,02,40,0240
M7000801,7000801,วินด์ ดีไซน์ บจก.,NONFOOD-MERCHANDISE,2023,"  629,243.46 ","  588,078.00 ",21340,02,40,0240
M6003847,6003847,ซีโน-แปซิฟิค เทรดดิ้ง (ไทยแลนด์) บจก. (Wawee),FOOD-MERCHANDISE,2023,"  86,218.36 ","  80,577.90 ",21701,00,0,00000
M6003852,6003852,เอเชีย สตาร์ คอร์ปอเรชั่น บจก.,FOOD-MERCHANDISE,2023,"  825,380.80 ","  771,383.52 ",21650,04,50,0450
M6003855,6003855,มายาณกานต์ บจก. (SME),FOOD-MERCHANDISE,2023,"  471,179.04 ","  440,354.19 ",21620,04,20,0420
M6003862,6003862,เอ็นวี แฟมิลี่ บจก.,FOOD-MERCHANDISE,2023,"  2,862.88 ","  2,675.59 ",33032,09,,09
M6003903,6003903,เอิร์ทดีไซน์ บจก.,FOOD-MERCHANDISE,2023,"  1,650,931.73 ","  1,542,926.91 ",21672,04,72,0472
M6003923,6003923,มุ่งพัฒนา อินเตอร์แนชชั่นแนล บมจ. (Lotion),FOOD-MERCHANDISE,2023,"  2,960,303.50 ","  2,766,638.83 ",21660,04,60,0460
M6003928,6003928,ออนเนสท์ เทรดดิ้ง บจก.,FOOD-MERCHANDISE,2023,"  2,163,930.25 ","  2,112,916.84 ",21620,04,20,0420
M6003929,6003929,แชมป์ส บจก. (SME),FOOD-MERCHANDISE,2023,"  1,620,993.82 ","  1,514,947.50 ",21620,04,20,0420
M6003953,6003953,ซูกิชิ อินเตอร์กรุ๊ป บจก.,FOOD-MERCHANDISE,2023,"  18,911.47 ","  17,674.27 ",21710,05,10,0510
M6003962,6003962,เค.วี.เอ็น.อิมปอร์ตเอกซ์ปอร์ต (1991) บจก. (Wawee),FOOD-MERCHANDISE,2023,"  99,455.94 ","  92,949.48 ",21701,00,0,00000
M6004478,6004478,สหพัฒนพิบูล บมจ. (โทฟุซัง),FOOD-MERCHANDISE,2023,"  401,568.66 ",  -   ,21630,04,30,0430
M6004483,6004483,ออล อะเบาท์ ยู บจก.,FOOD-MERCHANDISE,2023,"  306,664.49 ","  282,009.84 ",21661,04,61,0461
M6004509,6004509,เสถียร เทรดดิ้ง บจก. (Refined Sugar),FOOD-MERCHANDISE,2023,"  2,374,322.03 ","  2,218,992.52 ",21630,04,30,0430
M6004524,6004524,วิสาหกิจชุมชนนวตกรรมเกษตรจังหวัดฉะเชิงเทรา (SME),FOOD-MERCHANDISE,2023,"  650,262.00 ","  650,262.00 ",21730,05,30,0530
M6004276,6004276,น้ำตาลครบุรี บมจ. (New),FOOD-MERCHANDISE,2023,"  78,911,443.19 ","  73,749,012.17 ",21630,04,30,0430
M6004293,6004293,รังทองคำ บจก.,FOOD-MERCHANDISE,2023,"  5,276,465.04 ","  5,040,061.24 ",21610,04,10,0410
M6004310,6004310,พรทวี ดิสทริบิวชั่น บจก.,FOOD-MERCHANDISE,2023,"  1,420,005.83 ","  1,374,142.94 ",21790,05,70,0570
M6004324,6004324,ดีเคเอสเอช (ประเทศไทย) บจก. (LG HOUSEHOLD&HEALTH CARE),FOOD-MERCHANDISE,2023,"  (21,140.80)","  (19,757.76)",21840,06,20,0620
M6004333,6004333,เฮฟเว่น ดรอปส์ บจก. (New),FOOD-MERCHANDISE,2023,"  13,180,511.01 ","  12,318,234.56 ",21610,04,10,0410
M6004334,6004334,พงษ์-ศรา ดิสทริบิวชั่น บจก. (FF),FOOD-MERCHANDISE,2023,"  11,167,994.31 ","  10,437,376.00 ",21760,05,60,0560
M6004582,6004582,ชัยเจริญมารีน (2002) บจก. (SME),FOOD-MERCHANDISE,2023,"  285,353.88 ","  266,685.84 ",21790,05,70,0570
M6004590,6004590,โสรยาผักสด ปลีก-ส่ง (TLKK),FOOD-MERCHANDISE,2023,"  1,457,167.65 ","  1,457,167.65 ",26100,00,0,00000
M6004592,6004592,ซัคเซส เทรดดิ้ง 1424 (ไทยแลนด์) บจก.,FOOD-MERCHANDISE,2023,"  8,139,012.00 ","  8,139,012.00 ",21630,04,30,0430
M6004599,6004599,คอนเนค เอเชีย อินเตอร์ฟู้ด บจก.,FOOD-MERCHANDISE,2023,"  1,370,244.64 ","  1,280,602.56 ",21650,04,50,0450
M6004607,6004607,ทีเอที คอร์ปอเรชั่น บมจ.,FOOD-MERCHANDISE,2023,"  1,167,327.08 ","  1,112,358.09 ",21850,06,30,0630
M6004616,6004616,ซันโทรี่ เบเวอเรจ แอนด์ ฟู้ด เทรดดิ้ง (ประเทศไทย) บจก.,FOOD-MERCHANDISE,2023,"  709,734,874.12 ","  663,303,620.58 ",21610,04,10,0410
M6004623,6004623,มาลี เอ็นเตอร์ไพรส์ บจก. (โอวัลติน),FOOD-MERCHANDISE,2023,"  6,121,457.89 ","  5,720,988.79 ",21760,05,60,0560
M6004655,6004655,ดีเคเอสเอช (ประเทศไทย) บจก. (Cura-MD),FOOD-MERCHANDISE,2023,"  65,869.65 ","  61,560.40 ",21850,06,30,0630
M7000918,7000918,แคนนู  อินเตอร์เทรด บจก. (M7000918),NONFOOD-MERCHANDISE,2023,"  10,213,751.43 ","  9,545,561.91 ",21220,03,20,0320
M7001057,7001057,สุวรรณสมบูรณ์ บจก.,NONFOOD-MERCHANDISE,2023,"  5,588,103.89 ","  5,222,527.00 ",21210,03,10,0310
M7001107,7001107,เอสพีอาร์คอร์เปอร์เรชั่น บจก.,NONFOOD-MERCHANDISE,2023,"  5,892,458.69 ","  5,506,970.70 ",21350,02,50,0250
M7001134,7001134,สเต็ป ฟอร์เวิร์ด กรุ๊ป บจก.,NONFOOD-MERCHANDISE,2023,"  2,554,197.26 ","  1,464,092.92 ",21512,01,12,0112
M6003973,6003973,เวิลด์ฟูดส์ อินเตอร์เนชั่นแนล บจก.,FOOD-MERCHANDISE,2023,"  607,903.93 ","  568,134.53 ",21640,04,40,0440
M6003985,6003985,ไบเออร์สด๊อรฟ (ประเทศไทย) บจก.,FOOD-MERCHANDISE,2023,"  767,040,657.28 ","  698,234,524.91 ",21660,04,60,0460
M6004021,6004021,สมาร์ท โปรดักท์ บจก.,FOOD-MERCHANDISE,2023,"  275,626.01 ","  257,594.40 ",21760,05,60,0560
M6004345,6004345,เซนต์ บิวตี้ คอสเมติก (ประเทศไทย) บจก. (Credit),FOOD-MERCHANDISE,2023,"  4,746,022.30 ","  4,398,538.55 ",21660,04,60,0460
M6004350,6004350,จีเอฟพีที บมจ.,FOOD-MERCHANDISE,2023,"  9,457,636.00 ",  -   ,21730,05,30,0530
M6004369,6004369,ดีเคเอสเอช (ประเทศไทย) บจก. (Centrum&Caltrate),FOOD-MERCHANDISE,2023,"  460,096.67 ","  31,359.95 ",21830,06,10,0610
M6004393,6004393,กนกพร ฤกษ์ยาม,FOOD-MERCHANDISE,2023,"  935,020.00 ","  935,020.00 ",21740,05,40,0540
M6004398,6004398,ดี.อาร์.ดริ้งค์ บจก.,FOOD-MERCHANDISE,2023,"  1,103,148.12 ","  1,030,979.52 ",21640,04,40,0440
M6004402,6004402,ณัฐรินทร์ ศิลาสุขเกษมศิริ (TLKK),FOOD-MERCHANDISE,2023,"  19,320.00 ","  19,320.00 ",26100,00,0,00000
M6004408,6004408,อินชา บีฟ บจก.,FOOD-MERCHANDISE,2023,"  51,455,481.43 ","  51,455,481.43 ",21710,05,10,0510
M6004062,6004062,ซิลลิค ฟาร์มา บจก. (Yuuu&Interpharma),FOOD-MERCHANDISE,2023,"  896,680.70 ","  589,552.74 ",21830,06,10,0610
M6004066,6004066,ดีเคเอสเอช (ประเทศไทย) บจก. (Calbee แทน 3000119),FOOD-MERCHANDISE,2023,"  44,481,003.79 ","  41,571,031.44 ",21620,04,20,0420
M6004073,6004073,เอฟ.ซี.พี. บจก. (EXXE),FOOD-MERCHANDISE,2023,"  106,393.31 ","  99,432.96 ",21660,04,60,0460
M6004080,6004080,ชวรณ สุธาพาณิชย์,FOOD-MERCHANDISE,2023,"  9,169.20 ","  8,665.20 ",21790,05,70,0570
M6004099,6004099,เลิศอนันต์ อินเตอร์เนชั่น โซป บจก.,FOOD-MERCHANDISE,2023,"  670,360.14 ","  626,504.75 ",21660,04,60,0460
M6004104,6004104,กนกอร ชัยสวัสดิ์,FOOD-MERCHANDISE,2023,"  2,557,600.00 ","  2,557,600.00 ",21720,05,20,0520
M6004107,6004107,สาริกา ดิสทริบิวเตอร์ บจก.,FOOD-MERCHANDISE,2023,"  520,580.09 ","  487,749.90 ",21790,05,70,0570
M6004108,6004108,เอ็นเอสแอล ฟู้ดส์ บมจ.,FOOD-MERCHANDISE,2023,"  (1,605.00)","  (1,500.00)",21790,05,70,0570
M6004113,6004113,ไอพัฒห์ บจก. (NOGECKO),FOOD-MERCHANDISE,2023,"  832,103.46 ","  777,666.72 ",21670,04,70,0470
M6004136,6004136,เอเซียบางนา บจก.,FOOD-MERCHANDISE,2023,"  414,832.00 ","  394,500.00 ",21790,05,70,0570
M6004429,6004429,โคคา ฟู้ดส์ อินเตอร์เนชั่นแนล บจก.,FOOD-MERCHANDISE,2023,"  4,749,136.15 ","  4,438,445.00 ",21740,05,40,0540
M6004437,6004437,พรรณวรา อินเตอร์เนชั่นแนล บจก.,FOOD-MERCHANDISE,2023,"  3,396,025.13 ","  3,173,855.32 ",21660,04,60,0460
M6004461,6004461,อัครวินท์ อินเตอร์ฟู้ด บจก. (Credit),FOOD-MERCHANDISE,2023,"  2,241,369.60 ","  2,094,737.62 ",21610,04,10,0410
M6004485,6004485,ห้างขายยาตราเสือดาว บจก.,FOOD-MERCHANDISE,2023,"  375,752.30 ","  324,445.32 ",21840,06,20,0620
M6004492,6004492,บางกอกอินเตอร์ฟูด บจก. (FF),FOOD-MERCHANDISE,2023,"  1,317,286.69 ","  1,231,249.04 ",21750,05,50,0550
M6004503,6004503,ไทย แอ็กโกร เฟรช บจก.,FOOD-MERCHANDISE,2023,"  22,764,351.00 ","  22,764,351.00 ",21730,05,30,0530
M6004508,6004508,ดีเคเอสเอช (ประเทศไทย) บจก. (Nutrition),FOOD-MERCHANDISE,2023,"  226,994.51 ","  212,144.40 ",21840,06,20,0620
M7001145,7001145,เอเซียคิงส์ อินเตอร์เทรด บจก.,NONFOOD-MERCHANDISE,2023,"  59,296,633.59 ","  51,388,179.71 ",21270,03,70,0370
M7001164,7001164,เอเซีย นิวไลฟ์ นิตติ้ง บจก.,NONFOOD-MERCHANDISE,2023,"  35,519,862.31 ","  33,196,133.00 ",21220,03,20,0320
M7001203,7001203,เดียร์แพเรนส์ อินเตอร์เนชั่นแนล บจก.,NONFOOD-MERCHANDISE,2023,"  510,069.00 ","  476,700.00 ",21220,03,20,0320
M7001231,7001231,คิวเซ็น (ประเทศไทย) บจก. (M7001231),NONFOOD-MERCHANDISE,2023,"  1,521,229.70 ","  1,421,710.00 ",21340,02,40,0240
M7000334,7000334,แบร์รอน กิ๊ฟ บจก.,NONFOOD-MERCHANDISE,2023,"  5,686,141.91 ","  5,314,151.28 ",21350,02,50,0250
M7000375,7000375,ดี.ที.ซี.อินดัสตรี่ส์ บมจ.,NONFOOD-MERCHANDISE,2023,"  4,454,004.05 ","  4,162,620.60 ",21350,02,50,0250
M7000439,7000439,ฉื่อ จิ้น ฮั้ว บจก.,NONFOOD-MERCHANDISE,2023,"  4,531,849.11 ","  4,235,373.00 ",21310,02,10,0210
M7000449,7000449,แฟมิลี่ เมท บจก.,NONFOOD-MERCHANDISE,2023,"  2,218,112.14 ","  2,073,002.00 ",21240,03,40,0340
M7000454,7000454,ทีซีแอล อิเล็กทรอนิกส์ (ไทยแลนด์) บจก.,NONFOOD-MERCHANDISE,2023,"  285,611,718.82 ","  266,903,720.94 ",21520,01,20,0120
M7000473,7000473,โกลเด้นท์ ฮาร์ท (ประเทศไทย) บจก.,NONFOOD-MERCHANDISE,2023,"  3,430,497.04 ","  3,202,712.00 ",21220,03,20,0320
M6004141,6004141,โปรเฮลท์พลัส บจก.,FOOD-MERCHANDISE,2023,"  167,718.47 ","  156,746.22 ",21840,06,20,0620
M6004143,6004143,ฟอร์แคร์ บจก. (NEW),FOOD-MERCHANDISE,2023,"  321,208.03 ","  300,194.41 ",21610,04,10,0410
M6004143,6004143,ฟอร์แคร์ บจก. (NEW),FOOD-MERCHANDISE,2023,"  269,117.03 ","  251,511.20 ",21630,04,30,0430
M6004152,6004152,เอ็นแอนด์โค คอร์ปอเรชั่น บจก.,FOOD-MERCHANDISE,2023,"  137,088.11 ","  128,119.68 ",21660,04,60,0460
M6004157,6004157,ดีเคเอสเอช (ประเทศไทย) บจก. (UHT),FOOD-MERCHANDISE,2023,"  19,410,474.25 ","  18,140,630.14 ",21640,04,40,0440
M6004169,6004169,อาร์บี ไฮยีน โฮม (ประเทศไทย) บจก.,FOOD-MERCHANDISE,2023,"  673,367.98 ","  14,592.94 ",21671,04,71,0471
M6004176,6004176,พี เอ็ม เจ เทรดดิ้ง บจก. (NEW),FOOD-MERCHANDISE,2023,"  5,092,019.12 ","  4,758,896.31 ",21680,04,80,0480
M6004182,6004182,มิซึฮาดะ กรุ๊ป บจก.,FOOD-MERCHANDISE,2023,"  2,846,866.08 ","  2,660,622.51 ",21840,06,20,0620
M6004187,6004187,สิงห์นครสวรรค์ บจก.,FOOD-MERCHANDISE,2023,"  8,542,766.43 ","  7,983,893.84 ",21650,04,50,0450
M6004203,6004203,อุบลไอศกรีม บจก. (สาขาที่1),FOOD-MERCHANDISE,2023,"  434,684.72 ","  409,796.48 ",21790,05,70,0570
M6004208,6004208,ธาราทิพย์,FOOD-MERCHANDISE,2023,"  55,860.00 ","  55,860.00 ",21790,05,70,0570
M6004210,6004210,นำเชา (ประเทศไทย) บจก. (New),FOOD-MERCHANDISE,2023,"  11,447,032.92 ","  10,690,136.52 ",21630,04,30,0430
M6004213,6004213,เจ เจ วิชั่น เมกเกอร์ บจก.,FOOD-MERCHANDISE,2023,"  296,982.49 ","  277,553.90 ",21790,05,70,0570
M6004223,6004223,บ้านไทยธรรมชาติ หจก.,FOOD-MERCHANDISE,2023,"  88,504.46 ","  82,714.45 ",21850,06,30,0630
M6004227,6004227,เกียรติมุกดา พรีเมี่ยมไอซ์ บจก.,FOOD-MERCHANDISE,2023,"  67,167.34 ","  62,773.20 ",21790,05,70,0570
M6004523,6004523,ล้อพูนผล ไรซ์มิลล์ บจก.,FOOD-MERCHANDISE,2023,"  13,595,186.15 ","  13,595,186.15 ",21630,04,30,0430
M6004540,6004540,วีอาร์ โฟรเซน บจก.,FOOD-MERCHANDISE,2023,"  1,027,662.16 ","  960,432.42 ",21790,05,70,0570
M6004548,6004548,อาร์ต ออฟ เบคกิ้ง บจก.,FOOD-MERCHANDISE,2023,"  7,080,272.23 ","  6,617,076.74 ",21750,05,50,0550
M6004559,6004559,อรภัทร ฟู้ด บจก. (โดนใจ),FOOD-MERCHANDISE,2023,"  272,378.70 ","  254,559.54 ",21620,04,20,0420
M6004571,6004571,พิมรี่ รีเทล บจก. (Credit),FOOD-MERCHANDISE,2023,"  1,516,865.20 ","  1,417,631.04 ",21620,04,20,0420
M6004573,6004573,แซนด์-เอ็ม โกลบอล บจก. (Remit M6004023),FOOD-MERCHANDISE,2023,"  3,290,724.71 ","  2,071,928.06 ",21840,06,20,0620
M6004575,6004575,วันทูเทรดดิ้ง บจก. (Remit M6001888),FOOD-MERCHANDISE,2023,"  2,518,364.00 ","  1,951,235.44 ",21631,04,31,0431
M6004630,6004630,ผลิตน้ำแข็งไทยขนส่ง บจก. (TLKK),FOOD-MERCHANDISE,2023,"  16,119.55 ","  15,065.00 ",33421,00,0,00000
M6004637,6004637,พนาพัฒน์ คอมเมอร์เชียล บจก.,FOOD-MERCHANDISE,2023,"  6,300,338.51 ","  5,681,779.31 ",21840,06,20,0620
M6004651,6004651,ล็อกซเล่ย์ เทรดดิ้ง บจก. (LEE KUM KEE),FOOD-MERCHANDISE,2023,"  6,237.68 ","  5,829.60 ",21631,04,31,0431
M6004652,6004652,โกรวี่ ฟู้ด บจก.,FOOD-MERCHANDISE,2023,"  225,709.81 ","  210,943.74 ",21640,04,40,0440
M6004654,6004654,แจ่วฮ้อนยกซด หจก. (SME),FOOD-MERCHANDISE,2023,"  103,105.20 ","  96,360.00 ",21632,04,32,0432
M6004656,6004656,ข้าวมาบุญครอง บจก.,FOOD-MERCHANDISE,2023,"  58,298,646.54 ","  58,239,758.99 ",21630,04,30,0430
M6004669,6004669,บ้านป้อเจ้า บจก. (SME),FOOD-MERCHANDISE,2023,"  521,153.79 ","  487,059.60 ",21762,05,62,0562
M6004685,6004685,เอส พี เอ็นเตอร์ไพร์สอินเตอร์เนชันแนล บจก. (SME),FOOD-MERCHANDISE,2023,"  502,127.46 ","  469,278.00 ",21762,05,62,0562
M6004236,6004236,ชาครียะ บจก.,FOOD-MERCHANDISE,2023,"  756,311.42 ","  706,833.08 ",21620,04,20,0420
M6004253,6004253,ทู คอนซูเมอร์ บจก.,FOOD-MERCHANDISE,2023,"  708,746.22 ","  664,314.78 ",21790,05,70,0570
M6004286,6004286,หลงเซิ่ง เทรดดิ้ง บจก.,FOOD-MERCHANDISE,2023,"  101,352,138.82 ","  101,352,138.82 ",21730,05,30,0530
M6004290,6004290,เบสท์ แอนด์ บิลเลี่ยน บิวตี้ บจก.,FOOD-MERCHANDISE,2023,"  11,948,559.74 ","  11,166,878.27 ",21661,04,61,0461
M6004294,6004294,เกรทเอ็มเพอร์เร่อร์ฟู้ดส์ บจก. (ลด back margin),FOOD-MERCHANDISE,2023,"  5,330,914.26 ","  5,209,300.00 ",21790,05,70,0570
M6004304,6004304,ยันฮี วิตามิน วอเตอร์ บจก.,FOOD-MERCHANDISE,2023,"  3,518,937.76 ","  1,415,444.77 ",21840,06,20,0620
M6004314,6004314,เจ แอนด์ วี ไอศกรีม บจก.,FOOD-MERCHANDISE,2023,"  327,528.71 ","  331,529.77 ",21790,05,70,0570
M6004338,6004338,รอยัล แคนเดิ้ล บจก.,FOOD-MERCHANDISE,2023,"  621,289.28 ","  580,644.19 ",21750,05,50,0550
M6004344,6004344,ราชสีมา พี. ดี. ซี. บจก.,FOOD-MERCHANDISE,2023,"  2,483,151.71 ","  2,320,702.56 ",21610,04,10,0410
M6004348,6004348,ริเวอร์โปร อินเตอร์เทรด บจก.,FOOD-MERCHANDISE,2023,"  8,442,168.18 ",  -   ,21630,04,30,0430
M6004351,6004351,นิปปุ่น ฟู้ดส์ คอร์ปอเรชั่น (ประเทศไทย) บจก.,FOOD-MERCHANDISE,2023,"  859,317.65 ","  803,100.60 ",21750,05,50,0550
M6004355,6004355,เคเอส โกลเด้น บจก. (Credit),FOOD-MERCHANDISE,2023,"  19,096,373.01 ","  2,579,850.12 ",21850,06,30,0630
M6004381,6004381,ยูซีซี เคทู บจก.,FOOD-MERCHANDISE,2023,"  146,689.43 ","  137,092.92 ",21701,00,0,00000
M6004691,6004691,คิงส์แพ็ค อินดัสเตรียล บจก. FF (New),FOOD-MERCHANDISE,2023,"  4,969,401.00 ","  4,912,905.00 ",21720,05,20,0520
M6004691,6004691,คิงส์แพ็ค อินดัสเตรียล บจก. FF (New),FOOD-MERCHANDISE,2023,"  66,930.64 ","  62,552.00 ",21840,06,20,0620
M6004704,6004704,ซีทีพี ดิสทริบิวเตอร์  บจก.,FOOD-MERCHANDISE,2023,"  794,900.00 ","  742,897.29 ",21790,05,70,0570
M6004716,6004716,ง่วนสูน พริกไทยและเครื่องเทศ บจก.,FOOD-MERCHANDISE,2023,"  414,780.60 ","  350,340.00 ",21631,04,31,0431
M6004723,6004723,อรรถพงษ์ วีระแพทย์ (TLKK),FOOD-MERCHANDISE,2023,  385.00 ,  385.00 ,26100,00,0,00000
M6004742,6004742,โซรอน ไบโอเทคโนโลยี (ประเทศไทย) บจก.,FOOD-MERCHANDISE,2023,"  19,514,025.53 ","  19,514,025.53 ",21730,05,30,0530
M6004743,6004743,โอเชี่ยน คลีน ซัพพลาย บจก. (โดนใจ),FOOD-MERCHANDISE,2023,"  22,053.98 ","  11,424.00 ",21670,04,70,0470
M6004746,6004746,เพาเวอร์โอฬาร บจก. (โดนใจ),FOOD-MERCHANDISE,2023,"  343,170.27 ","  303,029.64 ",21670,04,70,0470
M6004759,6004759,ซีพีเอฟ โกลบอล ฟู้ด โซลูชั่น บมจ. (แทนM6004299),FOOD-MERCHANDISE,2023,"  870,631.63 ","  813,674.40 ",21610,04,10,0410
M6004764,6004764,คิงสเตลล่า กรุ๊ป บจก. (แทน M4002176),FOOD-MERCHANDISE,2023,  (840.08),  (785.12),21840,06,20,0620
M7100095,7100095,วินเนอร์ทีม บจก.,BAS CONSOL,2023,"  32,301,743.78 ","  30,188,545.54 ",21250,03,50,0350
M7100100,7100100,พักตรกมล หจก.,BAS CONSOL,2023,"  37,704.74 ","  35,238.08 ",21212,03,12,0312
M7100125,7100125,เอสเคจี อีเล็คทริค กรุ๊ป(ประเทศไทย) บจก.,BAS CONSOL,2023,"  58,688,591.84 ","  54,849,151.21 ",21520,01,20,0120
M7100241,7100241,จินตนา อินเตอร์เทรด บจก. BAS (สินค้าปกติ),BAS CONSOL,2023,"  40,052,114.86 ","  37,431,883.00 ",21210,03,10,0310
M7100241,7100241,จินตนา อินเตอร์เทรด บจก. BAS (สินค้าปกติ),BAS CONSOL,2023,"  2,937,541.53 ","  2,745,365.92 ",21213,03,14,0314
M7100345,7100345,อมรินทร์ บุ๊ค เซ็นเตอร์ บจก. (BAS),BAS CONSOL,2023,"  1,712,544.21 ","  1,712,544.21 ",21350,02,50,0250
M7001283,7001283,เพชรสยาม (ประเทศไทย) บจก.,NONFOOD-MERCHANDISE,2023,"  150,342,559.23 ","  140,448,762.67 ",21310,02,10,0210
M7001287,7001287,เลิศวัฒนาหิรัญ บจก.,NONFOOD-MERCHANDISE,2023,"  3,657,436.52 ","  3,418,164.97 ",21220,03,20,0320
M7001290,7001290,โรงงานชาลีเซรามิกส์ (กระเป๋า),NONFOOD-MERCHANDISE,2023,"  8,608.15 ","  8,045.00 ",21212,03,12,0312
M7001292,7001292,อีฟ ไลท์ติ้ง บจก.,NONFOOD-MERCHANDISE,2023,"  5,589,044.71 ","  5,223,406.12 ",21340,02,40,0240
M7001293,7001293,แอลฟาคิด บจก.,NONFOOD-MERCHANDISE,2023,  (675.00),  (630.84),21330,02,30,0230
M7001349,7001349,ทอพัชร์ หจก.,NONFOOD-MERCHANDISE,2023,"  1,215,694.41 ","  1,035,720.00 ",21310,02,10,0210
M6004395,6004395,วีระศักดิ์ เศวตกมล (TLKK),FOOD-MERCHANDISE,2023,"  69,870.00 ","  69,870.00 ",26100,00,0,00000
M6004396,6004396,จานิฟ ฟู้ด แอนด์ เบฟเวอเรจ บจก. (TLKK),FOOD-MERCHANDISE,2023,"  27,873.50 ","  26,050.00 ",33420,00,0,00000
M6004403,6004403,บุญภิญโญ บจก.,FOOD-MERCHANDISE,2023,"  14,279,316.34 ","  13,345,155.44 ",21660,04,60,0460
M6004404,6004404,โทฟู สกินแคร์ บจก.,FOOD-MERCHANDISE,2023,"  1,569,640.31 ","  1,504,803.36 ",21850,06,30,0630
M6004419,6004419,คิง เฟรช ฟาร์ม บจก. (Mini),FOOD-MERCHANDISE,2023,"  5,886,941.00 ","  5,938,778.36 ",21730,05,30,0530
M6004457,6004457,โฮมเฟรช อินเตอร์เนชั่นแนล เทรดดิ้ง บจก.,FOOD-MERCHANDISE,2023,"  1,083,507.30 ","  1,067,041.29 ",21620,04,20,0420
M7100379,7100379,ไดอาน่า มาร์เก็ตติ้ง บจก.,BAS CONSOL,2023,"  7,202,219.08 ","  6,718,863.27 ",21210,03,10,0310
M7100379,7100379,ไดอาน่า มาร์เก็ตติ้ง บจก.,BAS CONSOL,2023,"  417,411.21 ","  357,899.74 ",21213,03,14,0314
M7100431,7100431,ทีจี เซลลูล่าร์เวิลด์ บจก. (BAS),BAS CONSOL,2023,"  26,751.60 ","  15,467.74 ",21510,01,10,0110
M7100436,7100436,กิฟท์แลนด์ บจก. (BAS),BAS CONSOL,2023,"  1,119,925.57 ","  1,046,659.41 ",21350,02,50,0250
M7100540,7100540,เพนส์ มาร์เก็ตติ้ง แอนด์ ดิสทริบิวชั่น บจก. (SL),BAS CONSOL,2023,"  44,204,673.48 ","  41,312,778.96 ",21210,03,10,0310
M7100540,7100540,เพนส์ มาร์เก็ตติ้ง แอนด์ ดิสทริบิวชั่น บจก. (SL),BAS CONSOL,2023,"  3,480,695.13 ","  3,252,986.11 ",21213,03,14,0314
M7100556,7100556,สื่อเดินทาง บจก.,BAS CONSOL,2023,"  148,550.29 ",  -   ,21360,02,60,0260
M7100559,7100559,วันฤดี รังสินธุรัตน์,BAS CONSOL,2023,"  2,252,150.86 ","  2,252,150.86 ",21210,03,10,0310
M7100567,7100567,อินโฟร์ เวิลด์ มีเดีย บจก.,BAS CONSOL,2023, NULL ,  84.00 ,21350,02,50,0250
M6300321,6300321,นูทริกซ์ บมจ.,FOOD-MERCHANDISE,2023,"  4,279,627.67 ","  4,279,627.67 ",21680,04,80,0480
M7000490,7000490,ไทยแสตนดาร์ดสินค้า บจก.,NONFOOD-MERCHANDISE,2023,"  1,169,531.40 ","  1,093,020.00 ",21350,02,50,0250
M7000502,7000502,โมวาด้า บจก.,NONFOOD-MERCHANDISE,2023,"  7,064,812.38 ","  6,598,267.34 ",21560,01,60,0160
M7000510,7000510,เอส แอนด์ จี ดีไซน์กรุ๊ป บจก.,NONFOOD-MERCHANDISE,2023,"  29,596.20 ","  27,660.00 ",21222,03,22,0322
M7000543,7000543,เอส.ที.ทวิน บจก.,NONFOOD-MERCHANDISE,2023,"  38,471,852.14 ","  35,955,002.00 ",21210,03,10,0310
M7000574,7000574,เพ็นคอมพ์ บจก.,NONFOOD-MERCHANDISE,2023,"  1,239,100.59 ","  1,158,037.97 ",21350,02,50,0250
M7000598,7000598,ซินเน็ค (ประเทศไทย)  บมจ.,NONFOOD-MERCHANDISE,2023,"  52,386,912.77 ","  48,959,731.43 ",21560,01,60,0160
M7000605,7000605,บิ๊กสตาร์ บจก.,NONFOOD-MERCHANDISE,2023,"  91,278,173.04 ","  85,306,703.72 ",21250,03,50,0350
M7000671,7000671,วัฒนาสุข อินเตอร์เนชั่นแนล บจก.,NONFOOD-MERCHANDISE,2023,"  63,005.75 ","  58,883.87 ",21340,02,40,0240
M7001253,7001253,ฟิลิปส์ (ประเทศไทย) บจก.,NONFOOD-MERCHANDISE,2023,"  36,748,576.31 ","  34,344,463.87 ",21510,01,10,0110
M7001254,7001254,ไพโอเนีย เฟอร์นิเจอร์ บจก. (HOL),NONFOOD-MERCHANDISE,2023,"  30,901.60 ","  28,880.00 ",21320,02,20,0220
M7001264,7001264,เค ซี ซี พี 2011 กรุ๊ป บจก. (HO),NONFOOD-MERCHANDISE,2023,"  4,044,095.23 ","  3,779,238.87 ",21310,02,10,0210
M7001283,7001283,เพชรสยาม (ประเทศไทย) บจก.,NONFOOD-MERCHANDISE,2023,  -   ,  -   ,21350,02,50,0250
M6004790,6004790,สารัชมาร์เก็ตติ้ง บจก. DRY FOOD (SME),FOOD-MERCHANDISE,2023,"  372,003.43 ","  347,666.77 ",21622,04,22,0422
M6004798,6004798,เตียงเฮง (ประเทศไทย) บจก.,FOOD-MERCHANDISE,2023,"  1,779,362.00 ","  1,782,815.00 ",21760,05,60,0560
M6004824,6004824,เบอร์ลี่ ยุคเกอร์ ฟู้ดส์ บจก. (ABT),ASSOCIATE - ICP,2023, NULL ,  -   ,21620,04,20,0420
M6004859,6004859,ลิ้มจิงเฮียง ฟู้ดส์ บจก. (ABT),FOOD-MERCHANDISE,2023,"  2,012,691.40 ","  394,800.00 ",21750,05,50,0550
M6004860,6004860,ลิตเติ้ลฟาร์ม โกลเบิล บจก. (ABT),FOOD-MERCHANDISE,2023,"  500,165.08 ","  463,088.00 ",21760,05,60,0560
M6004870,6004870,โนโวไลฟ์ บจก. (ABT),FOOD-MERCHANDISE,2023,"  4,131,126.96 ","  1,054,244.16 ",21660,04,60,0460
M6004930,6004930,คิง มารีน ฟู้ดส์ บจก. (TLKK),FOOD-MERCHANDISE,2023,"  70,840.06 ","  67,215.60 ",33422,00,0,00000
M6004934,6004934,วิทยา ดีประเสริฐ (TLKK),FOOD-MERCHANDISE,2023,"  2,400.00 ","  2,400.00 ",33421,00,0,00000
M6004938,6004938,นีโอ คอร์ปอเรท บมจ. (แทนM7000577),FOOD-MERCHANDISE,2023,"  14,058,691.33 ","  13,083,819.00 ",21670,04,70,0470
M6004939,6004939,นีโอ คอร์ปอเรท บมจ. (แทนM2600938),FOOD-MERCHANDISE,2023,"  9,607,819.52 ","  2,199,833.85 ",21672,04,72,0472
M6004469,6004469,ศิริฉัตรพานิช บจก.,FOOD-MERCHANDISE,2023,"  707,436.93 ","  661,156.02 ",21850,06,30,0630
M6004471,6004471,พีเจริญพลัส บจก. (SME),FOOD-MERCHANDISE,2023,"  1,260,583.15 ","  1,178,115.09 ",21630,04,30,0430
M6004478,6004478,สหพัฒนพิบูล บมจ. (โทฟุซัง),FOOD-MERCHANDISE,2023,"  3,836,044.11 ","  3,752,328.00 ",21640,04,40,0440
M6004485,6004485,ห้างขายยาตราเสือดาว บจก.,FOOD-MERCHANDISE,2023,"  222,994.60 ","  32,837.76 ",21860,06,40,0640
M6004512,6004512,บิ๊ก แบล็ค บ๊อก บจก. (สารกาแฟโรบัสต้า) Wawee,FOOD-MERCHANDISE,2023,"  284,527.59 ","  284,527.59 ",21701,00,0,00000
M6004513,6004513,ปัณธารา บจก.,FOOD-MERCHANDISE,2023,"  1,180,984.00 ","  1,180,984.00 ",21730,05,30,0530
M6004514,6004514,บุญรอด เทรดดิ้ง บจก. (White),FOOD-MERCHANDISE,2023,"  7,213,827.98 ","  6,741,895.30 ",21650,04,50,0450
M6004529,6004529,ฮูทามากิ (ประเทศไทย) บจก. (แก้วกาแฟ),FOOD-MERCHANDISE,2023,"  488,046.26 ","  456,118.00 ",21701,00,0,00000
M6004532,6004532,พีเอ็ม 80 บจก.,FOOD-MERCHANDISE,2023,"  311,947.54 ","  291,539.73 ",21640,04,40,0440
M7100599,7100599,เป็นต่อโฮลดิ้ง บจก.,BAS CONSOL,2023, NULL ,  652.96 ,21350,02,50,0250
M7100625,7100625,กังวานสิน บจก.,BAS CONSOL,2023,"  1,598,177.17 ","  1,493,623.53 ",21220,03,20,0320
M7100670,7100670,มาเจสทิค ไนน์ บจก.,BAS CONSOL,2023,"  6,324.51 ","  5,910.75 ",21210,03,10,0310
M7100670,7100670,มาเจสทิค ไนน์ บจก.,BAS CONSOL,2023,"  35,961.79 ","  33,609.16 ",21220,03,20,0320
M7100677,7100677,คูเปอร์ (ไทยแลนด์) บจก.,BAS CONSOL,2023,  627.91 ,  586.83 ,21220,03,20,0320
M7100682,7100682,ไทย อินฟา เทรดดิ้ง บจก. (BAS),BAS CONSOL,2023,"  4,381,567.38 ","  4,094,922.80 ",21220,03,20,0320
M7100695,7100695,ซีร่า สวิมแวร์ บจก.,BAS CONSOL,2023,"  2,832,852.02 ","  2,647,525.24 ",21220,03,20,0320
M7100707,7100707,สยามอินเตอร์แฟชั่น บจก.,BAS CONSOL,2023,"  13,141.64 ",  753.13 ,21222,03,22,0322
M6004964,6004964,สยามบุศรัชญ์ บจก. (ABT),FOOD-MERCHANDISE,2023,"  392,085.32 ","  366,434.88 ",21760,05,60,0560
M6004971,6004971,มีไทยฟู๊ด บจก. (ABT),FOOD-MERCHANDISE,2023,"  159,545.99 ","  149,108.40 ",21760,05,60,0560
M6004979,6004979,จีพีวาย กรุ๊ป บจก. ABT (SME),FOOD-MERCHANDISE,2023,"  157,128.86 ","  146,849.40 ",21762,05,62,0562
M6005014,6005014,นามุ ไลฟ์ พลัส บจก. (แทนM6001814),FOOD-MERCHANDISE,2023,"  8,332,216.71 ","  7,787,118.42 ",21660,04,60,0460
M6005023,6005023,ทริลเลียน อินเตอร์กรุ๊ป บจก. (แทนM6003284),FOOD-MERCHANDISE,2023,"  1,060,670.00 ","  1,060,670.00 ",21610,04,10,0410
M7100727,7100727,วอริกซ์ สปอร์ต บมจ.,BAS CONSOL,2023,  88.50 ,  82.71 ,21212,03,12,0312
M7100780,7100780,โรงงานฟุตบอลล์ไทย สปอร์ตติ้ง กู๊ดส์ บจก. (SL),BAS CONSOL,2023,"  247,927.05 ","  231,707.54 ",21210,03,10,0310
M7100784,7100784,รอซโซ่ บจก. (BAS),BAS CONSOL,2023,"  17,903,557.39 ","  16,739,725.36 ",21220,03,20,0320
M7100785,7100785,ซากูระ อินดัสทรี บจก. (BAS),BAS CONSOL,2023,"  135,071.38 ","  126,234.93 ",21320,02,20,0220
M7100814,7100814,อริส แฟนตาซี บจก.,BAS CONSOL,2023,"  419,417.73 ","  391,979.18 ",21350,02,50,0250
M7100825,7100825,ดาต้า เพาเวอร์ บจก. (BAS),BAS CONSOL,2023,"  2,132,431.44 ","  1,992,926.62 ",21340,02,40,0240
M7100835,7100835,โกลด์สตาร์ เทรดดิ้ง บจก. (BAS),BAS CONSOL,2023,"  940,206.49 ","  878,697.66 ",21212,03,12,0312
M7100839,7100839,กิติธัญ บจก. (HOL) BAS,BAS CONSOL,2023,"  167,506.07 ","  156,547.74 ",21340,02,40,0240
M7300165,7300165,สแตนดาร์ด แมนูแฟคเจอริ่ง บจก. (M7300165),NONFOOD-MERCHANDISE,2023,"  4,941,847.47 ","  4,618,549.02 ",21340,02,40,0240
M7300187,7300187,แพน อะเพซ บจก.,NONFOOD-MERCHANDISE,2023,"  1,205,984.16 ","  1,127,088.00 ",21340,02,40,0240
M7300299,7300299,ซี.เอ.เอส.เปเปอร์ บจก.,NONFOOD-MERCHANDISE,2023,"  673,823.94 ","  629,742.00 ",21350,02,50,0250
M7300376,7300376,ยู.พี.เอ.เอ็นเทอร์ไพรซ บจก.,NONFOOD-MERCHANDISE,2023,"  17,098.60 ","  15,980.00 ",21340,02,40,0240
M7300673,7300673,ณมน มาร์เกตติ้ง บจก. (PLM),NONFOOD-MERCHANDISE,2023,"  571,218.44 ","  57,252.91 ",21310,02,10,0210
M7300714,7300714,YONGKANG K-STAR IMP AND EXP CORP,OVERSEAS,2023,"  16,762,816.68 ","  16,762,816.68 ",21310,02,10,0210
M7300751,7300751,EXTENC (DF),OVERSEAS,2023,"  14,307,447.87 ","  4,484,848.63 ",21630,04,30,0430
M6100310,6100310,โสมนัส จิตรเกิด,BAS CONSOL,2023,"  1,509,249.24 ","  1,509,249.24 ",21730,05,30,0530
M7000700,7000700,เชี่ยวชาญ ผลิตภัณฑ์ บจก.,NONFOOD-MERCHANDISE,2023,"  6,580,751.59 ","  6,155,332.12 ",21310,02,10,0210
M7000702,7000702,ทรี บอนด์ วีไอวี เซลส์ (ประเทศไทย) บจก.,NONFOOD-MERCHANDISE,2023,"  1,403,420.29 ","  1,311,607.80 ",21340,02,40,0240
M7000719,7000719,อีสต์โคสท์เฟอร์นิเทค บมจ.,NONFOOD-MERCHANDISE,2023,"  16,518,316.23 ","  15,620,703.10 ",21320,02,20,0220
M7000736,7000736,พี.เอส.ซี มาร์เก็ตติ้ง 2009,NONFOOD-MERCHANDISE,2023,  -   ,  -   ,21360,02,60,0260
M7000746,7000746,สุริยงค์เทรดดิ้ง หจก. (เป่าลม),NONFOOD-MERCHANDISE,2023,"  8,825,063.25 ","  8,247,722.61 ",21330,02,30,0230
M7000781,7000781,โรงงานไทยแลนด์นิตติ้ง บจก.,NONFOOD-MERCHANDISE,2023,"  320,731.18 ","  299,748.78 ",21222,03,22,0322
M7000791,7000791,คราวน์ สปอร์ต อินเตอร์เนชั่นแนล บจก.,NONFOOD-MERCHANDISE,2023,"  3,757,240.80 ","  3,511,440.00 ",21220,03,20,0320
M7300800,7300800,"ZHEJIANG GINT VACUUM FLASK TECHNOLOGY CO.,LTD",OVERSEAS,2023,"  9,255,362.92 ","  9,255,362.92 ",21310,02,10,0210
M7300834,7300834,COSTA D'ORO SPA,OVERSEAS,2023,"  1,526,229.99 ","  1,526,229.99 ",21630,04,30,0430
M7300847,7300847,"ZHEJIANG ANDONG ELECTRONICS TECHNOLOGY CO.,LTD",OVERSEAS,2023,"  1,040,977.11 ","  1,040,977.11 ",21510,01,10,0110
M7300861,7300861,"FUZHOU SUNNY BAINA ENTERPRISE CO.,LTD",OVERSEAS,2023,"  1,038,054.94 ","  1,038,054.94 ",21330,02,30,0230
M7400187,7400187,เค.พี.กมลกิจ อินเตอร์เทรด บจก. (B2B),NONFOOD-HORECA/WHOLESALE,2023,"  150,742.64 ","  150,742.64 ",21560,01,60,0160
M6100629,6100629,ณฐอร คีรีแลง,BAS CONSOL,2023, NULL ,  44.00 ,21730,05,30,0530
M6100778,6100778,ธรรมชาติ ซีฟู้ด รีเทล บจก.,BAS CONSOL,2023,"  87,710,082.94 ","  85,691,937.41 ",21720,05,20,0520
M6100784,6100784,แนชเชอรัล แอนด์ พรีเมี่ยม ฟู๊ด บจก. (M6100784),BAS CONSOL,2023,"  1,300,936.23 ","  1,286,431.80 ",21760,05,60,0560
M6100794,6100794,อำภา โพธิ์ทรง,BAS CONSOL,2023,"  39,596,599.55 ","  39,596,996.75 ",21730,05,30,0530
M6100887,6100887,เบญจวรรณ จิตรตรง,BAS CONSOL,2023,"  5,921,799.22 ","  5,921,799.22 ",21760,05,60,0560
M6100914,6100914,กนกวรรณ โปรดักส์ หจก.,BAS CONSOL,2023,"  1,758,672.86 ","  1,651,078.44 ",21730,05,30,0530
M6100932,6100932,ดวง ฝอดสูงเนิน,BAS CONSOL,2023,"  68,469.41 ","  68,805.41 ",21730,05,30,0530
M6100941,6100941,นารีนาถ หุ้มกระโทก (BAS),BAS CONSOL,2023,"  196,963.88 ","  196,963.88 ",21740,05,40,0540
M6100978,6100978,ทรอปิคานา ออยล์ บจก.,BAS CONSOL,2023,"  3,380,790.18 ","  3,159,616.98 ",21850,06,30,0630
M7601046,7601046,ซันเปเปอร์ แพคเกจจิ้ง 59 บจก. (BCFS),NONFOOD-MERCHANDISE,2023,"  166,610.07 ",  -   ,21360,02,60,0260
M7601047,7601047,ลาวัณย์วิสุทธิ์พลาสติกไทย บจก. (BCFS),NONFOOD-MERCHANDISE,2023,"  772,496.12 ","  721,958.99 ",21310,02,10,0210
M7601049,7601049,ดนุเดช อุตสาหกรรม บจก. (BCFS),NONFOOD-MERCHANDISE,2023,"  855,505.67 ","  799,537.99 ",21310,02,10,0210
M7601050,7601050,ไทยอุตสาหกรรมพลาสติก (1994) บมจ. (BCFS),NONFOOD-MERCHANDISE,2023,"  555,851.93 ","  577,687.76 ",21310,02,10,0210
M7601051,7601051,ทานตะวันอุตสาหกรรม บมจ. (BCFS),NONFOOD-MERCHANDISE,2023,"  151,571.87 ","  141,656.00 ",21310,02,10,0210
M7601063,7601063,โครโนเบลซ บจก. BCFS (SME),NONFOOD-MERCHANDISE,2023,"  83,671.86 ",  -   ,21360,02,60,0260
M8000769,8000769,พี.พี.แพค เกจจิ้ง บจก.,FOOD-MERCHANDISE,2023,"  9,800,930.00 ","  9,800,930.00 ",21710,05,10,0510
M8009130,8009130,อำนาจ ชัยวงศ์เวช,NON-MERCHANDISE,2023,"  21,670.00 ","  21,670.00 ",21701,00,0,00000
M8011046,8011046,คิง เพาเวอร์ สุวรรณภูมิ บจก.,NON-MERCHANDISE,2023,"  17,287.92 ","  16,315.83 ",21701,00,0,00000
M8011803,8011803,โรงน้ำแข็งรัตนโกสินทร์ บจก.,NON-MERCHANDISE,2023,"  92,535.00 ","  86,481.33 ",21701,00,0,00000
M8013570,8013570,น้ำแข็งชินคุณ,NON-MERCHANDISE,2023,"  61,545.00 ","  61,545.00 ",21701,00,0,00000
M6101034,6101034,เณริณ อิมพอร์ต ฟรุต หจก.,BAS CONSOL,2023, NULL ,  743.41 ,21730,05,30,0530
M6101126,6101126,พิชชาพร พันธ์นัดที,BAS CONSOL,2023,"  7,222,111.22 ","  7,222,111.22 ",21730,05,30,0530
M6101132,6101132,วิราวรรณ เตี่ยวประดิษฐ์,BAS CONSOL,2023,"  1,156,124.33 ","  1,156,124.33 ",21760,05,60,0560
M6101184,6101184,เคซีจี คอร์ปอเรชั่น บมจ. (BAS),BAS CONSOL,2023,"  18,216,734.90 ","  17,024,985.89 ",21760,05,60,0560
M6101278,6101278,ศศิมา ดวงเต็ม,BAS CONSOL,2023, NULL ,"  1,572.23 ",21730,05,30,0530
M6101289,6101289,นิภา ทิพย์ศรี,BAS CONSOL,2023,"  30,366.93 ","  30,366.93 ",21730,05,30,0530
M6101299,6101299,กู๊ด ฟู้ด เอ็กซ์พอร์ท แอนด์ อิมพอร์ท บจก.,BAS CONSOL,2023,"  494,826.04 ","  462,454.24 ",21790,05,70,0570
M6101325,6101325,อินได หจก.,BAS CONSOL,2023,"  1,259,607.09 ","  1,259,607.09 ",21730,05,30,0530
M6101412,6101412,บัณฑูร กอบัว,BAS CONSOL,2023,"  12,969.00 ","  12,969.00 ",21740,05,40,0540
M6101428,6101428,อภสร ศรีโพธิ์กลาง,BAS CONSOL,2023,"  9,642,835.09 ","  9,642,835.09 ",21720,05,20,0520
M6101440,6101440,ประภาพร ปัญญาปรุ,BAS CONSOL,2023, NULL ,  66.73 ,21740,05,40,0540
M6101491,6101491,อุดร ศิริพันธุ์,BAS CONSOL,2023,"  19,236,002.46 ","  19,236,002.46 ",21760,05,60,0560
M6101573,6101573,วิสาหกิจชุมชนกลุ่มแม่บ้านโป่งกระทิง,BAS CONSOL,2023,"  11,524.20 ","  11,524.20 ",21730,05,30,0530
M7001349,7001349,ทอพัชร์ หจก.,NONFOOD-MERCHANDISE,2023,"  17,933,373.50 ","  16,897,117.15 ",21320,02,20,0220
M7001382,7001382,ซีเอสพีซี พลาสเทคอินดัสเทรียล บจก.,NONFOOD-MERCHANDISE,2023,"  291,853.20 ","  272,760.00 ",21310,02,10,0210
M7001388,7001388,เจริญสมประสงค์ บจก. (HOL),NONFOOD-MERCHANDISE,2023,"  616,223.70 ","  575,910.00 ",21320,02,20,0220
M7001419,7001419,เจริญภัณฑ์ มาร์เก็ตติ้ง บจก.,NONFOOD-MERCHANDISE,2023,"  276,427.41 ","  258,343.40 ",21350,02,50,0250
M7001432,7001432,คลีโอ เนเชอรัล กรุ๊ป บจก. (แอร์เคลื่อนที่),NONFOOD-MERCHANDISE,2023,"  92,100,328.32 ","  86,200,259.20 ",21510,01,10,0110
M7001439,7001439,วาวา การ์เมนท์  บจก.,NONFOOD-MERCHANDISE,2023,"  6,126,495.79 ","  5,725,697.00 ",21220,03,20,0320
M6004569,6004569,ชบาบางกอก บจก.,FOOD-MERCHANDISE,2023,"  27,491,462.31 ","  25,307,035.47 ",21640,04,40,0440
M6004581,6004581,ไทยยูเนี่ยน กรุ๊ป บมจ. (FF),FOOD-MERCHANDISE,2023,"  50,273.11 ","  42,786.10 ",21720,05,20,0520
M6004589,6004589,โนเบิล มาร์เก็ตติ้ง บจก. (DF),FOOD-MERCHANDISE,2023,"  460,118.26 ","  430,017.12 ",21650,04,50,0450
M6004608,6004608,แซนด์-เอ็ม โกลบอล บจก. (Remit M6004140),FOOD-MERCHANDISE,2023,"  5,135,438.16 ","  4,799,474.89 ",21610,04,10,0410
M6004615,6004615,ดีเคเอสเอช (ประเทศไทย) บจก. (Stada),FOOD-MERCHANDISE,2023,"  87,023.14 ","  (24,434.96)",21850,06,30,0630
M6004619,6004619,วีพีพี โปรเกรสซิฟ บจก. (TCT),TOWN CENTER,2023,"  4,189,107.78 ","  3,915,054.00 ",33032,09,,09
M6004638,6004638,พรทวีลาภ (TLKK),FOOD-MERCHANDISE,2023,"  6,380.00 ","  6,380.00 ",26100,00,0,00000
M6101611,6101611,ประลอง พรหมศร,BAS CONSOL,2023,"  1,558,526.98 ","  1,558,526.98 ",21720,05,20,0520
M6101641,6101641,ทองดี พานทอง,BAS CONSOL,2023, NULL ,  240.60 ,21730,05,30,0530
M6101686,6101686,เจ.เจ. ฟรุ๊ต บจก.,BAS CONSOL,2023, NULL ,"  1,770.33 ",21730,05,30,0530
M6101753,6101753,กฤษณา กำศิริพิมาน,BAS CONSOL,2023,"  1,148.16 ","  1,148.16 ",21760,05,60,0560
M6101783,6101783,นูทริชั่น โปรเฟส บจก.,BAS CONSOL,2023,"  2,803,217.08 ","  2,619,829.06 ",21840,06,20,0620
M6101811,6101811,ศุภวัฒ มานะกิจภิญโญ,BAS CONSOL,2023,"  350,889.03 ","  350,889.03 ",21740,05,40,0540
M6101812,6101812,ไพทูรย์ มีลา ครือเกอร์,BAS CONSOL,2023, NULL ,  607.43 ,21750,05,50,0550
M6101829,6101829,เซปติก้า บจก.,BAS CONSOL,2023,"  462,144.12 ","  431,910.38 ",21740,05,40,0540
M7001497,7001497,เอส.ซี.เอส.ฟุตแวร์ บจก. (แทน 7000042),NONFOOD-MERCHANDISE,2023,"  3,733,315.60 ","  3,489,080.00 ",21250,03,50,0350
M7001514,7001514,ซี ทัชพ้อยท์ บจก.,NONFOOD-MERCHANDISE,2023,"  6,317,034.97 ","  5,810,681.00 ",21320,02,20,0220
M7001518,7001518,เลิศวัฒนาหิรัญ บจก. (NO OI),NONFOOD-MERCHANDISE,2023,"  3,537,066.90 ","  3,305,670.00 ",21210,03,10,0310
M7001521,7001521,แสงเทียนชัย (1985) บจก.,NONFOOD-MERCHANDISE,2023,"  1,849,148.32 ","  1,728,176.00 ",21310,02,10,0210
M7001531,7001531,พีที มาร์โก บจก.,NONFOOD-MERCHANDISE,2023,"  56,593.97 ","  52,891.50 ",21310,02,10,0210
M7001537,7001537,เทค ทอยส์ บจก.,NONFOOD-MERCHANDISE,2023,"  5,379,767.40 ","  5,334,160.00 ",21340,02,40,0240
M7001544,7001544,คาโอ อินดัสเตรียล (ประเทศไทย) บจก. (Remit 7001381),NONFOOD-MERCHANDISE,2023,"  6,866,280.79 ","  6,417,084.89 ",21310,02,10,0210
M6101831,6101831,แบม อินโนเวทีฟ บจก.,BAS CONSOL,2023,"  23,080.54 ","  22,082.09 ",21760,05,60,0560
M6101863,6101863,บัณฑิต บุญรอด (Remit 6101559),BAS CONSOL,2023,"  471,696.77 ","  471,696.77 ",21730,05,30,0530
M6101874,6101874,ดับเบิ้ลเบสท์ 999 บจก.,BAS CONSOL,2023, NULL ,  120.03 ,21740,05,40,0540
M6101905,6101905,ล้านเกษตร (ประเทศไทย) บจก.,BAS CONSOL,2023,"  1,150,725.85 ","  1,075,444.74 ",21760,05,60,0560
M6101949,6101949,ประเสริฐ ไพศาล,BAS CONSOL,2023,"  119,090.37 ","  119,090.37 ",21760,05,60,0560
M6101974,6101974,เวชพงศ์โอสถ เทรดดิ้ง บจก.,BAS CONSOL,2023,  308.00 ,  287.85 ,21840,06,20,0620
M6101988,6101988,ลีดเดอร์ ภูเก็ต หจก.,BAS CONSOL,2023,"  773,098.14 ","  772,844.64 ",21661,04,61,0461
M6102000,6102000,ผักดอกเตอร์ 1993 บจก. (BAS),BAS CONSOL,2023,"  9,335,588.39 ","  9,335,588.39 ",21730,05,30,0530
M6102959,6102959,คันนา โกรเซอรีส์ บจก. (BAS),BAS CONSOL,2023,"  60,070.01 ","  57,054.48 ",21760,05,60,0560
M6102960,6102960,คิวเอ็มเอ็ม บจก. (Bas5),BAS CONSOL,2023,"  13,444,514.61 ","  13,444,972.27 ",21710,05,10,0510
M7001598,7001598,ไวร์มาสเตอร์ อินดัสตรี้ (ไทยแลนด์) บจก. (New),NONFOOD-MERCHANDISE,2023,"  877,528.40 ","  820,120.00 ",21320,02,20,0220
M7001599,7001599,กิ่งใบ มาร์เก็ตติ้ง บจก.,NONFOOD-MERCHANDISE,2023,"  14,230,159.73 ","  13,299,214.70 ",21330,02,30,0230
M7001602,7001602,เวอร์ซุนิ (ประเทศไทย) บจก.,NONFOOD-MERCHANDISE,2023,"  66,461,617.89 ","  61,717,101.77 ",21510,01,10,0110
M7001612,7001612,โกลเด้นท์ โมลด์ แมนนูแฟคเจอริ่ง บจก.,NONFOOD-MERCHANDISE,2023,"  7,693,869.49 ","  7,190,532.23 ",21220,03,20,0320
M7001627,7001627,เฟอร์นวู้ด บจก. (SME),NONFOOD-MERCHANDISE,2023,"  6,299,623.93 ","  5,920,557.00 ",21320,02,20,0220
M7001640,7001640,กลัฟ เท็กซ์ บจก. (HOL),NONFOOD-MERCHANDISE,2023,"  264,737.26 ","  247,418.00 ",21340,02,40,0240
M6102982,6102982,ถิด้าเจนต้า บจก.,BAS CONSOL,2023,"  302,050.70 ","  282,290.36 ",21840,06,20,0620
M6102982,6102982,ถิด้าเจนต้า บจก.,BAS CONSOL,2023,"  51,755.66 ","  48,369.77 ",21850,06,30,0630
M6102983,6102983,ศรีสมพร งามตรง (SME),BAS CONSOL,2023,"  181,378.34 ","  181,378.34 ",21740,05,40,0540
M6102989,6102989,วิสาหกิจชุมชนมั่นคง มั่งคั่ง ยั่งยืน (SME),BAS CONSOL,2023,"  71,789.50 ","  72,266.09 ",21630,04,30,0430
M6102991,6102991,สายฝน ชัยวรรณ์ (SME),BAS CONSOL,2023,"  285,652.16 ","  285,652.16 ",21730,05,30,0530
M6102994,6102994,สมบูรณ์ นิลสุวรรณ์ (SME),BAS CONSOL,2023,"  426,649.29 ","  426,649.29 ",21730,05,30,0530
M6103000,6103000,ธวัช เจียรนัยวงศ์ (BAS),BAS CONSOL,2023,"  2,898,091.53 ","  2,898,091.53 ",21730,05,30,0530
M6103040,6103040,สยามส์รอยัล กรุ๊ป บจก.,BAS CONSOL,2023,"  3,977,773.48 ","  3,717,545.34 ",21760,05,60,0560
M6103050,6103050,ฟูดินาร์ บจก. (SME),BAS CONSOL,2023,"  549,390.82 ","  513,449.36 ",21674,04,74,0474
M6103054,6103054,มาเรียม โอเชี่ยน หจก. (SME),BAS CONSOL,2023,"  211,444.10 ","  197,611.31 ",21762,05,62,0562
M6103069,6103069,มารีนเนอร์ กรุ๊ป บจก. (SME),BAS CONSOL,2023,"  50,300.92 ","  47,010.21 ",21622,04,22,0422
M6103086,6103086,ชีวารมณ์ บจก. (SME),BAS CONSOL,2023,"  27,441.63 ","  25,646.38 ",21612,04,12,0412
M6103092,6103092,แอมแซ่บ กรุ๊ป บจก. BAS (SME),BAS CONSOL,2023,"  25,008.70 ","  23,372.62 ",21762,05,62,0562
M7001349,7001349,ทอพัชร์ หจก.,NONFOOD-MERCHANDISE,2023,"  676,236.79 ",  -   ,21360,02,60,0260
M7001360,7001360,สหไทยพัฒนภัณฑ์ บจก. (ถุงเท้า Carson),NONFOOD-MERCHANDISE,2023,"  10,512,817.55 ","  9,825,063.12 ",21110,03,80,0380
M7001390,7001390,ลัลลา โฮม คอร์ปอเรชั่น บจก.,NONFOOD-MERCHANDISE,2023,"  151,143.79 ","  141,255.92 ",21310,02,10,0210
M7001436,7001436,ธนมงคล  หจก.,NONFOOD-MERCHANDISE,2023,"  1,167,840.80 ","  1,091,440.00 ",21220,03,20,0320
M7001440,7001440,สยาม แฟชั่น กร๊าฟ  บจก.,NONFOOD-MERCHANDISE,2023,"  6,867,383.05 ","  6,418,115.00 ",21220,03,20,0320
M7001455,7001455,คิส เน็ตเวิร์ค บจก.,NONFOOD-MERCHANDISE,2023,"  336,637.41 ","  314,614.70 ",21310,02,10,0210
M8014512,8014512,อุตสาหกรรมน้ำแข็งไทย บจก.,NON-MERCHANDISE,2023,"  1,348.20 ","  1,260.00 ",21701,00,0,00000
M8014831,8014831,ท่าอากาศยานไทย บมจ.,NON-MERCHANDISE,2023,"  3,501.17 ","  3,304.31 ",21701,00,0,00000
M8015009,8015009,จำรัส เลิศจรุงลาภ,NON-MERCHANDISE,2023,"  25,200.00 ","  25,200.00 ",21701,00,0,00000
M8016311,8016311,ไกรภพ กิตตะวงค์,NON-MERCHANDISE,2023,"  15,435.00 ","  15,435.00 ",21701,00,0,00000
M6300130,6300130,บอนกาแฟ (ประเทศไทย) บจก. (LP),FOOD-MERCHANDISE,2023,"  17,858,416.84 ","  16,690,109.18 ",21610,04,10,0410
M6300296,6300296,เล้งเฮง อกรีฟู้ดส์ บจก. (LP),FOOD-MERCHANDISE,2023,"  826,688.46 ","  772,606.05 ",21630,04,30,0430
M7001649,7001649,พี.จี.เทรด บจก.,NONFOOD-MERCHANDISE,2023,"  3,095,124.80 ","  2,892,640.00 ",21210,03,10,0310
M7001651,7001651,ไปรษณีย์ไทย บจก. (Credit),NONFOOD-MERCHANDISE,2023,"  (10,986,460.00)","  (10,986,460.00)",21350,02,50,0250
M7001652,7001652,เผ่าภาคิน บจก.,NONFOOD-MERCHANDISE,2023,"  326,658.01 ","  289,314.96 ",21340,02,40,0240
M7001652,7001652,เผ่าภาคิน บจก.,NONFOOD-MERCHANDISE,2023,"  151,470.14 ","  77,694.37 ",21680,04,80,0480
M7001653,7001653,โลตัส แมทเทรส บจก. (Credit),NONFOOD-MERCHANDISE,2023,"  10,559,644.21 ","  9,868,826.36 ",21320,02,20,0220
M7001680,7001680,ไทย อีพีพี โฟม บจก. (แทนM700609),NONFOOD-MERCHANDISE,2023,"  14,263.96 ","  13,330.80 ",21310,02,10,0210
M7100090,7100090,โฮเบิร์ด อุตสาหกรรม บจก.,BAS CONSOL,2023, NULL ,"  1,529.38 ",21250,03,50,0350
M7100095,7100095,วินเนอร์ทีม บจก.,BAS CONSOL,2023,"  400,150.08 ","  373,972.01 ",21210,03,10,0310
M7100121,7100121,แอคชั่น อายแวร์ บจก.,BAS CONSOL,2023,"  551,956.30 ","  515,847.00 ",21220,03,20,0320
M7100137,7100137,โปร-ฮีโร่  (ประเทศไทย)  บจก.,BAS CONSOL,2023,"  160,773.28 ","  150,255.40 ",21212,03,12,0312
M7100186,7100186,เค เอ็น ดี บจก.,BAS CONSOL,2023,"  1,431,797.06 ","  1,338,128.10 ",21340,02,40,0240
M7100227,7100227,เอเจ แอดวานซ์ เทคโนโลยี บมจ. (BAS),BAS CONSOL,2023,"  30,758.01 ","  28,745.80 ",21340,02,40,0240
M7000800,7000800,การ์ตูน แคแร็คเตอร์ บจก.,NONFOOD-MERCHANDISE,2023,"  67,591.90 ","  58,470.00 ",21210,03,10,0310
M7000800,7000800,การ์ตูน แคแร็คเตอร์ บจก.,NONFOOD-MERCHANDISE,2023,"  667,066.59 ","  575,625.00 ",21320,02,20,0220
M7001013,7001013,ลัคกี้ สเตรท บจก. (แก๊สกระป๋อง),NONFOOD-MERCHANDISE,2023,"  11,636.25 ","  9,720.00 ",21510,01,10,0110
M7001024,7001024,โทมิก้า (ประเทศไทย) บจก.,NONFOOD-MERCHANDISE,2023,"  1,570,321.30 ","  1,467,590.00 ",21330,02,30,0230
M7001025,7001025,กันธารียา บจก.,NONFOOD-MERCHANDISE,2023,"  16,942,093.24 ","  15,810,852.00 ",21310,02,10,0210
M7001060,7001060,มาสเตอรี่เทรดดิ้ง บจก.,NONFOOD-MERCHANDISE,2023,"  22,177,513.39 ","  20,744,058.57 ",21330,02,30,0230
M7001082,7001082,ซีเอสเอส พีเอ็น อินเตอร์เนชั่นแนล บจก.,NONFOOD-MERCHANDISE,2023,"  1,375,613.40 ","  1,285,620.00 ",21110,03,80,0380
M7100257,7100257,แกรนด์ไลท์ ดีเวลลอปเม้นท์  บจก.,BAS CONSOL,2023,"  4,116,691.46 ","  3,847,375.21 ",21330,02,30,0230
M7100260,7100260,สุขสวัสดิ์ ฟุตแวร์ บจก.,BAS CONSOL,2023,"  10,667,181.24 ","  9,969,328.21 ",21250,03,50,0350
M7100293,7100293,มาเจซทิค เอ บจก.,BAS CONSOL,2023,"  440,703.91 ","  411,872.80 ",21210,03,10,0310
M7100375,7100375,ม้าน้ำอินเตอร์กรุ๊ป หจก.,BAS CONSOL,2023,"  1,632,613.45 ","  1,525,806.96 ",21210,03,10,0310
M7100399,7100399,เมืองไทยการ์เม้นท์ บจก.,BAS CONSOL,2023,"  488,924.87 ","  456,939.14 ",21110,03,80,0380
M7100427,7100427,อานนท์พัฒนา บจก.,BAS CONSOL,2023, NULL ,"  1,472.87 ",21212,03,12,0312
M7100546,7100546,สยามไดวิ่ง เอ็นเตอร์ไพรส์-เอเซีย แปซิฟิก บจก.,BAS CONSOL,2023,"  546,649.53 ",  -   ,21360,02,60,0260
M7100551,7100551,การ์ดกรุ๊ป (ไทยแลนด์) หจก.,BAS CONSOL,2023,"  568,114.81 ","  530,975.02 ",21350,02,50,0250
M7100576,7100576,ซันสตาร์ ซัพพลาย บจก.,BAS CONSOL,2023,"  317,128.24 ","  296,381.53 ",21220,03,20,0320
M7100583,7100583,วาสิตา น้อยประดิษฐ,BAS CONSOL,2023,"  47,750.94 ","  47,750.94 ",21220,03,20,0320
M7100618,7100618,ไอดีซี พรีเมียร์ บจก.,BAS CONSOL,2023, NULL ,"  2,724.80 ",21350,02,50,0250
M7100619,7100619,บีเอ วัน บจก.,BAS CONSOL,2023,"  3,399.75 ","  3,177.33 ",21210,03,10,0310
M7100619,7100619,บีเอ วัน บจก.,BAS CONSOL,2023,  181.30 ,  169.44 ,21213,03,14,0314
M7100630,7100630,นารา อีโค่ ลาเท็กซ์ บจก.,BAS CONSOL,2023,"  68,715.47 ","  64,220.08 ",21320,02,20,0220
M6004650,6004650,นันดา เทรด บจก. (IMPORT 0420 SWEETED),FOOD-MERCHANDISE,2023,"  246,955.28 ","  229,975.20 ",21630,04,30,0430
M6004657,6004657,เพชรธงชัย เทรดดิ้ง บจก. (TLKK),FOOD-MERCHANDISE,2023,"  7,447.95 ","  6,960.69 ",26100,00,0,00000
M6004658,6004658,จีแอลเค กรุ๊ป บจก.,FOOD-MERCHANDISE,2023,"  817,638.01 ","  764,147.64 ",21660,04,60,0460
M6004662,6004662,ธิติสุดา ลอตระกูล,FOOD-MERCHANDISE,2023,"  3,400.00 ","  3,400.00 ",21790,05,70,0570
M6004666,6004666,แอมแซ่บ กรุ๊ป บจก. (SME),FOOD-MERCHANDISE,2023,"  78,761.00 ","  73,608.36 ",21612,04,12,0412
M6004674,6004674,ปิยะเวท แบทเทิล บจก.,FOOD-MERCHANDISE,2023,"  2,138,502.83 ","  1,998,600.80 ",21640,04,40,0440
M6004679,6004679,แพ็คฟู้ด บมจ. (Frozen),FOOD-MERCHANDISE,2023,"  494,324.68 ","  461,985.72 ",21790,05,70,0570
M6004687,6004687,สปังกี้ ฟู้ด บจก. (SME),FOOD-MERCHANDISE,2023,"  193,004.46 ","  180,378.00 ",21762,05,62,0562
M7100677,7100677,คูเปอร์ (ไทยแลนด์) บจก.,BAS CONSOL,2023,"  1,700,217.70 ","  1,588,988.49 ",21110,03,80,0380
M7100683,7100683,แฮปปี้ กิ๊ฟ กิ๊ฟช็อป บจก.,BAS CONSOL,2023, NULL ,  272.84 ,21330,02,30,0230
M7100683,7100683,แฮปปี้ กิ๊ฟ กิ๊ฟช็อป บจก.,BAS CONSOL,2023, NULL ,"  6,341.45 ",21350,02,50,0250
M7100685,7100685,เมธาวี 2016 บจก.,BAS CONSOL,2023,"  4,258,740.09 ","  3,980,130.93 ",21350,02,50,0250
M7100704,7100704,เอส.ซี. โปรเฟสชั่นแนล เทรดดิ้ง บจก.,BAS CONSOL,2023,"  4,220.24 ","  3,944.15 ",21510,01,10,0110
M7100720,7100720,ซัมมิท ฟุตแวร์ บจก. (BAS),BAS CONSOL,2023,"  4,927,671.43 ","  4,605,300.41 ",21250,03,50,0350
M7100735,7100735,เดอะวัน โคลธธิง บจก.,BAS CONSOL,2023,"  5,667.19 ","  2,018.69 ",21213,03,14,0314
M7100743,7100743,เอชคิว อินเตอร์เทรด บจก.,BAS CONSOL,2023,"  64,117,106.85 ","  59,922,529.79 ",21330,02,30,0230
M7100746,7100746,วีเอส อินเตอร์เทรด (ประเทศไทย) บจก.,BAS CONSOL,2023,"  2,685,614.90 ","  2,509,920.45 ",21350,02,50,0250
M7100755,7100755,แอ็บโซ พลัส บจก.,BAS CONSOL,2023,"  1,586,531.40 ","  1,482,739.63 ",21350,02,50,0250
M7100766,7100766,โกลด์ซิตี้ฟุตเทค บจก. (Remit 7100600),BAS CONSOL,2023,  856.26 ,  800.25 ,21210,03,10,0310
M7001456,7001456,แปลน ฟอร์ คิดส์ บจก.,NONFOOD-MERCHANDISE,2023,"  932,470.00 ","  932,470.00 ",21350,02,50,0250
M7001460,7001460,สหยิ่งทวีกิจ หจก.,NONFOOD-MERCHANDISE,2023,"  448,690.04 ","  419,336.49 ",21310,02,10,0210
M7001474,7001474,ซีเอสเอส พีเอ็น อินเตอร์เนชั่นแนล บจก. (NO_OI),NONFOOD-MERCHANDISE,2023,"  965,672.86 ","  902,498.00 ",21210,03,10,0310
M7001475,7001475,นูเบบ (ประเทศไทย) บจก.,NONFOOD-MERCHANDISE,2023,"  14,040,955.09 ","  13,122,387.93 ",21240,03,40,0340
M7001498,7001498,รับเบอร์โซล บจก. (No OI),NONFOOD-MERCHANDISE,2023,"  10,697,803.28 ","  9,997,946.91 ",21250,03,50,0350
M7001504,7001504,กิจเจริญการ์เมนท์ (1993) บจก. (NO OI),NONFOOD-MERCHANDISE,2023,"  5,783,680.56 ","  5,405,308.94 ",21110,03,80,0380
M7001511,7001511,พียูวี อินเตอร์ บจก.,NONFOOD-MERCHANDISE,2023,"  (51,033.24)","  (15,695.19)",21210,03,10,0310
M7001523,7001523,บลู สกาย (2005) บจก.,NONFOOD-MERCHANDISE,2023,"  15,487,621.43 ","  14,474,412.50 ",21330,02,30,0230
M7001524,7001524,เดอะ เรดด็อท บจก.,NONFOOD-MERCHANDISE,2023,"  15,658.98 ","  14,634.57 ",21330,02,30,0230
M7001530,7001530,คิงส์แพ็ค อินดัสเตรียล บจก. (HOL),NONFOOD-MERCHANDISE,2023,  -   ,  -   ,21310,02,10,0210
M6300363,6300363,ศิริมิตร  บจก.,FOOD-MERCHANDISE,2023,"  12,216,978.65 ","  11,418,615.13 ",21790,05,70,0570
M6300378,6300378,ที ที แอนด์ เค โปรโมชั่น บจก. (SME),FOOD-MERCHANDISE,2023,"  9,297,743.26 ","  8,689,479.68 ",21672,04,72,0472
M6300384,6300384,ไทย ฟอร์เรสท์ โปรดักส์ บจก.,FOOD-MERCHANDISE,2023,"  2,690,715.58 ","  2,514,687.48 ",21610,04,10,0410
M6300401,6300401,สุรัตน์ รักษาชาติ,FOOD-MERCHANDISE,2023,"  5,166,396.00 ","  5,166,396.00 ",21760,05,60,0560
M6300457,6300457,วารีเทพ มหานคร บจก.,FOOD-MERCHANDISE,2023,"  4,180,185.38 ","  3,911,533.48 ",21790,05,70,0570
M6300462,6300462,สถาพรมาเก็ตติ้ง บจก.,FOOD-MERCHANDISE,2023,"  1,081,821.23 ","  1,011,047.88 ",21670,04,70,0470
M7001102,7001102,วีเอสที อีซีเอส (ประเทศไทย) บจก. (HL),NONFOOD-MERCHANDISE,2023,"  48,794,976.73 ","  45,602,782.64 ",21560,01,60,0160
M7001136,7001136,38 มาร์เก็ตติ้ง บจก.,NONFOOD-MERCHANDISE,2023,"  6,935,108.70 ","  6,481,410.00 ",21110,03,80,0380
M7001140,7001140,บลู สตรีม บจก.,NONFOOD-MERCHANDISE,2023,"  63,725.56 ","  59,556.60 ",21222,03,22,0322
M7001145,7001145,เอเซียคิงส์ อินเตอร์เทรด บจก.,NONFOOD-MERCHANDISE,2023,"  29,035,151.80 ","  12,745,332.83 ",21210,03,10,0310
M7001155,7001155,สัมมิท คอร์ปอเรชั่น โอเวอร์ซีส์ บจก.,NONFOOD-MERCHANDISE,2023,"  17,055,339.74 ","  15,914,202.40 ",21672,04,72,0472
M7001159,7001159,เอฟ.เอ.ดีไซน์ บจก.,NONFOOD-MERCHANDISE,2023,"  997,436.88 ","  932,184.00 ",21210,03,10,0310
M7001159,7001159,เอฟ.เอ.ดีไซน์ บจก.,NONFOOD-MERCHANDISE,2023,"  1,586,970.50 ","  1,483,150.00 ",21220,03,20,0320
M7001163,7001163,ธนารัฐ โปรดักส์ บจก.,NONFOOD-MERCHANDISE,2023,"  23,257.52 ","  12,936.00 ",21210,03,10,0310
M7100773,7100773,เอ็มที สตูดิโอ ศูนย์ห้า บจก. (Remit 7001500),BAS CONSOL,2023,"  21,756.10 ","  39,722.33 ",21320,02,20,0220
M7100778,7100778,ธีซิซ อินเตอร์เนชั่นแนล บจก.,BAS CONSOL,2023,"  2,765,036.05 ","  433,923.29 ",21222,03,22,0322
M7100780,7100780,โรงงานฟุตบอลล์ไทย สปอร์ตติ้ง กู๊ดส์ บจก. (SL),BAS CONSOL,2023,"  313,205.54 ","  292,715.43 ",21110,03,80,0380
M7100808,7100808,โมด้า ยูโรปา บจก.,BAS CONSOL,2023,"  1,039,068.40 ","  960,137.76 ",21220,03,20,0320
M7100813,7100813,พีน่า เฮาส์ บมจ. (BAS),BAS CONSOL,2023,"  822,234.75 ","  779,825.78 ",21210,03,10,0310
M7100813,7100813,พีน่า เฮาส์ บมจ. (BAS),BAS CONSOL,2023,"  59,588.40 ",  (538.63),21213,03,14,0314
M7100818,7100818,เอ็ม แอนด์ จี เครื่องเขียน บจก. (BAS),BAS CONSOL,2023,"  240,354.15 ","  224,630.06 ",21350,02,50,0250
M7100826,7100826,เอส เค จี โซคอน มอเตอร์ กรุ๊ป (ประเทศไทย) บจก. (BAS),BAS CONSOL,2023,"  2,621,361.70 ","  2,449,870.74 ",21330,02,30,0230
M7100830,7100830,โรงงานฟุตบอลล์ไทย สปอร์ตติ้ง กู๊ดส์ บจก. BAS (HOL),BAS CONSOL,2023,"  155,025.26 ","  144,972.40 ",21330,02,30,0230
M7100837,7100837,ฟาร์เซ็นท์ เอ็นเตอร์ไพรส์ (ประเทศไทย) บจก. (BAS),BAS CONSOL,2023,"  355,499.53 ","  332,242.53 ",21320,02,20,0220
M7100840,7100840,ทีจี เซลลูล่าร์เวิลล์ บจก. (BAS) Remit M7100431,BAS CONSOL,2023,"  12,920,604.35 ",  -   ,21530,01,30,0130
M7001548,7001548,ปิคนิคพลาส อินดัสเทรียล บจก. (แยก Brand จาก 2700957),NONFOOD-MERCHANDISE,2023,"  825,021.01 ","  771,047.66 ",21240,03,40,0340
M7001556,7001556,เอ็มเอ็มเอ็กซ์ แอพพาเรล บจก. (SL แยก OI),NONFOOD-MERCHANDISE,2023,"  431,991.10 ","  403,730.00 ",21210,03,10,0310
M7001557,7001557,ภรณ์พริมมา บจก. (SL แยก OI),NONFOOD-MERCHANDISE,2023,"  36,817,664.24 ","  34,409,032.00 ",21110,03,80,0380
M7001579,7001579,3เอ็น เซรามิค หจก.,NONFOOD-MERCHANDISE,2023,"  1,019,542.75 ","  952,843.68 ",21310,02,10,0210
M7001584,7001584,พี มาสเตอร์ คอนซัลติ้ง บจก.,NONFOOD-MERCHANDISE,2023,"  841,286.96 ","  786,249.45 ",21310,02,10,0210
M7001602,7001602,เวอร์ซุนิ (ประเทศไทย) บจก.,NONFOOD-MERCHANDISE,2023,"  3,661,214.78 ","  2,405,034.88 ",21512,01,12,0112
M7001610,7001610,ยูเนียน อินต้า บจก. (HOL),NONFOOD-MERCHANDISE,2023,"  16,509.02 ","  17,396.26 ",21310,02,10,0210
M7001610,7001610,ยูเนียน อินต้า บจก. (HOL),NONFOOD-MERCHANDISE,2023,"  1,374.98 ",  -   ,21360,02,60,0260
M7300069,7300069,ลูกเจริญกิจเทรดดิ้ง หจก. (LP),NONFOOD-MERCHANDISE,2023,"  279,546.76 ","  261,258.50 ",21350,02,50,0250
M7300074,7300074,สยามเด่นภัณฑ์โปรดักส์แอนด์เซล บจก. (LP),NONFOOD-MERCHANDISE,2023,"  283,083.48 ","  264,564.00 ",21310,02,10,0210
M7300194,7300194,ไทยเวลล์เท็กซ์ อินเตอร์โปรดักส์   บจก.,NONFOOD-MERCHANDISE,2023,"  1,328,728.10 ","  1,241,801.96 ",21340,02,40,0240
M7300296,7300296,นาป้า บจก. (M7300296),NONFOOD-MERCHANDISE,2023,"  2,265,331.51 ","  2,110,904.10 ",21320,02,20,0220
M7300303,7300303,ไมครอนโปรโมชั่น บจก.,NONFOOD-MERCHANDISE,2023,"  171,157.20 ","  159,960.00 ",21310,02,10,0210
M7300538,7300538,"Matsuoka Co.,Ltd.",OVERSEAS,2023,"  1,603,980.00 ","  1,603,980.00 ",21740,05,40,0540
M7300700,7300700,D'AUCY FRANCE (D.Y.F.),OVERSEAS,2023,"  455,792.67 ","  455,792.67 ",21630,04,30,0430
M7300717,7300717,"ZHANGZHOU HEJIA CO.,LTD.",OVERSEAS,2023,"  7,750,915.98 ","  7,750,915.98 ",21320,02,20,0220
M7300751,7300751,EXTENC (DF),OVERSEAS,2023,"  17,667,435.58 ","  9,696,992.18 ",21610,04,10,0410
M7300751,7300751,EXTENC (DF),OVERSEAS,2023,"  7,945,767.37 ","  102,861.70 ",21640,04,40,0440
M7300753,7300753,"NINGBO CAMPING IMP. & EXP. CO.,LTD.",OVERSEAS,2023,"  26,313,869.20 ","  26,313,869.20 ",21330,02,30,0230
M7300795,7300795,"YUYAO CITY FUDA ELECTRONIC CO., LTD",OVERSEAS,2023,"  1,426,702.67 ","  1,426,702.67 ",21510,01,10,0110
M7300820,7300820,BRITISH CORNER SHOP LTD,OVERSEAS,2023,"  1,441,644.47 ","  197,337.28 ",21630,04,30,0430
M7300822,7300822,FRUIT X ASIA SDN. BHD,OVERSEAS,2023,"  4,221,934.83 ","  4,221,934.83 ",21730,05,30,0530
M7300830,7300830,Magnetar Global International Pte Ltd,OVERSEAS,2023,"  740,966.16 ","  740,966.16 ",21620,04,20,0420
M7300837,7300837,SAMHWA FOODS CO.,OVERSEAS,2023,"  1,260,667.20 ","  1,260,667.20 ",21630,04,30,0430
M7300846,7300846,RECORN FOODS PVT LTD,OVERSEAS,2023,"  241,632.00 ","  241,632.00 ",21620,04,20,0420
M7300871,7300871,บิ๊กสตาร์ บจก. (Export MMVN),NONFOOD-MERCHANDISE,2023,"  536,262.60 ","  501,180.00 ",21250,03,50,0350
M7400053,7400053,ดีเคเอสเอช (ประเทศไทย) บจก. (Sc Briteotch3M),NONFOOD-HORECA/WHOLESALE,2023,"  5,011,426.09 ","  4,683,575.78 ",21310,02,10,0210
M7400196,7400196,ไฮเออร์ อีเลคทริคอล แอพพลายแอนซ์ (ประเทศไทย) บจก. B2B,NONFOOD-HORECA/WHOLESALE,2023,"  11,560,574.80 ","  10,804,275.53 ",21512,01,12,0112
M7400210,7400210,ซันเด้น เอ็นจิเนียริ่ง ซิสเต็ม (ประเทศไทย) บจก. B2B (โดนใจ),NONFOOD-HORECA/WHOLESALE,2023,"  5,542.60 ","  5,180.00 ",90039,00,0,00000
M7001625,7001625,พานาโซนิค เอเนอร์จี (ประเทศไทย) บจก. (Remit M1100723),NONFOOD-MERCHANDISE,2023,"  69,685,687.77 ","  65,126,811.00 ",21340,02,40,0240
M7001635,7001635,สยามไดกิ้นเซลส์ บจก. (HL),NONFOOD-MERCHANDISE,2023,"  776,282.98 ","  725,498.12 ",21512,01,12,0112
M7001641,7001641,เกษตร นำโชค บจก.,NONFOOD-MERCHANDISE,2023,"  215,154.02 ","  215,154.02 ",21340,02,40,0240
M7001647,7001647,พีที.อินเตอร์เพ็ท บจก.,NONFOOD-MERCHANDISE,2023,"  1,988,920.94 ","  1,859,554.31 ",21340,02,40,0240
M7001648,7001648,คิงส์แพ็ค อินดัสเตรียล บจก. (New),NONFOOD-MERCHANDISE,2023,"  27,937,164.55 ","  26,109,499.47 ",21310,02,10,0210
M7001649,7001649,พี.จี.เทรด บจก.,NONFOOD-MERCHANDISE,2023,"  5,328,513.33 ","  4,979,919.00 ",21220,03,20,0320
M7001658,7001658,พี.เอ็ม.ซี. อินเตอร์เทรดดิ้ง บจก.,NONFOOD-MERCHANDISE,2023,"  12,257.92 ","  11,456.00 ",21512,01,12,0112
M7001670,7001670,บาจา (ประเทศไทย) บจก. (SL),NONFOOD-MERCHANDISE,2023,"  5,908,434.89 ","  5,521,901.75 ",21250,03,50,0350
M7601052,7601052,ดีเคเอสเอช (ประเทศไทย) บจก. (Energizer) BCFS,NONFOOD-MERCHANDISE,2023,"  89,222.93 ","  83,385.88 ",21340,02,40,0240
M7601061,7601061,แม่กลองไทยเอ็นจิเนียริ่ง บจก. (BCFS),NONFOOD-MERCHANDISE,2023,"  12,711.60 ","  11,880.00 ",21330,02,30,0230
M7601069,7601069,มาสเตอร์ โกลฟ อินดัสตรี บจก. HOL (BCFS),NONFOOD-MERCHANDISE,2023,"  24,010.80 ","  22,440.00 ",21310,02,10,0210
M8000808,8000808,เอฟ แอนด์ ซี เอ็นเตอร์ไพรส์ บจก.,FOOD-MERCHANDISE,2023,"  1,536,717.62 ","  870,214.40 ",21710,05,10,0510
M8005083,8005083,ไทยอาร์ตโปรดัคท์ (2000) บจก.,NON-MERCHANDISE,2023,"  4,775,833.61 ","  4,465,775.89 ",21730,05,30,0530
M8013865,8013865,สายันต์ ทานประสิทธิ์,NON-MERCHANDISE,2023,"  17,100.00 ","  17,100.00 ",21701,00,0,00000
M8014332,8014332,ร้านน้ำแข็ง เนรมิต โดย นาย วันชัย รัตนสวัสดิ์,NON-MERCHANDISE,2023,"  19,465.00 ","  19,465.00 ",21701,00,0,00000
M8015049,8015049,บิ๊กซี ฟู๊ด เซอร์วิส บจก. (Opex),ASSOCIATE - RPT ELIM-NM,2023,"  1,450.00 ",  878.50 ,26100,00,0,00000
M7100121,7100121,แอคชั่น อายแวร์ บจก.,BAS CONSOL,2023,"  19,842,728.48 ","  18,544,606.06 ",21210,03,10,0310
M7100143,7100143,เลอ รา เรย์ (ไทยแลนด์) บจก. (BAS),BAS CONSOL,2023,"  2,086,234.16 ","  1,949,751.54 ",21340,02,40,0240
M7100207,7100207,ซี.แอล.บี.แมทเทรส บจก.,BAS CONSOL,2023,"  29,370,974.26 ","  27,449,508.65 ",21320,02,20,0220
M7100225,7100225,ซิงโครอิเล็กทรอนิกส์ บจก.,BAS CONSOL,2023, NULL ,"  4,011.70 ",21520,01,20,0120
M7100242,7100242,จินตนา อินเตอร์เทรด บจก. BAS (สินค้าจัดรายการ),BAS CONSOL,2023,"  6,788,584.52 ","  6,344,471.55 ",21210,03,10,0310
M7100245,7100245,แพรวเงิน หจก.,BAS CONSOL,2023,"  2,360,692.62 ","  2,206,254.79 ",21210,03,10,0310
M7100245,7100245,แพรวเงิน หจก.,BAS CONSOL,2023,"  529,790.91 ","  495,131.67 ",21350,02,50,0250
M7100284,7100284,ตรีอมร พลัส บจก.,BAS CONSOL,2023,"  1,594,858.68 ","  1,490,522.09 ",21560,01,60,0160
M7100288,7100288,เอดิโค่ อินเตอร์เนชั่นแนล บจก.,BAS CONSOL,2023,"  24,752,631.45 ","  23,133,300.40 ",21320,02,20,0220
M7100389,7100389,อี บี ไอ การ์เมนท์ บจก.,BAS CONSOL,2023, NULL ,"  10,508.30 ",21110,03,80,0380
M7100399,7100399,เมืองไทยการ์เม้นท์ บจก.,BAS CONSOL,2023,"  205,238.87 ","  191,812.02 ",21210,03,10,0310
M7100431,7100431,ทีจี เซลลูล่าร์เวิลด์ บจก. (BAS),BAS CONSOL,2023,"  160,176,758.88 ","  422,421,410.06 ",21560,01,60,0160
M7100532,7100532,เอส.ที.บุ๊ค,BAS CONSOL,2023, NULL ,"  13,333.60 ",21350,02,50,0250
M7100537,7100537,ธนาอาภรณ์ หจก. (BAS),BAS CONSOL,2023,"  2,109,365.72 ","  1,971,369.80 ",21220,03,20,0320
M7100559,7100559,วันฤดี รังสินธุรัตน์,BAS CONSOL,2023,"  253,716.30 ","  253,716.30 ",21212,03,12,0312
M7100565,7100565,เก็ท อะ กู๊ด กิฟท์ บจก.,BAS CONSOL,2023,"  2,865.87 ","  2,678.38 ",21350,02,50,0250
M7100566,7100566,มิ้นท์แอนด์มาร์ค บจก.,BAS CONSOL,2023, NULL ,  990.00 ,21210,03,10,0310
M7100591,7100591,สยามเอ็นพี อินเตอร์เทรด บจก. (BAS),BAS CONSOL,2023,"  3,153,752.03 ",  -   ,21360,02,60,0260
M7100606,7100606,เบบี้ ออลล์ บจก.,BAS CONSOL,2023,"  360,198.05 ","  360,198.05 ",21110,03,80,0380
M7100625,7100625,กังวานสิน บจก.,BAS CONSOL,2023,"  12,269.81 ","  11,467.12 ",21212,03,12,0312
M7100630,7100630,นารา อีโค่ ลาเท็กซ์ บจก.,BAS CONSOL,2023,  856.70 ,  800.66 ,21210,03,10,0310
M7100636,7100636,ที.เค. รีเทล บจก.,BAS CONSOL,2023,"  339,389.80 ","  317,186.75 ",21220,03,20,0320
M7100644,7100644,สบาย โฮม สปา บจก.,BAS CONSOL,2023,"  525,525.25 ","  491,145.08 ",21350,02,50,0250
M7100695,7100695,ซีร่า สวิมแวร์ บจก.,BAS CONSOL,2023,"  6,374,914.39 ","  5,957,863.92 ",21210,03,10,0310
M6300503,6300503,วินเนอร์กรุ๊ป เอ็นเตอร์ไพรซ์ บมจ.,FOOD-MERCHANDISE,2023,"  5,097,655.18 ","  4,764,163.84 ",21620,04,20,0420
M6300513,6300513,ชญานุตม์ ถิละวัฒน์,FOOD-MERCHANDISE,2023,"  372,020.00 ","  372,680.00 ",21790,05,70,0570
M6300517,6300517,แฮง เท็ก (1999) หจก. (PLM),FOOD-MERCHANDISE,2023,"  2,611,363.28 ","  2,440,526.40 ",21630,04,30,0430
M6300522,6300522,ดี เค ไรซ์ มิลล์ บจก. (PLM),FOOD-MERCHANDISE,2023,"  6,180,960.00 ","  6,180,960.00 ",21630,04,30,0430
M6300547,6300547,ดีเคเอสเอช (ประเทศไทย) บจก. (Lay's),FOOD-MERCHANDISE,2023,"  4,794,577.93 ","  4,483,277.87 ",21620,04,20,0420
M6300553,6300553,สมชาย ปิยะชน (Mini),FOOD-MERCHANDISE,2023,"  10,450.00 ","  11,350.00 ",21790,05,70,0570
M6300562,6300562,บ้านธัญญาทิพย์ ออร์การ์นิค แอนด์ เฮลท์ตี้ ฟู้ด บจก. (PLM),FOOD-MERCHANDISE,2023,"  647,713.80 ","  605,340.00 ",21610,04,10,0410
M6300562,6300562,บ้านธัญญาทิพย์ ออร์การ์นิค แอนด์ เฮลท์ตี้ ฟู้ด บจก. (PLM),FOOD-MERCHANDISE,2023,"  662,698.08 ","  619,344.00 ",21760,05,60,0560
M6300570,6300570,เคซีจี คอร์ปอเรชั่น บมจ. (PLM),FOOD-MERCHANDISE,2023,"  578,190.28 ","  540,364.91 ",21740,05,40,0540
M6300570,6300570,เคซีจี คอร์ปอเรชั่น บมจ. (PLM),FOOD-MERCHANDISE,2023,"  22,568,657.25 ","  21,092,202.75 ",21790,05,70,0570
M6300625,6300625,ไดนาสตี้ ฟู๊ด โปรดักส์ บจก.,FOOD-MERCHANDISE,2023,"  2,560,581.49 ","  2,382,465.64 ",21630,04,30,0430
M7100716,7100716,แวนด้าสยาม บจก.,BAS CONSOL,2023,"  5,320.49 ","  4,972.41 ",21350,02,50,0250
M7100719,7100719,ซี - เท็ค ฟุตแวร์ (ไทยแลนด์) บจก.,BAS CONSOL,2023,"  4,413,523.51 ","  4,124,788.33 ",21250,03,50,0350
M7100740,7100740,แมพ แอคทีฟ อาดิเพอคาซา บจก.,BAS CONSOL,2023,"  2,646,630.09 ","  2,473,486.04 ",21250,03,50,0350
M6300664,6300664,เพียวสแควร์ บจก. (IMPORT),FOOD-MERCHANDISE,2023,"  4,181,751.57 ","  3,908,179.08 ",21760,05,60,0560
M6300666,6300666,ฮอคก้า (ไทยแลนด์) บจก. (PLM),FOOD-MERCHANDISE,2023,"  2,663,210.06 ","  2,488,981.32 ",21620,04,20,0420
M6300679,6300679,บลูสไปซ์ บจก. (Export),FOOD-MERCHANDISE,2023,"  225,919.80 ","  44,820.00 ",21620,04,20,0420
M6300691,6300691,พิบูลย์ชัยน้ำพริกเผาไทยแม่ประนอม บจก. (MMVN),FOOD-MERCHANDISE,2023,"  528,927.23 ","  494,324.52 ",21630,04,30,0430
M6300696,6300696,คอนเนค เอเชีย อินเตอร์ฟู้ด บจก. (IMPORT),FOOD-MERCHANDISE,2023,"  74,900.98 ","  70,000.92 ",21640,04,40,0440
M6300701,6300701,ริเวอร์โปร อินเตอร์เทรด บจก. (PLM),FOOD-MERCHANDISE,2023,"  25,854,222.19 ","  28,238,073.40 ",21672,04,72,0472
M7100806,7100806,ปุณฑริกา โดย นางสุรัตน์ พฤกษ์พระกานต์,BAS CONSOL,2023,"  44,998.04 ","  44,998.04 ",21222,03,22,0322
M7100811,7100811,ประกิจ จานุวงค์,BAS CONSOL,2023,"  3,565.27 ","  3,565.27 ",21310,02,10,0210
M7100829,7100829,แฟลช เอ็กซ์เพรส บจก. (BAS),BAS CONSOL,2023,"  270,710.34 ","  253,000.31 ",21350,02,50,0250
M7100844,7100844,เอ็น วาย เจ กรุ๊ป บจก. (BAS),BAS CONSOL,2023,"  27,521,068.91 ","  25,720,107.03 ",21220,03,20,0320
M7300063,7300063,ชาญธวัช หจก. (LP),NONFOOD-MERCHANDISE,2023,"  246,420.55 ","  230,299.63 ",21310,02,10,0210
M7300071,7300071,เอ็น.ไอ.วี.เครื่องครัว บจก. (LP),NONFOOD-MERCHANDISE,2023,"  4,698,492.59 ","  4,391,114.40 ",21310,02,10,0210
M7300186,7300186,เวิร์ค อินเตอร์เนชั่นแนล (ประเทศไทย) บจก.,NONFOOD-MERCHANDISE,2023,"  1,336,071.55 ","  1,248,665.00 ",21310,02,10,0210
M6004700,6004700,ไทยน้ำทิพย์ คอร์ปอเรชั่น บจก. (TLKK),FOOD-MERCHANDISE,2023,"  14,216.58 ","  13,286.52 ",33425,00,0,00000
M6004711,6004711,ฮอลล์ตัน เฮลท์ตี้ บจก. (SME),FOOD-MERCHANDISE,2023,"  197,937.32 ","  184,988.16 ",21664,04,64,0464
M6004714,6004714,ดีเคเอสเอช (ประเทศไทย) บจก. (Jai Kao),FOOD-MERCHANDISE,2023,"  8,573,773.42 ","  8,012,872.30 ",21630,04,30,0430
M6004733,6004733,ดีแอนด์จี ฟู๊ดซัพพลาย บจก. (Credit),FOOD-MERCHANDISE,2023,"  1,739,434.57 ","  1,625,639.81 ",21740,05,40,0540
M6004734,6004734,ธัญทัช อินเตอร์เทรด บจก. (Credit),FOOD-MERCHANDISE,2023,"  247,068.33 ","  230,904.96 ",21610,04,10,0410
M6004737,6004737,ดีดี เว่อร์ (ประเทศไทย) บจก. FF (SME),FOOD-MERCHANDISE,2023,"  210,079.99 ","  196,336.44 ",21762,05,62,0562
M6004744,6004744,โรงน้ำแข็งแม่ฮ่องสอน บจก.,FOOD-MERCHANDISE,2023,"  33,977.35 ","  31,788.75 ",21790,05,70,0570
M6004747,6004747,ซีพีเอฟ โกลบอล ฟู้ด โซลูชั่น บมจ. (แทนM6000569),FOOD-MERCHANDISE,2023,"  26,583,988.36 ","  24,958,776.56 ",21790,05,70,0570
M6004754,6004754,ซีพีเอฟ โกลบอล ฟู้ด โซลูชั่น บมจ. (แทนM6004033),FOOD-MERCHANDISE,2023,"  85,581,286.66 ","  79,982,524.51 ",21760,05,60,0560
M6004755,6004755,ซีพีเอฟ โกลบอล ฟู้ด โซลูชั่น บมจ. (แทนM6004041),FOOD-MERCHANDISE,2023,  (65.23),  (60.96),21760,05,60,0560
M6004760,6004760,ควีน โฟรเซ่น ฟรุต บจก. (Credit),FOOD-MERCHANDISE,2023,"  3,283,146.47 ","  3,283,146.47 ",21730,05,30,0530
M6300723,6300723,โคเทรดดิ้ง (ไทยแลนด์) บจก. (PLM),FOOD-MERCHANDISE,2023,"  838,206.56 ","  783,370.62 ",21610,04,10,0410
M6300734,6300734,ปฐวิน บมจ. (PLM),FOOD-MERCHANDISE,2023,"  878,107.70 ","  820,661.40 ",21850,06,30,0630
M6300736,6300736,โมเดิร์นเทรด แมนเนจเม้นท์ บจก. (Export MMVN),ASSOCIATE - RPT,2023,"  390,895.93 ","  439,338.30 ",21640,04,40,0440
M6300739,6300739,เอส แอนด์ พี ซินดิเคท บมจ. (Export MMVN),FOOD-MERCHANDISE,2023,"  446,896.20 ","  417,660.00 ",21620,04,20,0420
M6400185,6400185,แพนฟู้ด บจก. (M6400185),FOOD-HORECA/WHOLESALE,2023,"  201,103.20 ","  201,103.20 ",21740,05,40,0540
M6400322,6400322,เซ้าท์แลนด์ อินเตอร์เทรด บจก. (M6400322),FOOD-HORECA/WHOLESALE,2023,"  26,918,899.90 ","  26,830,132.90 ",21720,05,20,0520
M6400322,6400322,เซ้าท์แลนด์ อินเตอร์เทรด บจก. (M6400322),FOOD-HORECA/WHOLESALE,2023,"  3,166,211.50 ","  3,081,480.00 ",21790,05,70,0570
M7300291,7300291,เพ็นคอมพ์ บจก. (M7300291),NONFOOD-MERCHANDISE,2023,"  952,810.17 ","  890,476.80 ",21350,02,50,0250
M7300302,7300302,เจซีเจพลาส บจก.,NONFOOD-MERCHANDISE,2023,"  741,715.44 ","  693,192.00 ",21310,02,10,0210
M7300407,7300407,"TSUJINO AND CO.,LTD.",OVERSEAS,2023,"  27,893,536.92 ","  27,893,536.92 ",21720,05,20,0520
M7300504,7300504,บรรจุภัณฑ์เพื่อสิ่งแวดล้อม บมจ.,NONFOOD-MERCHANDISE,2023,"  10,862,657.02 ","  10,152,015.80 ",21310,02,10,0210
M7300652,7300652,SMYLIE LIMITED,OVERSEAS,2023,"  938,525.54 ","  131,051.11 ",21630,04,30,0430
M7300688,7300688,"XIAMEN UKANG IMP & EXP CO.,LTD.",OVERSEAS,2023,"  4,733,974.50 ","  4,733,974.50 ",21790,05,70,0570
M7300707,7300707,"XIAMEN JUSTSUN SUPPLY CHAIN CO., LTD.",OVERSEAS,2023,"  827,045.60 ","  827,045.60 ",21330,02,30,0230
M7300713,7300713,CHINA LIGHT (GUANGZHOU) HOMETREND TRADING COMPANY LTD,OVERSEAS,2023,"  1,640,525.60 ","  1,640,525.60 ",21320,02,20,0220
M7300738,7300738,"NINGBO SANBANG HOME PRODUCTS CO.,LTD.",OVERSEAS,2023,"  1,320,817.78 ","  1,320,817.78 ",21310,02,10,0210
M7300755,7300755,ดับเบิ้ลสตาร์ อินดัสตรี้ บจก. (Export MMVN),NONFOOD-MERCHANDISE,2023,"  1,938,840.00 ","  1,812,000.00 ",21320,02,20,0220
M7300756,7300756,MLM CHINA LIMITED,OVERSEAS,2023,"  10,366,271.50 ","  10,366,271.50 ",21320,02,20,0220
M7300783,7300783,"QINGDAO SUNLAND INTERNATIONAL TRADE CO.,LTD.",OVERSEAS,2023,"  12,939,713.90 ","  12,939,713.90 ",21730,05,30,0530
M7300792,7300792,EVERGOOD CORPORATION,OVERSEAS,2023,"  7,442,061.35 ","  7,442,061.35 ",21730,05,30,0530
M7300793,7300793,EXTENC (FF),OVERSEAS,2023,"  20,232,920.70 ","  19,435,955.15 ",21760,05,60,0560
M7300796,7300796,"ZHONGSHAN SILK IMP. & EXP. GROUP CO., LTD. OF GUANGDONG",OVERSEAS,2023,"  727,162.92 ","  727,162.92 ",21510,01,10,0110
M7300810,7300810,"XIAMEN JINGYUAN FRUIT AND VEGETABLE FRESHEN CO.,LTD",OVERSEAS,2023,"  11,002,937.26 ","  11,002,937.26 ",21730,05,30,0530
M7300831,7300831,"Marutou Bussanhanbai Co., Ltd",OVERSEAS,2023,"  39,100.94 ","  39,100.94 ",21620,04,20,0420
M8016353,8016353,โรงน้ำแข็งเอสยู ซัพพลายมหาชัย หจก.,NON-MERCHANDISE,2023,"  1,540.80 ","  1,440.00 ",21701,00,0,00000
M7300836,7300836,Fola Supply Chain Pte. Ltd.,OVERSEAS,2023,"  35,614,704.80 ","  35,614,704.80 ",21730,05,30,0530
M7300842,7300842,CHANG RAK FARMS,OVERSEAS,2023,"  533,570.48 ","  533,570.48 ",21730,05,30,0530
M7300845,7300845,DAN ON FOODS CORPORATION-MY PHUOC 3 BRANCH,OVERSEAS,2023,"  5,775,299.51 ","  5,775,299.51 ",21620,04,20,0420
M7300850,7300850,"SHANTOU HUAMEI PLASTIC MOLD INDUSTRY CO., LTD",OVERSEAS,2023,"  1,461,451.17 ","  1,461,451.17 ",21310,02,10,0210
M7300856,7300856,"Dongyang Xinzhan Arts And Crafts CO.,LTD",OVERSEAS,2023,"  506,540.66 ","  506,540.66 ",21330,02,30,0230
M7300864,7300864,"GPR COOKWARE CO.,LTD.",OVERSEAS,2023,"  4,191,949.19 ","  4,191,949.19 ",21310,02,10,0210
M7300865,7300865,"LINYI QUEENZA INDUSTRY&TRADE CO.,LTD.",OVERSEAS,2023,"  1,568,328.32 ","  1,568,328.32 ",21310,02,10,0210
M7400177,7400177,เอสไอเอสดิสทริบิวชั่น (ประเทศไทย) บมจ. B2B,NONFOOD-HORECA/WHOLESALE,2023,"  13,315,910.32 ","  12,444,776.00 ",21520,01,20,0120
M7400190,7400190,ไอนาโน๊ส (ประเทศไทย) บจก. B2B,NONFOOD-HORECA/WHOLESALE,2023,"  1,237,727.21 ","  1,156,754.42 ",21520,01,20,0120
M7400204,7400204,เทอร์มีเดซ บจก. B2B (โดนใจ),NONFOOD-HORECA/WHOLESALE,2023,"  36,112.50 ","  30,997.78 ",21510,01,10,0110
M6600001,6600001,ธาริกัน ฟู้ดส์ บจก. (BCFS),FOOD-MERCHANDISE,2023,"  5,916.88 ",  -   ,21730,05,30,0530
M6600001,6600001,ธาริกัน ฟู้ดส์ บจก. (BCFS),FOOD-MERCHANDISE,2023,"  409,763.10 ","  380,767.51 ",21760,05,60,0560
M6600003,6600003,ใบชาสามม้า บจก. (BCFS),FOOD-MERCHANDISE,2023,"  55,698.85 ","  52,054.99 ",21610,04,10,0410
M6600004,6600004,จีเอสบี อินเตอร์เนชั่นแนล บจก. (BCFS),FOOD-MERCHANDISE,2023,"  116,784.08 ","  102,784.00 ",21790,05,70,0570
M6600013,6600013,ฟาร์มเห็ดระยองแอนด์วีวีไบโอเทค บจก. (BCFS),FOOD-MERCHANDISE,2023,"  538,746.40 ","  552,640.00 ",21730,05,30,0530
M6600016,6600016,เออร์บัน ฟาร์มมิ่ง บจก. (BCFS),FOOD-MERCHANDISE,2023,"  85,326.10 ","  85,326.10 ",21730,05,30,0530
M6600020,6600020,พีทีเอ็น กัวร์เม มาร์เก็ตติ้ง บจก. (BCFS),FOOD-MERCHANDISE,2023,"  42,596.50 ","  42,460.00 ",21720,05,20,0520
M6600022,6600022,ก.แสนไทยฟู๊ด บจก. (Frozen) BCFS,FOOD-MERCHANDISE,2023,"  3,766.40 ","  3,520.00 ",21710,05,10,0510
M6600025,6600025,เอเชี่ยนซี คอร์ปอเรชั่น บมจ. (BCFS),FOOD-MERCHANDISE,2023,"  78,239.50 ","  77,200.00 ",21790,05,70,0570
M6300328,6300328,อุตสาหกรรมอาหารไทย (1964) บจก.,FOOD-MERCHANDISE,2023,"  22,434,947.50 ","  22,195,922.00 ",21630,04,30,0430
M6300337,6300337,อาร์ แอนด์ บี ฟู้ด ซัพพลาย บมจ. (PLM),FOOD-MERCHANDISE,2023,"  1,461,834.00 ","  1,366,200.00 ",21610,04,10,0410
M6300370,6300370,เพอร์มา บจก. (MBC),FOOD-MERCHANDISE,2023,"  5,904,580.53 ","  5,518,299.54 ",21672,04,72,0472
M6300405,6300405,เอช ทู โอ แอนด์ ไอซ์ บจก.,FOOD-MERCHANDISE,2023,"  523,104.39 ","  489,387.75 ",21790,05,70,0570
M6300422,6300422,แสงทองสหฟาร์ม บจก.,FOOD-MERCHANDISE,2023,"  344,543,866.60 ","  344,544,290.60 ",21760,05,60,0560
M6300461,6300461,บ้านไอติม บจก.,FOOD-MERCHANDISE,2023,"  3,655,159.64 ","  3,418,603.70 ",21790,05,70,0570
M6300483,6300483,เพ็ท โฟกัส บจก.,FOOD-MERCHANDISE,2023,"  17,536,402.00 ","  17,536,402.00 ",21680,04,80,0480
M6300491,6300491,ซันฟู้ด อินเตอร์เนชั่นแนล บจก. (Mini),FOOD-MERCHANDISE,2023,"  4,721,844.62 ","  4,556,734.25 ",21790,05,70,0570
M6300497,6300497,พฤกษาสิงห์ บจก.,FOOD-MERCHANDISE,2023,"  1,164,991.83 ","  1,088,777.70 ",21790,05,70,0570
M6300508,6300508,ครัวอิ่มรส บจก. (Mini),FOOD-MERCHANDISE,2023,"  266,210.17 ","  248,794.56 ",21630,04,30,0430
M6300518,6300518,โรงน้ำแข็ง ไพฑูรย์ (1999) บจก.,FOOD-MERCHANDISE,2023,"  5,860,211.91 ","  5,481,392.37 ",21790,05,70,0570
M6004763,6004763,ยูนิคอร์น คอนซูมเมอร์ กรุ๊ป บจก.,FOOD-MERCHANDISE,2023,"  321,451.12 ","  300,421.56 ",21630,04,30,0430
M6004767,6004767,นิน่าอุตสาหกรรม บจก. (DF),FOOD-MERCHANDISE,2023,"  1,690,975.65 ","  1,580,351.04 ",21672,04,72,0472
M6004773,6004773,เซเลส (ประเทศไทย) บจก.,FOOD-MERCHANDISE,2023,"  442,514.84 ","  413,565.28 ",21850,06,30,0630
M6004775,6004775,เก้าหมิง กรุ๊ป บจก. (SME),FOOD-MERCHANDISE,2023,"  609,108.66 ","  603,375.42 ",21760,05,60,0560
M6004786,6004786,บี.โอ.วาย.คอมบิเนชั่น บจก. (TLKK),FOOD-MERCHANDISE,2023,"  98,992.56 ","  94,088.40 ",33422,00,0,00000
M6004792,6004792,บ้านกัปตันเรือ บจก. (SME),FOOD-MERCHANDISE,2023,"  629,021.77 ","  592,449.00 ",21632,04,32,0432
M6004796,6004796,ชูมิตร 1967 บจก.,FOOD-MERCHANDISE,2023,"  432,280.00 ","  404,000.00 ",21830,06,10,0610
M6004797,6004797,เอสอาร์ ดิสทริบิวเตอร์ หจก.,FOOD-MERCHANDISE,2023,"  525,729.10 ","  491,335.70 ",21790,05,70,0570
M6004807,6004807,ทรัพย์สมิทธ์ คอร์ปอเรชั่น บจก.,FOOD-MERCHANDISE,2023,"  343,939.75 ","  463,390.04 ",21790,05,70,0570
M6004813,6004813,อาทิตย์ อดุลวิทย์ (ABT),FOOD-MERCHANDISE,2023,"  177,962.40 ","  166,320.00 ",21760,05,60,0560
M6004859,6004859,ลิ้มจิงเฮียง ฟู้ดส์ บจก. (ABT),FOOD-MERCHANDISE,2023,"  3,575,758.10 ","  2,947,030.00 ",21760,05,60,0560
M6004890,6004890,สไปซ์ สตอรี่ บจก. (ABT),FOOD-MERCHANDISE,2023,"  67,900.46 ","  56,442.48 ",21630,04,30,0430
M6004918,6004918,เตียหงี่เฮียง (เจ้าสัว) บจก. (ABT),FOOD-MERCHANDISE,2023, NULL ,  -   ,21620,04,20,0420
M6004918,6004918,เตียหงี่เฮียง (เจ้าสัว) บจก. (ABT),FOOD-MERCHANDISE,2023, NULL ,  -   ,21760,05,60,0560
M6004920,6004920,ปรุงเหนือฟ้า บจก. (ABT),FOOD-MERCHANDISE,2023,"  119,881.94 ","  112,039.20 ",21630,04,30,0430
M6004940,6004940,ธนาวัธน์เทรดดิ้ง บจก.,FOOD-MERCHANDISE,2023,"  792,533.20 ","  740,685.24 ",21620,04,20,0420
M6004941,6004941,แมคนีน่าพลัสเอ บจก. (SME),FOOD-MERCHANDISE,2023,"  214,578.00 ","  214,578.00 ",21632,04,32,0432
M6004955,6004955,เอ็นเค เฟรชฟู๊ดส์ บจก. (ABT),FOOD-MERCHANDISE,2023,"  113,657.90 ","  39,541.00 ",21740,05,40,0540
M6004962,6004962,เวย์ตาน่า บจก. (ABT),FOOD-MERCHANDISE,2023,"  1,623,784.92 ","  293,556.00 ",21620,04,20,0420
M6004963,6004963,เจ เอ็นเอส อันดามัน บจก. (ABT),FOOD-MERCHANDISE,2023,"  175,005.35 ","  163,556.40 ",21760,05,60,0560
M6004992,6004992,คุณแม่จู้ บจก. (ABT),FOOD-MERCHANDISE,2023,"  3,440,568.68 ","  3,215,484.75 ",21760,05,60,0560
M6004993,6004993,สยาม เอ็ม.ซี. บจก. (ABT),FOOD-MERCHANDISE,2023,"  484,756.44 ","  453,043.40 ",21760,05,60,0560
M6005034,6005034,สารัชมาร์เก็ตติ้ง บจก. ABT (SME),FOOD-MERCHANDISE,2023,"  22,965.62 ","  21,463.20 ",21622,04,22,0422
M6005036,6005036,เจ้าสัว ฟู้ดส์ อินดัสทรี บมจ. ABT (แทนM6004918),FOOD-MERCHANDISE,2023,"  5,141,574.27 ","  4,357,929.60 ",21760,05,60,0560
M6005044,6005044,เซนต์ บิวตี้ คอสเมติก (ประเทศไทย) บจก. (ABT),FOOD-MERCHANDISE,2023,"  84,358.80 ","  78,840.00 ",21850,06,30,0630
M6005050,6005050,ศิริจิต วงศ์วิเศษ,FOOD-MERCHANDISE,2023,"  4,100.00 ","  4,100.00 ",21790,05,70,0570
M6005081,6005081,สาธิต พชระสมบูรณ์ (TLKK),FOOD-MERCHANDISE,2023,"  3,716.00 ","  3,716.00 ",33420,00,0,00000
M6600035,6600035,แนชเชอรัล แอนด์ พรีเมี่ยม ฟู๊ด บจก. (BCFS),FOOD-MERCHANDISE,2023,"  15,686.00 ","  15,686.00 ",21730,05,30,0530
M6600038,6600038,ฟู้ด แกลเลอรี่ บจก. (BCFS),FOOD-MERCHANDISE,2023,"  33,704.29 ","  31,567.80 ",21760,05,60,0560
M6600041,6600041,ไทยเทพรส บมจ. (BCFS),FOOD-MERCHANDISE,2023,"  4,258,218.03 ","  3,905,710.68 ",21630,04,30,0430
M6600046,6600046,ยิ่งไพศาล การเกษตร บจก. (BCFS),FOOD-MERCHANDISE,2023,"  816,810.00 ","  873,965.98 ",21730,05,30,0530
M6600048,6600048,วินเนอร์กรุ๊ป เอ็นเตอร์ไพรซ์ บมจ. (BCFS),FOOD-MERCHANDISE,2023,"  199,495.88 ","  199,495.88 ",21790,05,70,0570
M6600054,6600054,ซีโน-แปซิฟิค เทรดดิ้ง (ไทยแลนด์) บจก. (BCFS),FOOD-MERCHANDISE,2023,"  1,360,030.58 ","  845,081.57 ",21610,04,10,0410
M6600054,6600054,ซีโน-แปซิฟิค เทรดดิ้ง (ไทยแลนด์) บจก. (BCFS),FOOD-MERCHANDISE,2023,"  4,411,150.61 ","  3,597,080.60 ",21620,04,20,0420
M6600055,6600055,ข้าวแสนดี  บจก. (BCFS),FOOD-MERCHANDISE,2023,"  4,164,251.06 ","  4,164,251.06 ",21630,04,30,0430
M6600058,6600058,กู๊ดดี้ ซีฟู้ด บจก. (BCFS),FOOD-MERCHANDISE,2023,"  681,332.00 ","  681,332.00 ",21790,05,70,0570
M6600060,6600060,เกตุวานิชอุตสาหกรรม  บจก. (BCFS),FOOD-MERCHANDISE,2023,"  3,242.37 ","  3,030.25 ",21750,05,50,0550
M6600089,6600089,เพนส์ มาร์เก็ตติ้ง แอนด์ ดิสทริบิวชั่น บจก. (BCFS),FOOD-MERCHANDISE,2023,"  80,190.96 ","  74,944.80 ",21630,04,30,0430
M6600119,6600119,ยูนิลีเวอร์ ไทย เทรดดิ้ง บจก. (HPC+FOOD),FOOD-MERCHANDISE,2023,"  272,074.29 ","  177,798.71 ",21630,04,30,0430
M6600119,6600119,ยูนิลีเวอร์ ไทย เทรดดิ้ง บจก. (HPC+FOOD),FOOD-MERCHANDISE,2023,"  145,810.65 ","  4,630.30 ",21661,04,61,0461
M6600119,6600119,ยูนิลีเวอร์ ไทย เทรดดิ้ง บจก. (HPC+FOOD),FOOD-MERCHANDISE,2023,"  1,041,361.67 ","  868,531.49 ",21670,04,70,0470
M6600122,6600122,เบทาโกรเกษตรอุตสาหกรรม บจก. (CHILLED) BCFS,FOOD-MERCHANDISE,2023,"  68,836.44 ",  -   ,21730,05,30,0530
M6600131,6600131,โปรไทย บจก. (BCFS),FOOD-MERCHANDISE,2023,"  449,385.57 ","  369,185.69 ",21620,04,20,0420
M6600135,6600135,อุตสาหกรรมอาหารไทย (1964) บจก. (BCFS),FOOD-MERCHANDISE,2023,"  341,254.91 ","  332,202.70 ",21630,04,30,0430
M6600146,6600146,เคซีจี คอร์ปอเรชั่น บมจ. (BCFS),FOOD-MERCHANDISE,2023,"  792,923.57 ","  731,398.16 ",21790,05,70,0570
M6600152,6600152,ฉั่วฮะเส็ง ฟู้ดโปรดักส์ บจก. (BCFS),FOOD-MERCHANDISE,2023,"  84,145.62 ","  62,068.40 ",21631,04,31,0431
M6600153,6600153,น้ำตาลทิพย์สุโขทัย บจก. (BCFS),FOOD-MERCHANDISE,2023,"  17,545,017.91 ","  16,397,213.00 ",21630,04,30,0430
M6600154,6600154,หยั่น หว่อ หยุ่น คอร์ปอเรชั่น กรุ๊ป บจก. (BCFS),FOOD-MERCHANDISE,2023,"  4,223.84 ","  3,947.52 ",21850,06,30,0630
M6600166,6600166,เบียร์สิงห์ บจก. (BCFS),FOOD-MERCHANDISE,2023,"  84,030,057.23 ","  78,532,763.89 ",21650,04,50,0450
M6600174,6600174,ไพรซ์อินเตอร์แพค (1999) บจก. (BCFS),FOOD-MERCHANDISE,2023,"  848,065.95 ","  603,945.00 ",21710,05,10,0510
M6600180,6600180,สหพัฒนพิบูล บมจ. (เบ็ดเตล็ด) BCFS,FOOD-MERCHANDISE,2023,"  39,782.09 ","  27,297.38 ",21631,04,31,0431
M6600187,6600187,ดีเคเอสเอช (ประเทศไทย) บจก. (Fonterra) BCFS,FOOD-MERCHANDISE,2023,"  85,892.96 ","  80,273.80 ",21760,05,60,0560
M6600193,6600193,สยาม ไวเนอรี่คอมเมอร์เชี่ยล บจก. (BCFS),FOOD-MERCHANDISE,2023,"  206,746.49 ","  29,839.87 ",21640,04,40,0440
M6600194,6600194,ไทย อกริ ฟู้ดส์ บมจ. (BCFS),FOOD-MERCHANDISE,2023,"  165,277.03 ","  154,464.47 ",21790,05,70,0570
M6600199,6600199,เอสดี กัทธรี อินเตอร์เนชั่นแนล มรกต บมจ. (BCFS),FOOD-MERCHANDISE,2023,"  178,936.99 ","  49,669.66 ",21631,04,31,0431
M6600241,6600241,เอิร์ธ (ประเทศไทย) บจก. (BCFS),FOOD-MERCHANDISE,2023,"  169,557.63 ","  119,207.56 ",21670,04,70,0470
M6600243,6600243,เอส แอนด์ พี ซินดิเคท บมจ. (BCFS),FOOD-MERCHANDISE,2023,"  207,763.89 ","  194,171.88 ",21790,05,70,0570
M6600249,6600249,บริวเบอรี่ บจก. (BCFS),FOOD-MERCHANDISE,2023,"  615,497.04 ","  575,230.84 ",21650,04,50,0450
M6600250,6600250,รอยัล เกทเวย์ บจก. (BCFS),FOOD-MERCHANDISE,2023,"  177,724.81 ","  166,097.94 ",21650,04,50,0450
M6600270,6600270,โกลเด้นฮาร์เวสท์(ประเทศไทย) บจก. (BCFS),FOOD-MERCHANDISE,2023,"  687,573.51 ","  668,355.41 ",21630,04,30,0430
M6600285,6600285,อัลเฟรโด เอ็นเตอร์ไพรส์ บจก. (BCFS),FOOD-MERCHANDISE,2023,"  84,410.30 ","  72,020.64 ",21790,05,70,0570
M6600286,6600286,ล็อกซเล่ย์ เทรดดิ้ง บจก. (น้ำมันกุ๊ก) BCFS,FOOD-MERCHANDISE,2023,"  263,382.60 ","  155,170.35 ",21631,04,31,0431
M6600315,6600315,พรีมากรีน บจก. (BCFS),FOOD-MERCHANDISE,2023,"  546,371.88 ","  546,371.88 ",21730,05,30,0530
M6600317,6600317,แบกซัน บจก. (BCFS),FOOD-MERCHANDISE,2023,"  238,165.51 ","  222,584.60 ",21650,04,50,0450
M6600321,6600321,บอร์เนียว เทคนิเคิล (ประเทศไทย) บจก. (BCFS),FOOD-MERCHANDISE,2023,"  54,289.66 ","  50,738.00 ",21310,02,10,0210
M6600334,6600334,ซีทีเจ ราชบุรี บจก. (BCFS),FOOD-MERCHANDISE,2023,"  2,576,422.80 ","  2,576,422.80 ",21710,05,10,0510
M6600340,6600340,ดี วอเตอร์ คอร์ปอเรชั่น บจก. BCFS (SME),FOOD-MERCHANDISE,2023,"  332,552.60 ","  310,796.84 ",21640,04,40,0440
M6600351,6600351,ไทยเฟรชฟาร์ม บจก. (BCFS),FOOD-MERCHANDISE,2023,"  58,407.58 ","  36,693.79 ",21731,00,0,00000
M6600362,6600362,เค ซี ซี พี 2011 กรุ๊ป บจก. BCFS (SME),FOOD-MERCHANDISE,2023,"  319,657.79 ","  298,745.59 ",21670,04,70,0470
M6600364,6600364,เอเซียติค อุตสาหกรรมเกษตร บจก. (BCFS),FOOD-MERCHANDISE,2023,"  86,881.67 ","  81,197.84 ",21630,04,30,0430
M6600369,6600369,อรภัทร ฟู้ด บจก. (BCFS),FOOD-MERCHANDISE,2023,"  41,831.56 ","  39,094.92 ",21620,04,20,0420
M6800022,6800022,ซิลลิค ฟาร์มา บจก. (แผนกยา) Abbott EPD (Pharma) Siri Pharma,FOOD-MERCHANDISE,2023,"  (6,045.45)","  (5,649.95)",21840,06,20,0620
M6800024,6800024,ซิลลิค ฟาร์มา บจก. (แผนกยา) MENARINI (Siri Pharma),FOOD-MERCHANDISE,2023,"  33,634.39 ","  25,914.00 ",21830,06,10,0610
M6800027,6800027,ซิลลิค ฟาร์มา บจก. (แผนกยา) INTERPHARMA (Siri Pharma),FOOD-MERCHANDISE,2023,"  13,115.91 ","  11,297.94 ",21840,06,20,0620
M6800034,6800034,ยูนีซัน บจก. (Siri Pharma),FOOD-MERCHANDISE,2023,"  3,252.80 ","  3,040.00 ",21840,06,20,0620
M6800045,6800045,เบอร์ลินฟาร์มาซูติคอลอินดัสตรี้ บจก. (Siri Pharma),FOOD-MERCHANDISE,2023,"  13,279.77 ","  12,411.00 ",21840,06,20,0620
M6800066,6800066,ดีเคเอสเอช (ประเทศไทย) บจก. B&L (Siri Pharma),FOOD-MERCHANDISE,2023,"  9,743.56 ","  9,106.15 ",21840,06,20,0620
M6800072,6800072,ดีเคเอสเอช (ประเทศไทย) บจก. DDM (Siri Pharma),FOOD-MERCHANDISE,2023,"  1,136.98 ","  1,062.60 ",21850,06,30,0630
M6800089,6800089,ซิลลิค ฟาร์มา บจก. GSK CON (Siri Pharma),FOOD-MERCHANDISE,2023,"  20,522.42 ","  19,179.84 ",21660,04,60,0460
M7601048,7601048,แชมเบอร์มาร์เก็ตติ้ง บจก. (BCFS),NONFOOD-MERCHANDISE,2023,"  136,765.26 ","  127,818.00 ",21310,02,10,0210
M7601053,7601053,บรรจุภัณฑ์เพื่อสิ่งแวดล้อม บมจ. (BCFS),NONFOOD-MERCHANDISE,2023,"  128,281.18 ","  119,888.94 ",21310,02,10,0210
M8000808,8000808,เอฟ แอนด์ ซี เอ็นเตอร์ไพรส์ บจก.,FOOD-MERCHANDISE,2023,"  5,632,742.44 ","  5,264,245.28 ",21740,05,40,0540
M8014086,8014086,ธารทิพย์ วรรณโสภา,NON-MERCHANDISE,2023,"  25,245.00 ","  25,245.00 ",21701,00,0,00000
M8014275,8014275,กมล ชื่นใจ,NON-MERCHANDISE,2023,"  2,090.00 ","  2,090.00 ",21701,00,0,00000
M6800104,6800104,ฟาร์มาฮอฟ บจก. (Siri Pharma),FOOD-MERCHANDISE,2023,"  255,469.46 ","  187,942.56 ",21830,06,10,0610
M6800104,6800104,ฟาร์มาฮอฟ บจก. (Siri Pharma),FOOD-MERCHANDISE,2023,"  2,976.74 ","  1,944.00 ",21850,06,30,0630
M6810006,6810006,ทรอปิคานา ออยล์ บจก. (Siri Pharma),BAS CONSOL,2023,  392.00 ,  366.35 ,21840,06,20,0620
M6900001,6900001,ซีพีแรม บจก. Frozen (BCMM),FOOD-MERCHANDISE,2023,"  11,681.95 ","  10,917.67 ",21790,05,70,0570
M6900007,6900007,เอส.เอ็ม.เอส.คอนเซสชั่นแนร์ บจก. (BCMM),FOOD-MERCHANDISE,2023,"  298,930.90 ","  279,374.67 ",21790,05,70,0570
M6900011,6900011,อุดร วรพล หจก. (BCMM),FOOD-MERCHANDISE,2023,"  801,572.03 ","  753,634.43 ",21790,05,70,0570
M6900012,6900012,ยูนิลีเวอร์ ไทย เทรดดิ้ง บจก. (BCMM),FOOD-MERCHANDISE,2023,"  458,398.56 ","  428,409.89 ",21790,05,70,0570
M6900025,6900025,รักฮวกชัย บจก. (BCMM),FOOD-MERCHANDISE,2023,"  95,061.79 ","  88,842.80 ",21790,05,70,0570
M6900034,6900034,พี.เอส.โชคทวี บจก. (BCMM),FOOD-MERCHANDISE,2023,"  4,619.07 ","  4,316.89 ",21790,05,70,0570
M6900038,6900038,เอสพีเอ็มพลัส บจก. (BCMM),FOOD-MERCHANDISE,2023,"  33,606.49 ","  31,407.93 ",21790,05,70,0570
M6900040,6900040,เอสเค บุญทวี บจก. (BCMM),FOOD-MERCHANDISE,2023,"  302,912.13 ","  320,069.56 ",21790,05,70,0570
M6900046,6900046,เอส บี ไอติม หจก. (BCMM),FOOD-MERCHANDISE,2023,"  64,171.38 ","  59,973.24 ",21790,05,70,0570
M6004665,6004665,สยามมายา คราฟ บจก. (SME),FOOD-MERCHANDISE,2023,"  1,533,913.47 ","  1,441,672.83 ",21620,04,20,0420
M6004677,6004677,ดีเคเอสเอช (ประเทศไทย) บจก. (Petworld),FOOD-MERCHANDISE,2023,"  4,952,924.93 ","  4,952,924.93 ",21680,04,80,0480
M6004688,6004688,เส้นหมี่ ตราดอกบัว หจก. (SME),FOOD-MERCHANDISE,2023,"  516,130.99 ","  491,158.61 ",21632,04,32,0432
M6004690,6004690,ภัณรายา ฟรุ้ต แอนด์ ฟู้ด บจก. (SME),FOOD-MERCHANDISE,2023,"  93,602.08 ","  87,478.56 ",21762,05,62,0562
M6004691,6004691,คิงส์แพ็ค อินดัสเตรียล บจก. FF (New),FOOD-MERCHANDISE,2023,"  10,697,325.00 ","  9,851,490.00 ",21710,05,10,0510
M6004691,6004691,คิงส์แพ็ค อินดัสเตรียล บจก. FF (New),FOOD-MERCHANDISE,2023,"  9,428,091.00 ","  7,938,651.00 ",21730,05,30,0530
M6004694,6004694,สบู่ (ไทยแลนด์) บจก.,FOOD-MERCHANDISE,2023,"  163,806.30 ","  153,090.00 ",21661,04,61,0461
M6004696,6004696,เดอเบล บจก. (FF),FOOD-MERCHANDISE,2023,"  8,474.40 ","  7,920.00 ",21630,04,30,0430
M6004698,6004698,ไทยน้ำทิพย์ คอร์ปอเรชั่น บจก. (DF),FOOD-MERCHANDISE,2023,"  1,805,712,844.55 ","  1,687,629,772.98 ",21640,04,40,0440
M6004700,6004700,ไทยน้ำทิพย์ คอร์ปอเรชั่น บจก. (TLKK),FOOD-MERCHANDISE,2023,"  170,792.47 ","  159,619.12 ",26100,00,0,00000
M6004705,6004705,ทิปโก้ เอฟแอนด์บี บจก.,FOOD-MERCHANDISE,2023,"  4,705,339.10 ","  4,397,513.16 ",21640,04,40,0440
M6004712,6004712,ไฟน์ ทูเดย์ (ไทยแลนด์) บจก.,FOOD-MERCHANDISE,2023,"  4,829,845.00 ","  4,342,695.57 ",21660,04,60,0460
M6004717,6004717,สุขเสรี เอส ไอ ซี หจก. (สำนักงานใหญ่),FOOD-MERCHANDISE,2023,"  121,329.74 ","  113,392.25 ",21790,05,70,0570
M6004719,6004719,มาย ไลฟ์บรารี่ บจก. (SME),FOOD-MERCHANDISE,2023,"  254,894.68 ","  238,219.33 ",21620,04,20,0420
M6004727,6004727,ดีไซซีพ เทคโนโลยี โปรดักส์ บจก. (Pure),FOOD-MERCHANDISE,2023,"  6,127,851.75 ","  5,726,964.24 ",21840,06,20,0620
M6900057,6900057,อุดมลาภมงคลดิสทริบิวชั่น บจก. (BCMM),FOOD-MERCHANDISE,2023,"  240,655.15 ","  224,911.29 ",21790,05,70,0570
M6900064,6900064,ภรณ์นิยม บจก. (BCMM),FOOD-MERCHANDISE,2023,"  58,736.17 ","  54,893.60 ",21790,05,70,0570
M6900075,6900075,ภรณ์พันธ์ฟู๊ด สิงห์บุรี หจก. (BCMM),FOOD-MERCHANDISE,2023,"  1,155.00 ","  1,155.00 ",21790,05,70,0570
M6900078,6900078,เติบโต ดิสทริบิวชั่น บจก. (BCMM),FOOD-MERCHANDISE,2023,"  35,164.09 ","  32,863.63 ",21790,05,70,0570
M6900079,6900079,กฤษณัฐ ไอซ์ หจก. (BCMM),FOOD-MERCHANDISE,2023,"  237,249.61 ","  256,928.99 ",21790,05,70,0570
M7000010,7000010,ไอ.ซี.ซี.อินเตอร์เนชั่นแนล บมจ. (Underwear Zeg),NONFOOD-MERCHANDISE,2023,"  198,111.16 ","  185,150.62 ",21222,03,22,0322
M7000041,7000041,นีเวลล์ รับเบอร์เมด (ประเทศไทย) บจก.,NONFOOD-MERCHANDISE,2023,"  4,148,901.05 ","  3,877,477.65 ",21350,02,50,0250
M7001172,7001172,คิดซ์ แอนด์ คิทซ์ บจก.,NONFOOD-MERCHANDISE,2023,"  246,844.84 ","  230,696.16 ",21330,02,30,0230
M7001190,7001190,โกลพาร์คส์ บจก.,NONFOOD-MERCHANDISE,2023,"  4,879.20 ","  4,560.00 ",21320,02,20,0220
M7001216,7001216,ดีเคเอสเอช (ประเทศไทย) บจก. (Energizer),NONFOOD-MERCHANDISE,2023,"  29,985,763.72 ","  28,024,078.38 ",21340,02,40,0240
M7001220,7001220,ที-เอเวอร์กรีน แอดเวนเจอร์ บจก.,NONFOOD-MERCHANDISE,2023,"  3,651,471.30 ","  3,480,990.00 ",21330,02,30,0230
M7001251,7001251,ไทย เอชทูโอ อินเตอร์เนชั่นแนล บจก.,NONFOOD-MERCHANDISE,2023,"  865,251.21 ","  780,375.99 ",21320,02,20,0220
M7001276,7001276,ไฮไฟ โอเรียนท์ ไทย บมจ. (LED TV),NONFOOD-MERCHANDISE,2023,"  271,418,312.22 ","  253,661,974.02 ",21520,01,20,0120
M7001284,7001284,บงกชแก้ว (ประเทศไทย) บจก.,NONFOOD-MERCHANDISE,2023,"  2,971.18 ","  1,260.00 ",21210,03,10,0310
M7001285,7001285,ธนพล เมอร์แชนไดซ์ หจก.,NONFOOD-MERCHANDISE,2023,"  713,125.86 ","  659,860.76 ",21320,02,20,0220
M7001289,7001289,กาโน่ ทเว้นตี้-วัน บจก.,NONFOOD-MERCHANDISE,2023,"  1,335,135.30 ","  1,247,790.00 ",21220,03,20,0320
M7001290,7001290,โรงงานชาลีเซรามิกส์ (กระเป๋า),NONFOOD-MERCHANDISE,2023,"  1,791,410.05 ","  1,674,215.00 ",21210,03,10,0310
M6004739,6004739,โอยั๊วะ เทรดดิ้ง บจก. (SME),FOOD-MERCHANDISE,2023,"  1,245,342.19 ","  1,163,871.20 ",21620,04,20,0420
M6004741,6004741,ขายดี เบฟเวอเรจ บจก. (โดนใจ),FOOD-MERCHANDISE,2023,"  185,961.25 ","  173,795.55 ",21760,05,60,0560
M6004743,6004743,โอเชี่ยน คลีน ซัพพลาย บจก. (โดนใจ),FOOD-MERCHANDISE,2023,"  22,053.98 ","  9,187.20 ",21672,04,72,0472
M6004745,6004745,อาดาบีไทย บจก. (SME),FOOD-MERCHANDISE,2023,"  162,680.29 ","  152,098.56 ",21632,04,32,0432
M6004746,6004746,เพาเวอร์โอฬาร บจก. (โดนใจ),FOOD-MERCHANDISE,2023,"  30,338.57 ","  17,690.24 ",21672,04,72,0472
M6004755,6004755,ซีพีเอฟ โกลบอล ฟู้ด โซลูชั่น บมจ. (แทนM6004041),FOOD-MERCHANDISE,2023,"  36,171,931.60 ","  33,805,543.96 ",21740,05,40,0540
M6004763,6004763,ยูนิคอร์น คอนซูมเมอร์ กรุ๊ป บจก.,FOOD-MERCHANDISE,2023,"  3,283,871.09 ","  3,069,038.40 ",21640,04,40,0440
M6004779,6004779,ไก่ดำมหากิจ บจก.,FOOD-MERCHANDISE,2023,"  2,633,677.08 ","  2,461,380.48 ",21610,04,10,0410
M6004795,6004795,ดิ เอ้ก แฟคทอรี่ บจก.,FOOD-MERCHANDISE,2023,"  1,150,096.00 ","  1,150,096.00 ",21760,05,60,0560
M6004801,6004801,ทีพีซีเอส บมจ.,FOOD-MERCHANDISE,2023,"  744,720.00 ","  696,000.00 ",21840,06,20,0620
M6004889,6004889,สปา โปรดักส์ ออฟ เอเซีย บจก. (ABT),FOOD-MERCHANDISE,2023,"  490,744.80 ","  311,040.00 ",21670,04,70,0470
M6004893,6004893,สุวัฒน์เดโชกุล หจก. (ABT),FOOD-MERCHANDISE,2023,"  269,861.00 ",  -   ,21630,04,30,0430
M7000128,7000128,ฟาร์อีสท์สเปเชียลลิตี้ บจก.,NONFOOD-MERCHANDISE,2023,"  3,550,127.96 ","  3,317,875.98 ",21330,02,30,0230
M7000168,7000168,เอส.ที.อินเตอร์เนชั่นแนลโคลทธิง บจก.,NONFOOD-MERCHANDISE,2023,"  225,058.45 ","  210,335.00 ",21220,03,20,0320
M7000214,7000214,ดาต้า เพาเวอร์ บจก.,NONFOOD-MERCHANDISE,2023,"  40,299,306.44 ","  37,662,338.52 ",21340,02,40,0240
M7000220,7000220,"ดีเคเอสเอช (ประเทศไทย) บจก. (Faber-Castell,UHU)",NONFOOD-MERCHANDISE,2023,"  505,927.50 ","  440,011.04 ",21340,02,40,0240
M7000257,7000257,นงนุช อินเตอร์เนชั่นแนล บจก.,NONFOOD-MERCHANDISE,2023,"  1,953.83 ","  1,826.00 ",21340,02,40,0240
M7000277,7000277,วีดีเอส.ดีไซน์  บจก.,NONFOOD-MERCHANDISE,2023,"  2,091,426.28 ","  1,954,604.00 ",21210,03,10,0310
M7000292,7000292,วินเทจ อิมปอร์ต เอ็กซ์ปอร์ต บจก. (7000292),NONFOOD-MERCHANDISE,2023,"  579,378.25 ","  482,675.00 ",21270,03,70,0370
M6004932,6004932,ประชัญ สายวังจิตต์ (ABT),FOOD-MERCHANDISE,2023,"  942,371.40 ","  942,371.40 ",21730,05,30,0530
M6004935,6004935,พริกป่นมังกรพ่นไฟ หจก. (TLKK),FOOD-MERCHANDISE,2023,"  21,880.00 ","  21,880.00 ",33420,00,0,00000
M6004944,6004944,ศิรารัตน์ บจก. (SME),FOOD-MERCHANDISE,2023,"  156,510.00 ","  156,510.00 ",21632,04,32,0432
M6004982,6004982,สยาม คอนซูมเมอร์ โปรดักส์ บจก. ABT (SME),FOOD-MERCHANDISE,2023,"  241,880.99 ","  226,057.00 ",21762,05,62,0562
M6004995,6004995,ดีเอฟที (ประเทศไทย) บจก. (ABT),FOOD-MERCHANDISE,2023,"  109,296.22 ","  102,146.00 ",21660,04,60,0460
M6004997,6004997,นามุ ไลฟ์ พลัส บจก. (Face&Cosmetic),FOOD-MERCHANDISE,2023,"  78,141.16 ","  73,029.12 ",21661,04,61,0461
M6005015,6005015,เจ้าสัว ฟู้ดส์ อินดัสทรี บมจ. (แทนM6004211),FOOD-MERCHANDISE,2023,"  23,598,259.94 ","  22,054,749.85 ",21760,05,60,0560
M6005018,6005018,เอเลคอร์น 789 บจก. (SME),FOOD-MERCHANDISE,2023,"  316,874.77 ","  296,144.64 ",21642,04,42,0442
M6005030,6005030,ศรีบุญเรืองฟู๊ด บจก. (SME),FOOD-MERCHANDISE,2023,"  123,976.49 ","  115,865.88 ",21632,04,32,0432
M6005045,6005045,สยามฟู้ดส์อินดัสทรี้ บจก. (ABT),FOOD-MERCHANDISE,2023,"  442,482.06 ","  413,534.64 ",21620,04,20,0420
M6005049,6005049,แอลไลแอนซ์ ฟู้ด เอ็กซ์เพิร์ท บจก. (Credit),FOOD-MERCHANDISE,2023,"  22,376.27 ","  20,912.40 ",21760,05,60,0560
M6005081,6005081,สาธิต พชระสมบูรณ์ (TLKK),FOOD-MERCHANDISE,2023,"  22,530.00 ","  22,530.00 ",33421,00,0,00000
M6100138,6100138,วันทนา กมลวรรณ,BAS CONSOL,2023,"  9,868,827.36 ","  9,868,827.36 ",21730,05,30,0530
M6100399,6100399,ที.ซัพพลาย เทรดดิ้ง บจก.,BAS CONSOL,2023,"  3,641,046.45 ","  3,641,046.45 ",21730,05,30,0530
M6100495,6100495,พีเคน้ำผักผลไม้สมุนไพร หสม.,BAS CONSOL,2023,"  924,171.28 ","  924,171.28 ",21730,05,30,0530
M6100524,6100524,ศตวรรษ ปัญโญกิจ,BAS CONSOL,2023,"  1,029,430.91 ","  1,029,430.91 ",21740,05,40,0540
M6100744,6100744,คัลเลอร์ ออร์คิด หจก.,BAS CONSOL,2023,"  535,679.42 ","  535,679.42 ",21730,05,30,0530
M6100897,6100897,โอเทนโต (ประเทศไทย) บจก. (BAS),BAS CONSOL,2023,"  1,667,262.05 ","  1,667,262.05 ",21730,05,30,0530
M6101041,6101041,วิมลมาศ คงนวน,BAS CONSOL,2023,"  5,213,151.81 ","  5,213,151.81 ",21730,05,30,0530
M6101042,6101042,นุจริน ทองย้อย,BAS CONSOL,2023, NULL ,  294.40 ,21730,05,30,0530
M6101096,6101096,โชคอนันต์ อิมพอร์ต เอ็กซ์พอร์ต บจก.,BAS CONSOL,2023, NULL ,  18.48 ,21730,05,30,0530
M6101121,6101121,สมประสงค์ ขาเมระนิยะ,BAS CONSOL,2023,"  13,185,712.72 ","  13,185,712.72 ",21760,05,60,0560
M6101138,6101138,วิวัฒน์ชัย สินคณารักษ์,BAS CONSOL,2023, NULL ,"  4,878.20 ",21740,05,40,0540
M6101143,6101143,ชนพร เกตุดี,BAS CONSOL,2023,"  584,896.56 ","  584,912.56 ",21730,05,30,0530
M6101217,6101217,อรสุดา จันทบ,BAS CONSOL,2023, NULL ,  147.90 ,21730,05,30,0530
M6101231,6101231,กู๊ด ไทย ฟรุต บจก.,BAS CONSOL,2023,"  2,936,746.78 ","  2,936,830.18 ",21730,05,30,0530
M6101260,6101260,จิราภรณ์ พงษ์ศักดิ์ศรี,BAS CONSOL,2023,"  1,764,465.99 ","  1,764,465.99 ",21730,05,30,0530
M6101285,6101285,อุษาวดี ศรีมัง,BAS CONSOL,2023, NULL ,  200.40 ,21730,05,30,0530
M6101309,6101309,ทองอาบ พานทอง,BAS CONSOL,2023, NULL ,  784.31 ,21730,05,30,0530
M6101323,6101323,สยาม เดอร์มา โปร บจก. (BAS),BAS CONSOL,2023,"  62,774.62 ","  58,667.87 ",21850,06,30,0630
M6101331,6101331,วิษณุ พรมนิน,BAS CONSOL,2023,"  1,189,246.40 ","  1,189,246.40 ",21720,05,20,0520
M6101373,6101373,สไปซ์ สตอรี่ บจก.,BAS CONSOL,2023,"  2,465,542.03 ","  2,350,513.35 ",21610,04,10,0410
M6101447,6101447,เบทาโกร เกษตรอุตสาหกรรม บจก. (มาริเนด),BAS CONSOL,2023,"  296,911.61 ","  81,693.97 ",21740,05,40,0540
M6101452,6101452,ภูตะวัน เฮิร์บ แอนด์ คอสเมติค บจก.,BAS CONSOL,2023, NULL ,"  1,180.55 ",21850,06,30,0630
M6101455,6101455,เซนต์ บิวตี้ คอสเมติก (ประเทศไทย) บจก. (BAS),BAS CONSOL,2023,"  2,597,720.50 ","  (1,208.07)",21830,06,10,0610
M6101455,6101455,เซนต์ บิวตี้ คอสเมติก (ประเทศไทย) บจก. (BAS),BAS CONSOL,2023,"  1,580.80 ","  1,477.38 ",21860,06,40,0640
M6101464,6101464,เดอะ โกลด์กรีน บจก.,BAS CONSOL,2023,"  57,986,281.25 ","  54,192,786.20 ",21760,05,60,0560
M6100505,6100505,สวนผลไม้ 2008 หจก.,BAS CONSOL,2023,"  2,281,377.22 ","  2,281,377.22 ",21730,05,30,0530
M6100516,6100516,นัทธสิษฐ์ ปัญจนันทกุล,BAS CONSOL,2023,"  70,636.53 ","  70,636.53 ",21760,05,60,0560
M6100569,6100569,ณภัทร เมดดิคอลล์ แคร์ หจก.,BAS CONSOL,2023, NULL ,  86.39 ,21730,05,30,0530
M6100601,6100601,แกรนด์ เพรสซิเด้นท์ กรุ๊ป  บจก.,BAS CONSOL,2023,"  1,895,944.20 ","  1,771,910.47 ",21650,04,50,0450
M6100681,6100681,ซีพีเอฟ เทรดดิ้ง บจก. (BAS),BAS CONSOL,2023, NULL ,  -   ,21720,05,20,0520
M6100735,6100735,ร้านรุ่งสินพาณิชย์,BAS CONSOL,2023,"  2,259,093.46 ","  2,259,093.46 ",21730,05,30,0530
M6100860,6100860,พาณิชยการแห่งประเทศไทย บจก. (BAS),BAS CONSOL,2023,"  4,749,266.41 ","  4,438,566.74 ",21760,05,60,0560
M6100896,6100896,ทิพย์ออมทอง หจก.,BAS CONSOL,2023, NULL ,  545.31 ,21610,04,10,0410
M6100966,6100966,คณานาฏย์ ทองดี,BAS CONSOL,2023,"  2,522,892.33 ","  2,522,892.33 ",21730,05,30,0530
M6101105,6101105,ณัฐวดี ปัญญา,BAS CONSOL,2023,"  2,466,348.65 ","  2,466,348.65 ",21730,05,30,0530
M6101182,6101182,ฟาร์มสด บจก.,BAS CONSOL,2023,"  3,261,818.04 ","  3,048,428.08 ",21730,05,30,0530
M6101265,6101265,อี โอ เอส เทรดดิ้ง บจก. (PLM),BAS CONSOL,2023,"  159,803.61 ","  155,061.14 ",21790,05,70,0570
M6101275,6101275,บิวตี้ แอบโซลูท บจก.,BAS CONSOL,2023, NULL ,  658.35 ,21850,06,30,0630
M6101362,6101362,เบทาโกรเกษตรอุตสาหกรรม บจก. (BAS),BAS CONSOL,2023,"  185,829,331.17 ","  197,096,266.91 ",21710,05,10,0510
M6101391,6101391,จุฑาทิพย์ สุวรรณโณ,BAS CONSOL,2023,"  144,822.17 ","  144,822.17 ",21730,05,30,0530
M6101402,6101402,รุ่งเรืองกิจ ฟูดส์ (2559) บจก.,BAS CONSOL,2023,"  39,385,610.26 ","  36,808,981.52 ",21760,05,60,0560
M6101447,6101447,เบทาโกร เกษตรอุตสาหกรรม บจก. (มาริเนด),BAS CONSOL,2023,"  15,373,751.68 ","  15,373,751.68 ",21760,05,60,0560
M6101584,6101584,อัยย์ไทย คอร์ปอเรชั่น บจก.,BAS CONSOL,2023,"  11,310.00 ","  10,570.09 ",21850,06,30,0630
M6101600,6101600,บีซี อินเตอร์แล็บ บจก.,BAS CONSOL,2023,"  11,059,490.64 ","  10,335,972.56 ",21850,06,30,0630
M6101623,6101623,ดำเนินฟู้ด บจก. (BAS),BAS CONSOL,2023,"  2,327,311.85 ","  2,175,057.79 ",21760,05,60,0560
M6101624,6101624,โอ.เค. ฟรุท โปรดักส์ หจก.,BAS CONSOL,2023,"  3,064,543.48 ","  3,064,543.48 ",21730,05,30,0530
M6101632,6101632,มาตา มิราเคิล บจก. (แทน 6100560),BAS CONSOL,2023,"  925,656.52 ","  865,099.54 ",21850,06,30,0630
M6101656,6101656,สุภา ฟรุ๊ตส์ หจก.,BAS CONSOL,2023,"  11,730,052.60 ","  11,730,052.60 ",21730,05,30,0530
M6101707,6101707,รัชฏ์สิณา มหัทธนาพัฒน์,BAS CONSOL,2023,"  240,761.30 ","  240,761.30 ",21730,05,30,0530
M6101725,6101725,สกินอัส แอลโอซี บจก.,BAS CONSOL,2023,"  3,867,228.70 ","  3,614,232.43 ",21840,06,20,0620
M6101734,6101734,สุกัญญา โกวิทย์พรสิน,BAS CONSOL,2023, NULL ,"  2,415.59 ",21730,05,30,0530
M6101802,6101802,ไทยฟู๊ดส์ รอยัล กรุ๊ป บจก.,BAS CONSOL,2023,"  9,428,371.44 ","  8,811,562.05 ",21740,05,40,0540
M6101830,6101830,จันทร์อินคำ (2560) บจก.,BAS CONSOL,2023,"  40,456.64 ","  38,629.66 ",21760,05,60,0560
M7000324,7000324,พิพัฒน์จักรยาน หจก.,NONFOOD-MERCHANDISE,2023,"  2,152,107.05 ","  2,011,315.00 ",21330,02,30,0230
M7000391,7000391,ซันกิ ควอลิตี้ โปรดักส์ บจก.,NONFOOD-MERCHANDISE,2023,"  1,797,717.70 ","  1,680,110.00 ",21310,02,10,0210
M7000448,7000448,เอเซีย แอ็ดวานซ์ มาร์เก็ตติ้ง บจก.,NONFOOD-MERCHANDISE,2023,"  437,865.88 ","  401,329.00 ",21520,01,20,0120
M7000468,7000468,โอ.พี.คอนซูมเมอร์ มาร์เก็ตติ้ง บจก.,NONFOOD-MERCHANDISE,2023,"  142,181.60 ","  132,880.00 ",21320,02,20,0220
M7000489,7000489,โรบิน เอ็คซ์เท็นด์ บจก.,NONFOOD-MERCHANDISE,2023,"  1,262,399.13 ","  1,179,812.17 ",21350,02,50,0250
M6101879,6101879,เนาวรัตน์ ธรรมกิจวัฒนา,BAS CONSOL,2023,"  5,165.87 ","  5,957.84 ",21760,05,60,0560
M6101898,6101898,ไทย เซ้าเทิร์น ฟู๊ด อินดัสตรี บจก. (Remit 6101607),BAS CONSOL,2023,"  348,403.47 ","  325,610.72 ",21760,05,60,0560
M6101904,6101904,เค วัน ฟู้ดอินดัสตรี (ประเทศไทย) บจก.,BAS CONSOL,2023, NULL ,  342.00 ,21760,05,60,0560
M6101958,6101958,กัลยาณี สุระพิณชัย,BAS CONSOL,2023,"  244,970.65 ","  244,970.65 ",21760,05,60,0560
M6101963,6101963,ทองอำไพ ควอลิตี้ฟู้ด หจก.,BAS CONSOL,2023,"  1,712,073.81 ","  1,600,069.00 ",21740,05,40,0540
M6101967,6101967,เคเอส โกลเด้น บจก.,BAS CONSOL,2023,"  8,562,208.83 ","  8,002,064.31 ",21840,06,20,0620
M6101977,6101977,ฉัตรไทยฟู้ดส์ บจก. (BAS),BAS CONSOL,2023,"  3,369,109.96 ","  3,148,700.92 ",21760,05,60,0560
M6101997,6101997,ไบโอเดอเนช บจก. (BAS),BAS CONSOL,2023,"  391,724.13 ","  366,097.31 ",21850,06,30,0630
M6102956,6102956,มิสเมด บจก.,BAS CONSOL,2023,"  43,068.05 ","  40,250.51 ",21840,06,20,0620
M7001346,7001346,สลีพ โปรดักส์ อินเตอร์เนชั่นนัล บจก.,NONFOOD-MERCHANDISE,2023,"  35,538,420.67 ","  33,213,521.20 ",21320,02,20,0220
M7001371,7001371,เอเซีย แปซิฟิค เทรด บจก.,NONFOOD-MERCHANDISE,2023,"  24,188.42 ","  17,920.00 ",21510,01,10,0110
M7001375,7001375,กรีน ลาเท็กซ์ บจก.,NONFOOD-MERCHANDISE,2023,"  7,498,877.41 ","  7,008,297.00 ",21320,02,20,0220
M7001383,7001383,คาริบเบี่ยน อินเตอร์เนชั่นแนล อินดัสเตรียล บจก.,NONFOOD-MERCHANDISE,2023,"  16,640,720.25 ","  15,552,075.00 ",21250,03,50,0350
M7001384,7001384,ไทย อิเล็คทริคซิตี้ อินเตอร์เนชั่นแนล บจก.,NONFOOD-MERCHANDISE,2023,"  2,583,525.24 ","  2,414,509.54 ",21340,02,40,0240
M7001396,7001396,ยงวัฒนา การ์เม้นท์ บจก.,NONFOOD-MERCHANDISE,2023,"  2,905,909.26 ","  2,715,803.00 ",21220,03,20,0320
M7001407,7001407,อาร์เอชเอ็ม อินเตอร์กรุ๊ป บจก.,NONFOOD-MERCHANDISE,2023,"  7,788,903.74 ","  5,506,007.95 ",21510,01,10,0110
M6101493,6101493,เกษมชัยฟู๊ด บจก. (แทน 6101341),BAS CONSOL,2023,"  3,496,704.69 ","  5,526,514.55 ",21760,05,60,0560
M6101564,6101564,คิงส์ วิช บจก. (แทน 6101099),BAS CONSOL,2023,"  3,176,696.20 ","  2,968,874.97 ",21760,05,60,0560
M6101571,6101571,สุเบญจางค์ บุญทวี,BAS CONSOL,2023, NULL ,  932.26 ,21760,05,60,0560
M6101582,6101582,บัวแก้ว หิรัญศุภโชติ (BAS),BAS CONSOL,2023,"  6,166,725.43 ","  6,166,725.43 ",21760,05,60,0560
M6101583,6101583,ชุติกาญจน์ จริยะเทพถาวร,BAS CONSOL,2023,"  2,528,164.28 ","  2,528,164.28 ",21760,05,60,0560
M6101663,6101663,เรืองศิลป์ ภูมิกอง,BAS CONSOL,2023,"  3,412,300.34 ","  3,412,300.34 ",21730,05,30,0530
M6102986,6102986,วิสาหกิจชุมชนกลุ่มพริกแกงครูสุดใจ (กะห๊ะ) (SME),BAS CONSOL,2023, NULL ,  228.24 ,21760,05,60,0560
M6103021,6103021,เวนเจอร์เทค มาร์เก็ตติ้ง บจก. (BAS),BAS CONSOL,2023,"  25,158.73 ","  23,512.83 ",21740,05,40,0540
M6103033,6103033,ซีพีเอฟ โกลบอล ฟู้ด โซลูชั่น บมจ. (แทนM6100681),BAS CONSOL,2023,"  48,617,797.15 ","  52,503,535.24 ",21710,05,10,0510
M6103041,6103041,มีไทยฟู๊ด บจก.,BAS CONSOL,2023,"  3,169,966.08 ","  2,962,585.13 ",21760,05,60,0560
M6103055,6103055,ดี บี ทูเกตเตอร์ บจก. (SME),BAS CONSOL,2023,"  1,623,131.06 ","  1,516,944.91 ",21622,04,22,0422
M6103066,6103066,ลิลชีพ คอนเซ็ปต์ บจก. (SME),BAS CONSOL,2023,"  229,125.10 ","  214,135.61 ",21762,05,62,0562
M6103086,6103086,ชีวารมณ์ บจก. (SME),BAS CONSOL,2023,"  3,086.40 ","  2,884.49 ",21632,04,32,0432
M6103094,6103094,มาสเตอร์ เกษตรไบโอ-เทค บจก. (SME),BAS CONSOL,2023,"  51,884.33 ","  51,884.33 ",21730,05,30,0530
M7001415,7001415,ไทโยแปซิฟิก บจก.,NONFOOD-MERCHANDISE,2023,"  631,317.79 ","  590,016.62 ",21310,02,10,0210
M7001425,7001425,ดีแทค ไตรเน็ต บจก. (แทน 7001126),NONFOOD-MERCHANDISE,2023,"  24,094,158.61 ","  22,517,905.25 ",21560,01,60,0160
M7001441,7001441,รัศมีเจริญถาวร  บจก.,NONFOOD-MERCHANDISE,2023,"  25,462.82 ","  23,797.03 ",21220,03,20,0320
M7001443,7001443,สยามยูนิแคร์ บจก. (SOFT LINE),NONFOOD-MERCHANDISE,2023,"  1,489,092.25 ","  1,391,675.00 ",21220,03,20,0320
M7001463,7001463,จี.เอ็ม.เอส.คอร์เปอเรชั่น บจก. (EXPO),NONFOOD-MERCHANDISE,2023,"  7,198,967.46 ","  6,717,576.56 ",21560,01,60,0160
M7001469,7001469,เค.ที.แม็กซ์ บจก.,NONFOOD-MERCHANDISE,2023,"  1,029,875.07 ","  962,500.10 ",21340,02,40,0240
M7001509,7001509,อินไลน์ เน็ทเวิร์ค บจก.,NONFOOD-MERCHANDISE,2023,"  2,087,379.86 ","  1,955,015.64 ",21560,01,60,0160
M6101719,6101719,จันทร์ จินจำ (BAS),BAS CONSOL,2023,"  3,370,798.85 ","  3,370,837.10 ",21730,05,30,0530
M6101756,6101756,เนเจอร์ไอเดีย บจก.,BAS CONSOL,2023, NULL ,  187.21 ,21850,06,30,0630
M6101883,6101883,อธิป บุญยี่ (BAS),BAS CONSOL,2023,"  406,799.88 ","  406,799.88 ",21730,05,30,0530
M6101887,6101887,สุภา ฟู้ดส์ หจก.,BAS CONSOL,2023,"  7,947,529.19 ","  7,427,597.40 ",21730,05,30,0530
M6101902,6101902,หนงไทย อินเตอร์เนชั่นแนล บจก.,BAS CONSOL,2023,"  217,218.81 ","  222,541.61 ",21730,05,30,0530
M6101919,6101919,สวนไทโภคภัณฑ์ บจก.,BAS CONSOL,2023,"  13,137,953.43 ","  12,278,461.15 ",21740,05,40,0540
M6101936,6101936,ชนาภา หมั่นสดับ,BAS CONSOL,2023,"  47,782.17 ","  51,845.39 ",21760,05,60,0560
M6101944,6101944,คิวมารีน (ประเทศไทย) บจก. (BAS),BAS CONSOL,2023,"  1,233,850.72 ","  1,153,131.52 ",21840,06,20,0620
M6101955,6101955,ช้อยซ์ ฟู้ดส์ ประเทศไทย บจก. (BAS),BAS CONSOL,2023,"  6,053,083.86 ","  6,053,083.86 ",21710,05,10,0510
M6101963,6101963,ทองอำไพ ควอลิตี้ฟู้ด หจก.,BAS CONSOL,2023,"  110,571,224.91 ","  103,337,593.38 ",21760,05,60,0560
M6101966,6101966,เบทาโกรเกษตรอุตสาหกรรม บจก. (GP 5%),BAS CONSOL,2023,"  160,045,191.48 ","  159,337,146.98 ",21710,05,10,0510
M6101969,6101969,ประภัสสร ศรีสมนึก,BAS CONSOL,2023,"  62,435.74 ","  64,445.11 ",21740,05,40,0540
M6102952,6102952,ครีเอแคร์ บจก.,BAS CONSOL,2023,"  184,447.29 ","  172,380.65 ",21840,06,20,0620
M6102957,6102957,ที พลัส สกินแคร์ บจก. (BAS),BAS CONSOL,2023,"  645,690.65 ","  603,449.21 ",21840,06,20,0620
M6102992,6102992,ซัน ไดมอนด์ เฟรช บจก.,BAS CONSOL,2023,"  25,621,802.18 ","  25,621,802.18 ",21730,05,30,0530
M6102997,6102997,อมต อินโนเวชั่น บจก. (SME),BAS CONSOL,2023,"  3,052,748.64 ","  2,853,036.14 ",21850,06,30,0630
M6102998,6102998,สารัชมาร์เก็ตติ้ง บจก. (BAS),BAS CONSOL,2023,"  5,323,851.57 ","  5,323,851.57 ",21730,05,30,0530
M6103015,6103015,บางกอก อินสตรูเม้นท์ เซ็นเตอร์ บจก. BAS_DF (SME),BAS CONSOL,2023,"  883,663.74 ","  825,853.96 ",21674,04,74,0474
M6103028,6103028,สยาม ดีไลท์ กรุ๊ป บจก. BAS (SME),BAS CONSOL,2023,"  28,528,231.78 ","  26,661,898.84 ",21622,04,22,0422
M6103049,6103049,ซัคเซส 365 เทรดดิ้ง บจก. BAS (SME),BAS CONSOL,2023,"  7,672,130.25 ","  7,170,215.10 ",21622,04,22,0422
M6103051,6103051,เจ.พี. เอ็น. (2017) บจก. (SME),BAS CONSOL,2023,"  1,113,927.88 ","  1,041,054.10 ",21762,05,62,0562
M6103065,6103065,รอยัล สไปซ์ (ประเทศไทย) บจก. BAS (SME),BAS CONSOL,2023,"  1,065,632.70 ","  995,918.40 ",21622,04,22,0422
M6103075,6103075,เอ็น สแลช เอ ดีไซนน์ บจก. (SME),BAS CONSOL,2023,"  47,556.90 ","  46,362.91 ",21620,04,20,0420
M6103075,6103075,เอ็น สแลช เอ ดีไซนน์ บจก. (SME),BAS CONSOL,2023,"  467,238.26 ","  448,885.69 ",21762,05,62,0562
M6103093,6103093,พิมพ์ชนก ชะอุ่มผิว (SME),BAS CONSOL,2023,"  42,103.79 ","  42,103.79 ",21730,05,30,0530
M7000521,7000521,ดับเบิ้ลสตาร์ อินดัสตรี้ บจก.,NONFOOD-MERCHANDISE,2023,"  28,600,857.62 ","  26,729,773.51 ",21320,02,20,0220
M7000554,7000554,แอลจี อีเลคทรอนิคส์ (ประเทศไทย) บจก.,NONFOOD-MERCHANDISE,2023,"  115,534.32 ","  107,976.00 ",21510,01,10,0110
M7000592,7000592,ณมน มาร์เกตติ้ง บจก.,NONFOOD-MERCHANDISE,2023,"  9,281,255.97 ","  8,674,071.00 ",21320,02,20,0220
M7000594,7000594,เขษม บจก.,NONFOOD-MERCHANDISE,2023,"  32,970,365.82 ","  30,813,426.00 ",21110,03,80,0380
M7000631,7000631,สมาร์ท ไอดี กรุ๊ป บจก.,NONFOOD-MERCHANDISE,2023,"  456,644.12 ","  452,738.56 ",21560,01,60,0160
M7000644,7000644,เอส.ดี.เจ.อินเตอร์ บจก.,NONFOOD-MERCHANDISE,2023,"  3,850,921.44 ","  3,598,992.00 ",21310,02,10,0210
M7001525,7001525,วีเวลเนส บจก.,NONFOOD-MERCHANDISE,2023,"  231,139.26 ","  216,018.00 ",21350,02,50,0250
M7001535,7001535,โกลด์ซิตี้ฟุตเทค บจก. (Remit 7000586),NONFOOD-MERCHANDISE,2023,"  7,312,575.49 ","  6,834,182.92 ",21250,03,50,0350
M7001537,7001537,เทค ทอยส์ บจก.,NONFOOD-MERCHANDISE,2023,"  26,097.30 ","  2,040.00 ",21510,01,10,0110
M7001561,7001561,เฮฟเว่น ทรี บจก.,NONFOOD-MERCHANDISE,2023,"  4,055,094.27 ","  3,791,421.00 ",21210,03,10,0310
M7001591,7001591,แคนวาส ฟุตแวร์ หจก.,NONFOOD-MERCHANDISE,2023,"  14,474,334.05 ","  13,527,415.00 ",21250,03,50,0350
M7001608,7001608,แอล.เค.อิมปอร์ตเอ็กซ์ปอร์ต บจก.,NONFOOD-MERCHANDISE,2023,"  714,687.24 ","  667,932.00 ",21330,02,30,0230
M6300020,6300020,เพียวฟู้ดส์ บจก.,FOOD-MERCHANDISE,2023,"  601,967.56 ","  562,586.50 ",21740,05,40,0540
M6300033,6300033,เอ็มเอ็มพี คอร์ปอเรชั่น บจก. (PLM),FOOD-MERCHANDISE,2023,"  1,044,109.00 ","  975,802.82 ",21310,02,10,0210
M6300036,6300036,ไฮแลนด์อุตสาหกรรม,FOOD-MERCHANDISE,2023,"  168,507.88 ","  157,484.00 ",21310,02,10,0210
M6300085,6300085,จาโกต้า บราเดอร์ส เทรดดิ้ง บจก. (PLM),FOOD-MERCHANDISE,2023,"  51,792,729.33 ","  48,404,419.80 ",21790,05,70,0570
M6300221,6300221,ตะวันพืชผล บจก. (LP),FOOD-MERCHANDISE,2023,"  4,260,045.22 ","  4,176,856.02 ",21760,05,60,0560
M6300247,6300247,เอส แอนด์ เจ อินเตอร์เนชั่นแนล เอนเตอร์ไพรส์ บมจ. (LP),FOOD-MERCHANDISE,2023,"  10,588,251.29 ","  9,675,372.36 ",21660,04,60,0460
M6300362,6300362,เนสท์เล่ (ไทย) บจก. (Mini),FOOD-MERCHANDISE,2023,"  5,770,968.96 ","  5,393,428.93 ",21750,05,50,0550
M7001621,7001621,ท็อปไทย โปรดักส์ บจก. (โดนใจ),NONFOOD-MERCHANDISE,2023,"  526,601.43 ","  492,150.96 ",21310,02,10,0210
M7001633,7001633,พาลาดิน เวิร์คแวร์ บจก. (Men’s Apparel),NONFOOD-MERCHANDISE,2023,"  474,778.26 ","  471,274.01 ",21220,03,20,0320
M7001636,7001636,อาร์เอชเอ็ม อินเตอร์กรุ๊ป บจก. (IT),NONFOOD-MERCHANDISE,2023,"  331,921.49 ","  310,207.00 ",21560,01,60,0160
M7001639,7001639,ไอนาโน๊ส (ประเทศไทย) บจก. (Credit),NONFOOD-MERCHANDISE,2023,"  320,313.75 ","  299,358.68 ",21512,01,12,0112
M7001662,7001662,วีเค อินโนเวชั่นส์ บจก.,NONFOOD-MERCHANDISE,2023,"  158,878.95 ","  148,485.00 ",21210,03,10,0310
M7001662,7001662,วีเค อินโนเวชั่นส์ บจก.,NONFOOD-MERCHANDISE,2023,"  1,354,090.35 ","  1,265,505.00 ",21220,03,20,0320
M7001675,7001675,ซิบลิ่ง เอส บจก. No OI (SME),NONFOOD-MERCHANDISE,2023,"  513,600.00 ","  480,000.00 ",21350,02,50,0250
M7100121,7100121,แอคชั่น อายแวร์ บจก.,BAS CONSOL,2023,"  150,568.98 ","  140,718.67 ",21222,03,22,0322
M7100234,7100234,ซาบีน่า ฟาร์อีสท์ บจก. BAS,BAS CONSOL,2023,"  148,079,220.49 ","  138,391,794.84 ",21210,03,10,0310
M7100234,7100234,ซาบีน่า ฟาร์อีสท์ บจก. BAS,BAS CONSOL,2023,"  11,049,511.51 ","  10,326,646.28 ",21213,03,14,0314
M7100243,7100243,เอส.เค.วี.คอมเมอร์เชียล บจก.,BAS CONSOL,2023,"  55,179,851.55 ","  51,569,954.73 ",21210,03,10,0310
M7100243,7100243,เอส.เค.วี.คอมเมอร์เชียล บจก.,BAS CONSOL,2023,"  4,518,112.08 ","  4,222,534.65 ",21213,03,14,0314
M7100245,7100245,แพรวเงิน หจก.,BAS CONSOL,2023,"  255,856.52 ","  239,118.24 ",21212,03,12,0312
M7100250,7100250,เอาท์ทู บจก.,BAS CONSOL,2023,"  605,587.71 ","  565,969.81 ",21110,03,80,0380
M7100267,7100267,เอสแอล โฮมโพรดักส์ บจก. (M7100267),BAS CONSOL,2023,"  8,939.63 ","  8,354.79 ",21320,02,20,0220
M7100267,7100267,เอสแอล โฮมโพรดักส์ บจก. (M7100267),BAS CONSOL,2023,"  2,685,118.26 ","  2,509,456.32 ",21340,02,40,0240
M6300526,6300526,เอ็น.ซี.เอส.โกลด์เบรด บจก.,FOOD-MERCHANDISE,2023,"  24,078,583.89 ","  22,505,817.65 ",21750,05,50,0550
M6300527,6300527,ไอยรา (1990) หจก. (Mini),FOOD-MERCHANDISE,2023,"  204,586.53 ","  191,903.41 ",21790,05,70,0570
M6300536,6300536,ทรัพย์ไพศาลโปรดักส์ อินดัสตรี้ บจก. (MINI),FOOD-MERCHANDISE,2023, NULL ,  -   ,21790,05,70,0570
M6300575,6300575,ส.ขอนแก่นฟู้ดส์ บมจ. (PLM),FOOD-MERCHANDISE,2023,"  4,062,869.81 ","  3,797,073.87 ",21760,05,60,0560
M6300579,6300579,นิวเวฟ เอเชีย บจก. (PLM),FOOD-MERCHANDISE,2023,"  2,408,206.48 ","  2,232,179.26 ",21610,04,10,0410
M6300581,6300581,เยาวมาลย์ นาคแกมทอง (Mini),FOOD-MERCHANDISE,2023, NULL ,"  1,100.00 ",21790,05,70,0570
M6300605,6300605,เอส.อี.เอ. คอนซูเมอร์ โปรดักส์ บจก. (PLM),FOOD-MERCHANDISE,2023,"  1,321,349.92 ","  1,234,906.49 ",21630,04,30,0430
M6300616,6300616,เยลโล่ ฟาร์ม บจก. (PLM),FOOD-MERCHANDISE,2023,"  2,408,916.36 ","  2,408,916.36 ",21760,05,60,0560
M6300650,6300650,คิวท์ โปรดักส์ พลัส บจก. PLM (SME),FOOD-MERCHANDISE,2023,"  3,335,775.29 ","  3,096,174.74 ",21610,04,10,0410
M6300657,6300657,เรเปอทัวเร่ คูลีแนร์ (ไทยแลนด์) บจก.,FOOD-MERCHANDISE,2023,"  3,149,586.73 ","  2,943,539.00 ",21760,05,60,0560
M6300677,6300677,เอ็มวายยู-นิค บจก.,FOOD-MERCHANDISE,2023,"  1,514,856.78 ","  1,412,964.00 ",21660,04,60,0460
M6300681,6300681,ดูฟู้ด บจก. (Export),FOOD-MERCHANDISE,2023,"  21,186.00 ","  19,800.00 ",21630,04,30,0430
M6300700,6300700,ขนมสากล บจก.,FOOD-MERCHANDISE,2023,"  2,667,944.51 ","  2,493,406.08 ",21620,04,20,0420
M6300705,6300705,สหกรณ์การเกษตรตระการพืชผล บจก. (PLM),FOOD-MERCHANDISE,2023,"  825,600.00 ","  825,600.00 ",21630,04,30,0430
M6300715,6300715,อำพลฟูดส์ โพรเซสซิ่ง บจก. (EXPORT),FOOD-MERCHANDISE,2023,"  46,772.59 ","  43,712.70 ",21640,04,40,0440
M6300719,6300719,บางกอกอินเตอร์ฟูด บจก. (EXPORT),FOOD-MERCHANDISE,2023,"  418,905.00 ","  391,500.00 ",21610,04,10,0410
M6300726,6300726,ส.ร่วมไทย บจก. (PLM),FOOD-MERCHANDISE,2023,"  2,648,894.11 ","  2,475,601.92 ",21620,04,20,0420
M6300727,6300727,แม็กซ์โอเชี่ยน บจก. (PLM),FOOD-MERCHANDISE,2023,"  2,005,209.96 ","  1,874,028.00 ",21620,04,20,0420
M6300733,6300733,เอพีบี รีเทล บจก. (PLM),FOOD-MERCHANDISE,2023,"  2,186,282.21 ","  2,043,254.40 ",21620,04,20,0420
M6300737,6300737,ไทยยูเนี่ยน กรุ๊ป บมจ. (Export MMVN),FOOD-MERCHANDISE,2023,"  385,200.00 ","  360,000.00 ",21620,04,20,0420
M6300741,6300741,แฟชั่นฟู้ด บจก. (Export MMVN),FOOD-MERCHANDISE,2023,"  210,255.00 ","  132,004.80 ",21620,04,20,0420
M6400017,6400017,ฟู้ดโปรเจ็ค (สยาม)  บจก. (M6400017),FOOD-HORECA/WHOLESALE,2023,"  7,998.44 ",  -   ,21730,05,30,0530
M6400017,6400017,ฟู้ดโปรเจ็ค (สยาม)  บจก. (M6400017),FOOD-HORECA/WHOLESALE,2023,"  294,892.00 ","  275,600.00 ",21790,05,70,0570
M6400035,6400035,ยูเนียนฟูดอินดัสตรี บจก.,FOOD-HORECA/WHOLESALE,2023,"  724,785.71 ","  455,943.84 ",21631,04,31,0431
M6400095,6400095,ครีเดนซ์ บจก. (M6400095),FOOD-HORECA/WHOLESALE,2023,"  24,906.26 ","  23,276.88 ",21672,04,72,0472
M6400292,6400292,ปวีณ์มล บจก. (Horeca),FOOD-HORECA/WHOLESALE,2023,"  2,052.15 ","  1,917.90 ",21661,04,61,0461
M6400317,6400317,เซ้าท์แลนด์ อินเตอร์เทรด บจก.,FOOD-HORECA/WHOLESALE,2023,"  381,770.02 ","  381,770.02 ",21720,05,20,0520
M6400317,6400317,เซ้าท์แลนด์ อินเตอร์เทรด บจก.,FOOD-HORECA/WHOLESALE,2023,"  3,014,097.50 ","  2,941,490.00 ",21790,05,70,0570
M6400372,6400372,ธีรภัทรฟู้ดส์ บจก.,FOOD-HORECA/WHOLESALE,2023,"  3,079,350.24 ","  3,079,350.24 ",21790,05,70,0570
M7100320,7100320,บุญโชค กันธิยะ (BAS),BAS CONSOL,2023, NULL ,"  9,568.78 ",21310,02,10,0210
M7100368,7100368,นิวสปอง บจก.,BAS CONSOL,2023,"  4,765,157.66 ","  4,453,418.37 ",21310,02,10,0210
M7100375,7100375,ม้าน้ำอินเตอร์กรุ๊ป หจก.,BAS CONSOL,2023,"  23,114,943.63 ","  21,602,751.05 ",21350,02,50,0250
M7100392,7100392,เอ็น.เค ไทม์ บจก.,BAS CONSOL,2023,"  735,947.68 ",  -   ,21213,03,14,0314
M7100431,7100431,ทีจี เซลลูล่าร์เวิลด์ บจก. (BAS),BAS CONSOL,2023,"  14,048.63 ","  9,139.54 ",21512,01,12,0112
M7100435,7100435,แฟนซี อาร์ท บจก. (BAS),BAS CONSOL,2023,"  67,661.51 ","  63,235.06 ",21350,02,50,0250
M7100436,7100436,กิฟท์แลนด์ บจก. (BAS),BAS CONSOL,2023,"  6,588.02 ","  6,157.03 ",21330,02,30,0230
M7100531,7100531,ดับเบิ้ล เอ็น บจก. (BAS),BAS CONSOL,2023, NULL ,"  1,008.00 ",21350,02,50,0250
M7100534,7100534,อินเตอร์ ยูนีค บจก. (BAS),BAS CONSOL,2023,"  540,082.96 ","  504,750.42 ",21310,02,10,0210
M7100559,7100559,วันฤดี รังสินธุรัตน์,BAS CONSOL,2023,"  1,957,342.38 ","  1,957,342.38 ",21350,02,50,0250
M7100561,7100561,เบสิคเวย์ บจก.,BAS CONSOL,2023,"  5,673,442.64 ","  5,302,282.83 ",21210,03,10,0310
M7100561,7100561,เบสิคเวย์ บจก.,BAS CONSOL,2023,"  1,239,836.22 ","  1,158,725.45 ",21320,02,20,0220
M7100566,7100566,มิ้นท์แอนด์มาร์ค บจก.,BAS CONSOL,2023, NULL ,  266.25 ,21212,03,12,0312
M7100583,7100583,วาสิตา น้อยประดิษฐ,BAS CONSOL,2023,"  2,302,319.91 ","  2,302,319.91 ",21110,03,80,0380
M7100649,7100649,วรรณา คชเวช,BAS CONSOL,2023, NULL ,"  2,521.15 ",21210,03,10,0310
M7100668,7100668,ปารมี เอียดเฉลิม,BAS CONSOL,2023,"  244,086.91 ","  244,086.91 ",21350,02,50,0250
M7100677,7100677,คูเปอร์ (ไทยแลนด์) บจก.,BAS CONSOL,2023,"  13,361,780.92 ","  12,487,645.71 ",21210,03,10,0310
M7100684,7100684,บอนนี่ อินเตอร์เนชั่นแนล บจก.,BAS CONSOL,2023,"  1,304,912.37 ","  1,219,544.28 ",21330,02,30,0230
M7100693,7100693,ซุปเปอร์ โกลเด็น เวิลด์ บจก.,BAS CONSOL,2023,"  254,708.30 ",  -   ,21213,03,14,0314
M7100693,7100693,ซุปเปอร์ โกลเด็น เวิลด์ บจก.,BAS CONSOL,2023,"  1,115,991.12 ","  1,042,982.35 ",21220,03,20,0320
M7000730,7000730,ดั๊บเบิ้ล เอ (1991) บมจ.,NONFOOD-MERCHANDISE,2023,"  70,962,814.51 ","  66,315,480.66 ",21350,02,50,0250
M7000732,7000732,วังเด็กทอยส์แลนด์  บจก.,NONFOOD-MERCHANDISE,2023,"  7,843,406.32 ","  7,330,286.00 ",21330,02,30,0230
M7000734,7000734,ล็อก แอนด์ ล็อก (ประเทศไทย) บจก.,NONFOOD-MERCHANDISE,2023,"  361,293.82 ","  337,657.78 ",21310,02,10,0210
M7000736,7000736,พี.เอส.ซี มาร์เก็ตติ้ง 2009,NONFOOD-MERCHANDISE,2023,"  8,765,670.05 ","  8,190,685.00 ",21330,02,30,0230
M7000759,7000759,เอ็กซ์ทรา อิเล็คทรอนิคส์ บจก.,NONFOOD-MERCHANDISE,2023,"  7,098,691.23 ","  6,634,290.87 ",21510,01,10,0110
M7000776,7000776,แคบริค (ไทยแลนด์) บจก. (HOL),NONFOOD-MERCHANDISE,2023,"  4,920,401.55 ","  4,598,506.08 ",21350,02,50,0250
M6400464,6400464,อายิโนะโมะโต๊ะ เซลส์ (ประเทศไทย) บจก. B2B,FOOD-MERCHANDISE,2023,"  14,701,770.78 ","  13,739,972.84 ",21630,04,30,0430
M6400469,6400469,หนงไทย อินเตอร์เนชั่นแนล บจก. (B2B),NONFOOD-HORECA/WHOLESALE,2023,"  7,308,185.60 ","  6,830,080.00 ",21730,05,30,0530
M6600004,6600004,จีเอสบี อินเตอร์เนชั่นแนล บจก. (BCFS),FOOD-MERCHANDISE,2023,"  676,596.28 ","  632,963.00 ",21760,05,60,0560
M6600012,6600012,ฤทธาฟู้ดส์ บจก. (BCFS),FOOD-MERCHANDISE,2023,"  663,819.50 ","  651,370.00 ",21790,05,70,0570
M6600018,6600018,บางกอกแร้นซ์ บมจ. (BCFS),FOOD-MERCHANDISE,2023,"  183,166.24 ","  126,473.44 ",21710,05,10,0510
M6600026,6600026,อายิโนะโมะโต๊ะเซลส์ (ประเทศไทย) บจก. (BCFS),FOOD-MERCHANDISE,2023,"  45,580,791.13 ","  42,572,971.87 ",21630,04,30,0430
M6600033,6600033,ณบุญ โกลบอล เทรดดิ้ง บจก. (BCFS),FOOD-MERCHANDISE,2023,"  3,108,089.90 ","  3,108,089.90 ",21730,05,30,0530
M6600043,6600043,กาแฟอำนาจมังกรบิน บจก. (BCFS),FOOD-MERCHANDISE,2023,"  212,102.24 ","  198,226.56 ",21610,04,10,0410
M6600048,6600048,วินเนอร์กรุ๊ป เอ็นเตอร์ไพรซ์ บมจ. (BCFS),FOOD-MERCHANDISE,2023,"  324,856.06 ","  233,981.49 ",21620,04,20,0420
M6600050,6600050,พรสยาม เทรดดิ้ง บจก. (BCFS),FOOD-MERCHANDISE,2023,"  36,418.26 ","  32,685.80 ",21610,04,10,0410
M6600064,6600064,ก๊กเลี้ยงฟาร์มาซี หจก. (BCFS),FOOD-MERCHANDISE,2023,"  124,675.05 ","  116,518.73 ",21660,04,60,0460
M6600078,6600078,แอนนาโพลิส บจก. (BCFS),FOOD-MERCHANDISE,2023,"  357,608.76 ","  275,040.48 ",21640,04,40,0440
M6600081,6600081,ทูกบา แดรี่ ฟาร์ม บจก. (BCFS),FOOD-MERCHANDISE,2023,"  79,265.60 ","  27,120.00 ",21790,05,70,0570
M6600090,6600090,ดอยคำผลิตภัณฑ์อาหาร บจก. (น้ำผึ้ง) BCFS,FOOD-MERCHANDISE,2023,"  70,942.41 ","  50,964.48 ",21620,04,20,0420
M6600094,6600094,โกลบอล ฟู้ด โปรดักส์ บจก. (BCFS),FOOD-MERCHANDISE,2023,"  237,253.89 ","  215,171.62 ",21630,04,30,0430
M6600096,6600096,นอติลุสฟู้ด (ประเทศไทย) บจก. (BCFS),FOOD-MERCHANDISE,2023,"  193,533.58 ","  118,970.82 ",21631,04,31,0431
M6600097,6600097,โกเบ-ย่า โชกุฮิน โคเงียว บจก. (BCFS),FOOD-MERCHANDISE,2023,"  520,968.02 ","  486,886.00 ",21630,04,30,0430
M6600097,6600097,โกเบ-ย่า โชกุฮิน โคเงียว บจก. (BCFS),FOOD-MERCHANDISE,2023,"  40,745.60 ","  28,080.00 ",21790,05,70,0570
M6600098,6600098,เพอร์นอต ริคาร์ด (ประเทศไทย) บจก. (BCFS),FOOD-MERCHANDISE,2023,"  686,329.33 ","  641,429.28 ",21650,04,50,0450
M6600111,6600111,มารีน่า (1988) บจก. (BCFS),FOOD-MERCHANDISE,2023,"  104,726.25 ","  97,875.00 ",21610,04,10,0410
M6600115,6600115,แมสมาร์เกตติ้ง บจก. (BCFS),FOOD-MERCHANDISE,2023,"  81,329.35 ","  43,762.32 ",21620,04,20,0420
M6600120,6600120,ยูนิลีเวอร์ ไทย เทรดดิ้ง บจก. (SOLUTION),FOOD-MERCHANDISE,2023,"  2,397.87 ","  2,336.02 ",21610,04,10,0410
M6600120,6600120,ยูนิลีเวอร์ ไทย เทรดดิ้ง บจก. (SOLUTION),FOOD-MERCHANDISE,2023,"  321,404.42 ","  180,019.71 ",21631,04,31,0431
M6600122,6600122,เบทาโกรเกษตรอุตสาหกรรม บจก. (CHILLED) BCFS,FOOD-MERCHANDISE,2023,"  311,339.07 ","  292,383.74 ",21760,05,60,0560
M6600131,6600131,โปรไทย บจก. (BCFS),FOOD-MERCHANDISE,2023,"  111,643.80 ","  104,340.00 ",21790,05,70,0570
M6600136,6600136,ริช โปรดักส์ แมนูแฟคเจอริ่ง (ประเทศไทย) บจก. (BCFS),FOOD-MERCHANDISE,2023,"  36,927.05 ","  31,567.32 ",21760,05,60,0560
M6600138,6600138,บีวายที ฟู๊ด ซัพพลาย บจก. (BCFS),FOOD-MERCHANDISE,2023,"  13,500.00 ","  13,500.00 ",21731,00,0,00000
M6600140,6600140,สุรพลไฟน์เนสท์ บจก. (BCFS),FOOD-MERCHANDISE,2023,"  604,699.92 ","  565,140.08 ",21790,05,70,0570
M6600146,6600146,เคซีจี คอร์ปอเรชั่น บมจ. (BCFS),FOOD-MERCHANDISE,2023,"  472,071.65 ","  442,198.44 ",21620,04,20,0420
M7100715,7100715,ศรันย์ โสภากุล,BAS CONSOL,2023,"  276,277.50 ","  276,277.50 ",21320,02,20,0220
M7100717,7100717,ธนาอาภรณ์  หจก.,BAS CONSOL,2023,"  2,455,119.58 ","  2,294,504.31 ",21220,03,20,0320
M7100770,7100770,ยูนิ-ท้อป อินเตอร์เนชั่นแนล บจก. (Poly Bright),BAS CONSOL,2023,"  285,719.52 ","  267,027.60 ",21310,02,10,0210
M7100778,7100778,ธีซิซ อินเตอร์เนชั่นแนล บจก.,BAS CONSOL,2023,"  4,025,934.21 ","  3,762,555.34 ",21210,03,10,0310
M7100778,7100778,ธีซิซ อินเตอร์เนชั่นแนล บจก.,BAS CONSOL,2023,"  31,772,866.53 ","  29,260,344.51 ",21220,03,20,0320
M7100778,7100778,ธีซิซ อินเตอร์เนชั่นแนล บจก.,BAS CONSOL,2023,"  3,655,007.85 ","  3,415,895.20 ",21250,03,50,0350
M7100781,7100781,แม็คกรุ๊ป บมจ. (Remit 7001094),BAS CONSOL,2023, NULL ,"  1,391.10 ",21220,03,20,0320
M6600160,6600160,วันทูเทรดดิ้ง บจก. (BCFS),FOOD-MERCHANDISE,2023,"  173,778.05 ","  84,874.94 ",21631,04,31,0431
M6600162,6600162,ยูนิ-เพรสซิเดนท์ มาร์เก็ตติ้ง บจก. (BCFS),FOOD-MERCHANDISE,2023,"  81,084.97 ","  75,780.36 ",21640,04,40,0440
M6600182,6600182,เอฟบี ฟู้ด เซอร์วิส (2017) บจก. (BCFS),FOOD-MERCHANDISE,2023,"  164,275.10 ","  153,528.05 ",21790,05,70,0570
M6600183,6600183,ล่ำสูง (ประเทศไทย) บมจ. (BCFS),FOOD-MERCHANDISE,2023,"  403,800.36 ","  309,101.80 ",21610,04,10,0410
M6600212,6600212,แฟชั่นฟู้ด บจก. (BCFS),FOOD-MERCHANDISE,2023,"  45,589.88 ","  29,271.20 ",21631,04,31,0431
M6600215,6600215,รวมใจ โปรดักส์ บจก. (BCFS),FOOD-MERCHANDISE,2023,"  80,888.72 ","  58,121.67 ",21660,04,60,0460
M6600219,6600219,ตราแม่ครัว บจก. (BCFS),FOOD-MERCHANDISE,2023,"  531,240.75 ","  488,999.53 ",21630,04,30,0430
M6600222,6600222,ไทยเทปกาวอุตสาหกรรม บจก. (BCFS),FOOD-MERCHANDISE,2023,"  255,888.36 ","  101,178.00 ",21710,05,10,0510
M6600234,6600234,ไดอะเมอร์แชนไดส์ บจก. (BCFS),FOOD-MERCHANDISE,2023,"  70,419.38 ","  61,207.50 ",21610,04,10,0410
M7100792,7100792,กู๊ดวิล นิตแวร์ แอนด์ สปอร์ต หจก. (Remit 0101231),BAS CONSOL,2023,"  266,222.99 ","  248,806.54 ",21220,03,20,0320
M7100793,7100793,โฟร์ซีซั่น บจก.,BAS CONSOL,2023,  (620.01),  99.19 ,21320,02,20,0220
M7100802,7100802,เอเซียคิงส์ อินเตอร์เทรด บจก. (BAS),BAS CONSOL,2023,"  4,996.57 ","  4,669.69 ",21270,03,70,0370
M7100806,7100806,ปุณฑริกา โดย นางสุรัตน์ พฤกษ์พระกานต์,BAS CONSOL,2023,"  364,899.77 ","  364,899.77 ",21220,03,20,0320
M7100837,7100837,ฟาร์เซ็นท์ เอ็นเตอร์ไพรส์ (ประเทศไทย) บจก. (BAS),BAS CONSOL,2023,"  2,728,014.63 ","  2,549,546.37 ",21310,02,10,0210
M7100841,7100841,425ดีกรี บจก. (BAS),BAS CONSOL,2023,"  34,864.74 ","  32,583.87 ",21560,01,60,0160
M6600285,6600285,อัลเฟรโด เอ็นเตอร์ไพรส์ บจก. (BCFS),FOOD-MERCHANDISE,2023,"  46,920.46 ","  39,998.64 ",21750,05,50,0550
M6600287,6600287,ฟรุตติวัล บจก. (BCFS),FOOD-MERCHANDISE,2023,"  7,350.90 ","  6,870.00 ",21790,05,70,0570
M6600288,6600288,ไทย อกริ ฟู้ดส์ บมจ. (DF) BCFS,FOOD-MERCHANDISE,2023,"  359,555.16 ","  317,203.47 ",21631,04,31,0431
M6600291,6600291,โอสถสภา เบฟเวอเรจ บจก. (Lipo) BCFS,FOOD-MERCHANDISE,2023,"  2,053,379.03 ","  1,919,045.83 ",21640,04,40,0440
M6600293,6600293,โอสถสภา เบฟเวอเรจ บจก. (M150) BCFS,FOOD-MERCHANDISE,2023,"  1,363,503.06 ","  1,274,301.94 ",21640,04,40,0440
M6600308,6600308,ไดโช (ประเทศไทย) บจก. (BCFS),FOOD-MERCHANDISE,2023,"  61,972.26 ","  57,918.00 ",21760,05,60,0560
M6600310,6600310,พี.เค.เบเกอรี่ บจก. (BCFS),FOOD-MERCHANDISE,2023,"  31,241.73 ","  30,057.08 ",21750,05,50,0550
M6600320,6600320,ยันฮี วิตามิน วอเตอร์ บจก. (BCFS),FOOD-MERCHANDISE,2023,"  130,835.86 ","  4,796.40 ",21640,04,40,0440
M6600323,6600323,โอเชี่ยน คลีน ซัพพลาย บจก. (BCFS),FOOD-MERCHANDISE,2023,"  35,422.99 ","  22,772.40 ",21670,04,70,0470
M6600352,6600352,เพาเวอร์โอฬาร บจก. BCFS (SME),FOOD-MERCHANDISE,2023,"  320,892.61 ","  167,701.76 ",21672,04,72,0472
M6600354,6600354,บริหารการขายและบริการ บจก. (BCFS),FOOD-MERCHANDISE,2023,"  71,334.02 ","  25,634.52 ",21631,04,31,0431
M6800006,6800006,ที.แมน ฟาร์มาซูติคอล บจก. (Siri Pharma),FOOD-MERCHANDISE,2023,"  24,379.88 ","  20,361.20 ",21840,06,20,0620
M6800017,6800017,กิติธัญ บจก. (Siri Pharma),FOOD-MERCHANDISE,2023,"  15,119.87 ","  14,130.72 ",21840,06,20,0620
M6800036,6800036,คีโว-ไทย บจก. (Siri Pharma),FOOD-MERCHANDISE,2023,"  2,088.04 ","  1,951.44 ",21850,06,30,0630
M6800049,6800049,ส.เจริญเภสัชเทรดดิ้ง บจก. (Siri Pharma),FOOD-MERCHANDISE,2023,"  12,472.25 ","  11,656.31 ",21840,06,20,0620
M6800056,6800056,ดีเคเอสเอช (ประเทศไทย) บจก. NEURIM (Siri Pharma),FOOD-MERCHANDISE,2023,"  80,715.76 ","  62,817.26 ",21830,06,10,0610
M6800073,6800073,ดีเคเอสเอช (ประเทศไทย) บจก. BAYER CON (Siri Pharma),FOOD-MERCHANDISE,2023,"  35,346.74 ","  25,501.34 ",21840,06,20,0620
M6800104,6800104,ฟาร์มาฮอฟ บจก. (Siri Pharma),FOOD-MERCHANDISE,2023,"  322,543.75 ","  152,822.20 ",21840,06,20,0620
M7000993,7000993,เพตท์ตินี (ประเทศไทย) บจก.,NONFOOD-MERCHANDISE,2023,"  5,507,309.88 ","  5,147,018.60 ",21340,02,40,0240
M7001033,7001033,ทีจี แคปปิตอล บจก.,NONFOOD-MERCHANDISE,2023,"  17,166,783.95 ","  16,043,723.29 ",21110,03,80,0380
M7001048,7001048,ฮาโก้ อิเลคทริค (ประเทศไทย) บจก.,NONFOOD-MERCHANDISE,2023,"  1,092,006.76 ","  1,020,567.06 ",21340,02,40,0240
M7001058,7001058,ซี เค แอล อินเตอร์เทรด บจก.,NONFOOD-MERCHANDISE,2023,"  1,119,993.61 ","  1,046,723.00 ",21330,02,30,0230
M7001082,7001082,ซีเอสเอส พีเอ็น อินเตอร์เนชั่นแนล บจก.,NONFOOD-MERCHANDISE,2023,"  2,796,531.55 ","  2,613,580.90 ",21220,03,20,0320
M7001105,7001105,สยามแมสเสส แอนด์ เทรด บจก.,NONFOOD-MERCHANDISE,2023,"  83,855.90 ","  78,370.00 ",21220,03,20,0320
M7001111,7001111,เจริญทรัพย์โปรดักส์ บจก. (M7001111),NONFOOD-MERCHANDISE,2023,"  8,745,318.65 ","  8,172,545.00 ",21220,03,20,0320
M7001134,7001134,สเต็ป ฟอร์เวิร์ด กรุ๊ป บจก.,NONFOOD-MERCHANDISE,2023,"  203,713,631.42 ","  190,302,911.41 ",21510,01,10,0110
M7001138,7001138,สยามวิคเกอร์ บจก.,NONFOOD-MERCHANDISE,2023,"  562,345.88 ","  525,556.92 ",21350,02,50,0250
M7300104,7300104,ดนุเดช อุตสาหกรรม บจก. (LP),NONFOOD-MERCHANDISE,2023,"  26,837,392.32 ","  25,081,674.54 ",21310,02,10,0210
M7300193,7300193,คอปเปอร์เทค บจก.,NONFOOD-MERCHANDISE,2023,"  1,517,925.16 ","  1,418,621.60 ",21310,02,10,0210
M7300250,7300250,เคไอเจ มาร์เก็ตติ้ง  บจก.,NONFOOD-MERCHANDISE,2023,"  6,309,466.86 ","  5,896,698.00 ",21310,02,10,0210
M7300479,7300479,KOWHAI PACIFIC LTD,OVERSEAS,2023,"  6,735,515.09 ","  6,735,515.09 ",21730,05,30,0530
M7300538,7300538,"Matsuoka Co.,Ltd.",OVERSEAS,2023,"  1,161,947.50 ","  1,161,947.50 ",21720,05,20,0520
M7300630,7300630,"ANHUI SIHO MANUFACTURER AND TRADING CO., LTD.",OVERSEAS,2023,"  749,860.20 ","  749,860.20 ",21310,02,10,0210
M7300716,7300716,"ZHEJIANG WUYI HUADERUN COMMODITY CO.,LTD.",OVERSEAS,2023,"  25,829,309.76 ","  25,829,309.76 ",21310,02,10,0210
M7300786,7300786,"FOSHAN FOR WORLD IMPORT AND EXPORT CO.,LTD",OVERSEAS,2023,"  2,264,781.81 ","  2,264,781.81 ",21320,02,20,0220
M7300825,7300825,"Hunan Duoying Agricultural Science and Technology Co., Ltd",OVERSEAS,2023,"  30,037,596.95 ","  30,037,596.95 ",21730,05,30,0530
M7300843,7300843,BURST FOODS PTY LTD (TRADING AS COBS FINE FOODS),OVERSEAS,2023,"  291,121.74 ","  291,121.74 ",21620,04,20,0420
M7300853,7300853,"QINGDAO GEMMY IMP.& EXP.CO., LTD",OVERSEAS,2023,"  3,291,814.78 ","  3,291,814.78 ",21310,02,10,0210
M7400107,7400107,แชมเบอร์มาร์เก็ตติ้ง บจก.,NONFOOD-HORECA/WHOLESALE,2023,"  8,049,997.34 ","  7,523,362.00 ",21310,02,10,0210
M7400203,7400203,เบสท์ เวิร์ค เบสท์ โซลูชั่น บจก. B2B,NONFOOD-HORECA/WHOLESALE,2023,"  895,097.80 ","  836,540.00 ",21520,01,20,0120
M7601044,7601044,อีสเทิร์น โพลีแพค บจก. (BCFS),NONFOOD-MERCHANDISE,2023,"  136,611.18 ",  -   ,21360,02,60,0260
M7601046,7601046,ซันเปเปอร์ แพคเกจจิ้ง 59 บจก. (BCFS),NONFOOD-MERCHANDISE,2023,"  232,395.89 ","  303,400.66 ",21310,02,10,0210
M7001155,7001155,สัมมิท คอร์ปอเรชั่น โอเวอร์ซีส์ บจก.,NONFOOD-MERCHANDISE,2023,"  2,655,122.97 ","  2,069,594.61 ",21660,04,60,0460
M7001155,7001155,สัมมิท คอร์ปอเรชั่น โอเวอร์ซีส์ บจก.,NONFOOD-MERCHANDISE,2023,"  17,372.52 ","  16,236.00 ",21670,04,70,0470
M7001186,7001186,ซิมบา ทอยส์ (ประเทศไทย) บจก.,NONFOOD-MERCHANDISE,2023,"  1,018,597.97 ","  951,960.73 ",21330,02,30,0230
M7001208,7001208,พี.ที.ที.โพรเกรส บจก.,NONFOOD-MERCHANDISE,2023,"  (1,883.20)","  (1,760.00)",21330,02,30,0230
M7001234,7001234,ดับเบิ้ลสวีท บจก.,NONFOOD-MERCHANDISE,2023,"  1,818,740.05 ","  1,699,757.09 ",21240,03,40,0340
M7001260,7001260,เบโค ไทย บจก.,NONFOOD-MERCHANDISE,2023,"  30,798,477.68 ","  28,783,624.00 ",21512,01,12,0112
M6900005,6900005,โรงน้ำแข็งปักธงชัย หจก. (BCMM),FOOD-MERCHANDISE,2023,"  14,037.91 ","  13,311.60 ",21790,05,70,0570
M6900006,6900006,หาดทิพย์ บมจ. (BCMM),FOOD-MERCHANDISE,2023,"  1,768,511.99 ","  1,652,815.02 ",21640,04,40,0440
M6900010,6900010,เชียงใหม่ วอลล์ บจก. (BCMM),FOOD-MERCHANDISE,2023,"  86,390.65 ","  80,738.94 ",21790,05,70,0570
M6900012,6900012,ยูนิลีเวอร์ ไทย เทรดดิ้ง บจก. (BCMM),FOOD-MERCHANDISE,2023,  -   ,  -   ,21750,05,50,0550
M6900013,6900013,ดีเคเอสเอช (ประเทศไทย) บจก. Mondelez (BCMM),FOOD-MERCHANDISE,2023,"  1,350.94 ","  1,336.71 ",21620,04,20,0420
M6900020,6900020,กิตติธรา ดิสทริบิวเตอร์ บจก. (BCMM),FOOD-MERCHANDISE,2023,"  65,381.83 ","  93,330.44 ",21790,05,70,0570
M6900030,6900030,สระบุรีวารีเทพ บจก. (BCMM),FOOD-MERCHANDISE,2023,"  31,800.00 ","  31,800.00 ",21790,05,70,0570
M6900037,6900037,เถลิงศักดิ์ รัตนะคุณชัย (BCMM),FOOD-MERCHANDISE,2023,"  48,800.00 ","  51,760.00 ",21790,05,70,0570
M6900041,6900041,กวีวงศ์ โคมทอง (BCMM),FOOD-MERCHANDISE,2023,"  32,100.00 ","  32,100.00 ",21790,05,70,0570
M6900050,6900050,สมายส์แอนด์คูล 99 บจก. (BCMM),FOOD-MERCHANDISE,2023,"  42,523.30 ","  39,741.40 ",21790,05,70,0570
M6900052,6900052,อุดรกิตติ (1992) บจก. (BCMM),FOOD-MERCHANDISE,2023,"  66,351.10 ","  63,418.20 ",21790,05,70,0570
M6300223,6300223,ตะวันพืชผล บจก.  LP,FOOD-MERCHANDISE,2023,"  1,200,355.87 ","  1,121,827.92 ",21610,04,10,0410
M6300223,6300223,ตะวันพืชผล บจก.  LP,FOOD-MERCHANDISE,2023,"  2,083,635.00 ","  2,083,635.00 ",21630,04,30,0430
M6300232,6300232,เมกก้าคลีน โปรดักส์ บจก. (LP),FOOD-MERCHANDISE,2023,"  77,305,358.92 ","  75,140,111.32 ",21670,04,70,0470
M6300274,6300274,ทีโก เดนทอล แอนด์ เคมีคอล บจก. (LP),FOOD-MERCHANDISE,2023,"  4,597,600.51 ","  4,296,822.96 ",21660,04,60,0460
M6300305,6300305,ดีเอฟที (ประเทศไทย) บจก. (LP),FOOD-MERCHANDISE,2023,"  18,573,233.15 ","  17,327,864.34 ",21660,04,60,0460
M6300334,6300334,วาไรตี้ ฟู้ดส์ อินเตอร์เนชั่นแนล บจก. (LP),FOOD-MERCHANDISE,2023,"  43,785,182.17 ","  40,920,730.85 ",21620,04,20,0420
M6300341,6300341,ซีแอนด์ดับบลิว อินเตอร์ฟูดส์ บจก.,FOOD-MERCHANDISE,2023,"  11,033,397.98 ","  10,326,725.08 ",21750,05,50,0550
M6300358,6300358,ซีแอนด์ดับบลิว อินเตอร์ฟูดส์ บจก. (LP),FOOD-MERCHANDISE,2023,"  37,864,415.70 ","  35,387,303.60 ",21750,05,50,0550
M7001271,7001271,เค.เจริญ เทรดดิ้ง บจก.,NONFOOD-MERCHANDISE,2023,"  628,158.48 ","  587,064.00 ",21220,03,20,0320
M7001287,7001287,เลิศวัฒนาหิรัญ บจก.,NONFOOD-MERCHANDISE,2023,"  7,126.20 ","  6,660.00 ",21222,03,22,0322
M7001288,7001288,ทรัพย์มณี 99 บจก.,NONFOOD-MERCHANDISE,2023,"  31,393,370.93 ","  29,339,599.00 ",21210,03,10,0310
M7001294,7001294,สกายวิง เอ็นเตอร์ไพรส์ บจก.,NONFOOD-MERCHANDISE,2023,"  3,419,415.45 ","  3,195,715.37 ",21510,01,10,0110
M7001326,7001326,พิทักษ์ สาคร (เอ.อี.ซี. 2015) บจก.,NONFOOD-MERCHANDISE,2023,"  2,458,763.70 ","  2,306,310.00 ",21310,02,10,0210
M7001379,7001379,สิริจอมทรัพย์ บจก.,NONFOOD-MERCHANDISE,2023,"  117,203.21 ","  109,535.71 ",21340,02,40,0240
M7001401,7001401,ทริปเปิล เอส โฮม บจก.,NONFOOD-MERCHANDISE,2023,"  13,940.39 ","  13,028.40 ",21350,02,50,0250
M7001407,7001407,อาร์เอชเอ็ม อินเตอร์กรุ๊ป บจก.,NONFOOD-MERCHANDISE,2023,  -   ,  -   ,21220,03,20,0320
M7001407,7001407,อาร์เอชเอ็ม อินเตอร์กรุ๊ป บจก.,NONFOOD-MERCHANDISE,2023,"  2,272,539.05 ","  2,193,864.43 ",21512,01,12,0112
M7001417,7001417,ทริลเลียน แบรนด์บ็อกซ์ บจก.,NONFOOD-MERCHANDISE,2023,"  385,675.08 ","  360,444.00 ",21310,02,10,0210
M7001432,7001432,คลีโอ เนเชอรัล กรุ๊ป บจก. (แอร์เคลื่อนที่),NONFOOD-MERCHANDISE,2023,"  65,268.75 ","  59,708.83 ",21512,01,12,0112
M7001447,7001447,เอส.ที.อินเตอร์เนชั่นแนลโคลทธิง  บจก.,NONFOOD-MERCHANDISE,2023,"  217,210.00 ","  203,000.00 ",21220,03,20,0320
M7001463,7001463,จี.เอ็ม.เอส.คอร์เปอเรชั่น บจก. (EXPO),NONFOOD-MERCHANDISE,2023,"  68,782.88 ","  11,211.60 ",21340,02,40,0240
M7001474,7001474,ซีเอสเอส พีเอ็น อินเตอร์เนชั่นแนล บจก. (NO_OI),NONFOOD-MERCHANDISE,2023,"  3,700.06 ","  3,458.00 ",21212,03,12,0312
M7601057,7601057,อ.โรจน์รุ่ง บจก. (BCFS),NONFOOD-MERCHANDISE,2023,"  34,706.52 ","  32,436.00 ",21310,02,10,0210
M7601058,7601058,ลัคกี้ สเตรท บจก. (BCFS),NONFOOD-MERCHANDISE,2023,"  157,290.00 ","  147,000.00 ",21330,02,30,0230
M7601059,7601059,ดราโก อิเลคทริคอล เอ็นจิเนียริ่ง บจก. (BCFS),NONFOOD-MERCHANDISE,2023,"  619,217.56 ","  578,708.00 ",21510,01,10,0110
M7601060,7601060,แฟคเคลมาน ดิสทริบิวชั่น (ไทยแลนด์) บจก. BCFS (SME),NONFOOD-MERCHANDISE,2023,"  87,070.88 ","  81,374.66 ",21310,02,10,0210
M7601068,7601068,นาโอะ โกลเบิล บจก. (BCFS),NONFOOD-MERCHANDISE,2023,"  3,509.60 ","  3,280.00 ",21330,02,30,0230
M8000454,8000454,น้ำดื่มปิ่นทิพย์,NON-MERCHANDISE,2023,"  2,400.00 ","  2,400.00 ",21701,00,0,00000
M8007303,8007303,ไทยน้ำทิพย์ คอมเมอร์เชียล บจก.,TOWN CENTER,2023,"  (3,535.57)","  (3,304.27)",33032,09,,09
M8014277,8014277,ผลิตน้ำแข็งไทยขนส่ง บจก.,NON-MERCHANDISE,2023,"  48,668.95 ","  45,485.00 ",21701,00,0,00000
M8014280,8014280,โชคเพชรสมุทร 1999 บจก. (Opex),NON-MERCHANDISE,2023,"  64,585.20 ","  60,360.00 ",21701,00,0,00000
M8014651,8014651,วิวไอซ์ (2015) บจก.,NON-MERCHANDISE,2023,"  3,884.10 ","  3,630.00 ",21701,00,0,00000
M6900072,6900072,โรงน้ำแข็ง ไพฑูรย์ (1999) บจก. (BCMM),FOOD-MERCHANDISE,2023,"  172,211.13 ","  161,367.40 ",21790,05,70,0570
M7000009,7000009,ไอ.ซี.ซี.อินเตอร์เนชั่นแนล บมจ. (Pias cosmetic),NONFOOD-MERCHANDISE,2023,"  6,486,520.05 ","  6,060,163.01 ",21661,04,61,0461
M7000078,7000078,มาซูม่า (ประเทศไทย) บจก.,NONFOOD-MERCHANDISE,2023,"  463,711.18 ","  433,374.93 ",21510,01,10,0110
M7000114,7000114,ไอ.ซี.ซี.อินเตอร์เนชั่นแนล บมจ. (UNDERWEAR ARROW LITE),NONFOOD-MERCHANDISE,2023,"  598,148.90 ","  559,017.66 ",21222,03,22,0322
M7000129,7000129,เฟิสท์ดรีม บจก.,NONFOOD-MERCHANDISE,2023,"  11,741,110.06 ","  10,973,000.06 ",21110,03,80,0380
M7000129,7000129,เฟิสท์ดรีม บจก.,NONFOOD-MERCHANDISE,2023,"  3,281,823.75 ","  3,067,125.00 ",21220,03,20,0320
M7000291,7000291,ฟาร์เซ็นท์ เอ็นเตอร์ไพรส์ (ประเทศไทย) บจก. (7000291),NONFOOD-MERCHANDISE,2023,"  3,327,453.02 ","  3,108,435.24 ",21310,02,10,0210
M7001509,7001509,อินไลน์ เน็ทเวิร์ค บจก.,NONFOOD-MERCHANDISE,2023,"  15,125,352.90 ","  14,167,150.84 ",21340,02,40,0240
M7001514,7001514,ซี ทัชพ้อยท์ บจก.,NONFOOD-MERCHANDISE,2023,"  2,172,280.83 ","  1,883,720.00 ",21310,02,10,0210
M7001515,7001515,มาร์เก็ต แพล็ทฟอร์ม บจก.,NONFOOD-MERCHANDISE,2023,"  139,805.38 ","  146,517.44 ",21340,02,40,0240
M7001527,7001527,ค้ารุ่ง บจก.,NONFOOD-MERCHANDISE,2023,"  567,260.83 ","  530,150.40 ",21310,02,10,0210
M7001537,7001537,เทค ทอยส์ บจก.,NONFOOD-MERCHANDISE,2023,"  20,852,352.60 ","  17,265,451.00 ",21330,02,30,0230
M7001552,7001552,บี ซี จี กรุ๊ป บจก. (SL),NONFOOD-MERCHANDISE,2023,"  6,009,730.99 ","  5,616,571.00 ",21220,03,20,0320
M7001560,7001560,ไฮเซ่นส์ อินเตอร์เนชั่นแนล (ประเทศไทย) บจก.,NONFOOD-MERCHANDISE,2023,"  277,335,850.64 ","  259,667,210.55 ",21512,01,12,0112
M7001560,7001560,ไฮเซ่นส์ อินเตอร์เนชั่นแนล (ประเทศไทย) บจก.,NONFOOD-MERCHANDISE,2023,"  228,403,924.55 ","  214,000,583.92 ",21520,01,20,0120
M7001576,7001576,ที สแควร์ ดิสทริบิวเตอร์ บจก.,NONFOOD-MERCHANDISE,2023,"  2,110,784.15 ","  1,972,695.46 ",21350,02,50,0250
M7001583,7001583,กรีนแพค มาร์เก็ตติ้ง บจก. (HOL),NONFOOD-MERCHANDISE,2023,"  7,828.75 ","  7,316.58 ",21670,04,70,0470
M7001585,7001585,มีบุญพานิชย์ บจก. (SL),NONFOOD-MERCHANDISE,2023,"  733,225.62 ","  685,257.60 ",21240,03,40,0340
M7001595,7001595,เฮลท์เวย์ ซัพพลาย บจก.,NONFOOD-MERCHANDISE,2023,"  530,973.79 ","  496,237.20 ",21310,02,10,0210
M7001612,7001612,โกลเด้นท์ โมลด์ แมนนูแฟคเจอริ่ง บจก.,NONFOOD-MERCHANDISE,2023,"  202,063.08 ","  188,844.00 ",21222,03,22,0322
M7001643,7001643,นูเบบ (ประเทศไทย) บจก. (Baby/Children),NONFOOD-MERCHANDISE,2023,"  6,910,533.77 ","  6,458,442.75 ",21240,03,40,0340
M7001645,7001645,ดำรงศิลป์ ซัพพลายส์ บจก.,NONFOOD-MERCHANDISE,2023,"  196,339.87 ","  183,495.20 ",21340,02,40,0240
M7100095,7100095,วินเนอร์ทีม บจก.,BAS CONSOL,2023,"  29,501.90 ","  27,571.86 ",21212,03,12,0312
M7100185,7100185,โปรเฟสชั่นนัล  คลีนนิ่ง  บจก.,BAS CONSOL,2023,"  3,866,137.15 ","  3,613,212.25 ",21340,02,40,0240
M7100251,7100251,ไพลินบุ๊คเน็ต บมจ.,BAS CONSOL,2023,"  1,396,170.01 ","  1,396,170.01 ",21350,02,50,0250
M7100275,7100275,บี พี เวิลด์ อินเตอร์เนชั่นแนล บจก.,BAS CONSOL,2023,"  30,764,873.75 ","  28,752,218.46 ",21330,02,30,0230
M7100293,7100293,มาเจซทิค เอ บจก.,BAS CONSOL,2023,"  563,798.95 ","  526,914.91 ",21220,03,20,0320
M7100357,7100357,บ้านไท-คริสตัล เซรามิค บจก.,BAS CONSOL,2023,"  605,432.02 ","  1,122,082.11 ",21310,02,10,0210
M7100416,7100416,พี.แอล.อี.ประภา บจก.,BAS CONSOL,2023,"  32,934.00 ","  30,779.44 ",21222,03,22,0322
M7100417,7100417,กิจการดี บจก. (BAS),BAS CONSOL,2023,"  38,510,002.27 ","  35,990,656.37 ",21250,03,50,0350
M7100427,7100427,อานนท์พัฒนา บจก.,BAS CONSOL,2023, NULL ,"  5,294.81 ",21210,03,10,0310
M7100427,7100427,อานนท์พัฒนา บจก.,BAS CONSOL,2023, NULL ,  261.03 ,21213,03,14,0314
M7000382,7000382,เอส.เค.เอ.สปอร์ต บจก.,NONFOOD-MERCHANDISE,2023,"  7,257,768.19 ","  6,782,960.90 ",21330,02,30,0230
M7000457,7000457,บี.บี.เลิฟ หจก.,NONFOOD-MERCHANDISE,2023,"  3,856,286.18 ","  3,604,005.78 ",21240,03,40,0340
M7000478,7000478,คิปปี้ อีควิปเม้นท์ บจก.,NONFOOD-MERCHANDISE,2023,"  1,745,810.97 ","  1,632,852.31 ",21350,02,50,0250
M7000480,7000480,ที.เอส.เจ็น บจก.,NONFOOD-MERCHANDISE,2023,"  2,063,388.00 ","  1,928,400.00 ",21320,02,20,0220
M7000531,7000531,ดาต้า เพาเวอร์ บจก. (M7000531),NONFOOD-MERCHANDISE,2023,  -   ,  564.61 ,21340,02,40,0240
M7000538,7000538,บี.เจ.ซี.ซัพพลาย บจก.,NONFOOD-MERCHANDISE,2023,"  4,125,908.23 ","  3,855,989.00 ",21310,02,10,0210
M7000571,7000571,ยูนิ-ชาร์ม (ประเทศไทย) บจก. (SL),NONFOOD-MERCHANDISE,2023,"  690,256,471.53 ","  645,099,505.94 ",21672,04,72,0472
M7000575,7000575,เอส.ซี.ยอห์นสัน แอนด์ ซัน  บจก.,NONFOOD-MERCHANDISE,2023,"  7,577,879.91 ","  7,082,130.78 ",21250,03,50,0350
M7100538,7100538,โอโนโน่ อินเตอร์ บจก.,BAS CONSOL,2023,"  11,049,998.96 ","  10,327,101.85 ",21210,03,10,0310
M7100538,7100538,โอโนโน่ อินเตอร์ บจก.,BAS CONSOL,2023,"  759,791.15 ","  710,085.18 ",21213,03,14,0314
M7100546,7100546,สยามไดวิ่ง เอ็นเตอร์ไพรส์-เอเซีย แปซิฟิก บจก.,BAS CONSOL,2023,"  894,507.50 ","  1,227,686.97 ",21330,02,30,0230
M7100557,7100557,ร่วมเจริญพัฒนา บจก. (BAS),BAS CONSOL,2023,"  71,464,868.30 ","  66,789,596.52 ",21270,03,70,0370
M7100561,7100561,เบสิคเวย์ บจก.,BAS CONSOL,2023,"  10,701,690.88 ","  10,001,580.27 ",21350,02,50,0250
M7100594,7100594,พลภัทร เทรดดิ้ง บจก.,BAS CONSOL,2023,"  7,517,854.48 ","  7,026,032.22 ",21310,02,10,0210
M7100620,7100620,ทองทวี (2557) บจก.,BAS CONSOL,2023,"  245,075.16 ","  229,042.21 ",21220,03,20,0320
M7100625,7100625,กังวานสิน บจก.,BAS CONSOL,2023,"  168,571.89 ","  157,543.83 ",21210,03,10,0310
M7100629,7100629,พิริยาอาภรณ์ บจก.,BAS CONSOL,2023, NULL ,"  1,283.10 ",21210,03,10,0310
M7100629,7100629,พิริยาอาภรณ์ บจก.,BAS CONSOL,2023, NULL ,  194.35 ,21213,03,14,0314
M7100643,7100643,นภาพร ศุภเลิศพร,BAS CONSOL,2023,  -   ,  175.20 ,21350,02,50,0250
M7100682,7100682,ไทย อินฟา เทรดดิ้ง บจก. (BAS),BAS CONSOL,2023,"  943,716.59 ","  881,978.10 ",21210,03,10,0310
M7100707,7100707,สยามอินเตอร์แฟชั่น บจก.,BAS CONSOL,2023,"  423,873.21 ","  395,389.99 ",21220,03,20,0320
M7100710,7100710,เมเจอร์ทรี บจก. (BAS),BAS CONSOL,2023,"  1,236,163.90 ","  1,155,293.36 ",21210,03,10,0310
M7100711,7100711,ธรรมฉัตร เอ็นเตอร์ไพรส์ บจก.,BAS CONSOL,2023,"  35,020.63 ","  32,729.58 ",21320,02,20,0220
M7100727,7100727,วอริกซ์ สปอร์ต บมจ.,BAS CONSOL,2023,"  22,665,191.06 ","  21,182,421.55 ",21220,03,20,0320
M7100742,7100742,มัลลิการ์ ซูวีเนียร์ บจก.,BAS CONSOL,2023, NULL ,"  34,094.16 ",21350,02,50,0250
M7100751,7100751,เอี่ยน บจก.,BAS CONSOL,2023,"  28,167,207.01 ","  26,324,492.55 ",21330,02,30,0230
M7100754,7100754,กรู้ฟวี่ แม็ป บจก.,BAS CONSOL,2023,"  48,689.56 ","  45,504.25 ",21350,02,50,0250
M7100760,7100760,หลงไทย อินเตอร์เนชั่นแนล กรุ๊ป บจก. (Bas),BAS CONSOL,2023,"  151,011.00 ",  (32.33),21210,03,10,0310
M7100772,7100772,จีเอ็มเอ็ม แกรมมี่ บมจ. (NEW),BAS CONSOL,2023,"  1,922,712.12 ","  1,796,927.23 ",21350,02,50,0250
M7100784,7100784,รอซโซ่ บจก. (BAS),BAS CONSOL,2023,  315.00 ,  -   ,21213,03,14,0314
M7100784,7100784,รอซโซ่ บจก. (BAS),BAS CONSOL,2023,"  443,902.39 ","  156,800.50 ",21222,03,22,0322
M7100784,7100784,รอซโซ่ บจก. (BAS),BAS CONSOL,2023,"  1,405,448.86 ","  1,313,503.61 ",21250,03,50,0350
M7100836,7100836,พาราดอกซ์ เทรดดิ้ง บจก. (BAS),BAS CONSOL,2023,"  121,186.10 ","  113,258.03 ",21310,02,10,0210
M7100838,7100838,อินไลน์ เน็ทเวิร์ค บจก. (BAS),BAS CONSOL,2023,"  5,818,094.51 ","  5,437,471.47 ",21340,02,40,0240
M7100840,7100840,ทีจี เซลลูล่าร์เวิลล์ บจก. (BAS) Remit M7100431,BAS CONSOL,2023,"  8,619,766.89 ","  15,784,013.66 ",21560,01,60,0160
M7100844,7100844,เอ็น วาย เจ กรุ๊ป บจก. (BAS),BAS CONSOL,2023,"  2,538,595.27 ",  518.13 ,21222,03,22,0322
M7300121,7300121,"Guangdong Guangxin Furniture Co., Ltd.",OVERSEAS,2023,"  660,809.76 ","  660,809.76 ",21320,02,20,0220
M7300296,7300296,นาป้า บจก. (M7300296),NONFOOD-MERCHANDISE,2023,"  1,617,583.52 ","  1,497,123.00 ",21340,02,40,0240
M7300653,7300653,"CAO THANH PHAT IMPORT EXPORT CO.,LTD",OVERSEAS,2023,"  1,865,060.70 ","  1,865,060.70 ",21730,05,30,0530
M7300659,7300659,"COSMIC OCEAN CO.,LTD.",OVERSEAS,2023,"  4,891,899.60 ","  4,891,899.60 ",21740,05,40,0540
M7300673,7300673,ณมน มาร์เกตติ้ง บจก. (PLM),NONFOOD-MERCHANDISE,2023,"  51,518,233.38 ","  48,145,528.09 ",21320,02,20,0220
M7300674,7300674,เอ. ซี. เค. บจก. (PLM),NONFOOD-MERCHANDISE,2023,"  17,037,427.03 ","  15,922,829.00 ",21320,02,20,0220
M7300731,7300731,สตาร์ คาร์เปท บจก. (Export MMVN),NONFOOD-MERCHANDISE,2023,"  1,247,577.20 ","  1,165,960.00 ",21320,02,20,0220
M7300736,7300736,แฟชั่น โฮมเท็กซ์ บจก. (Export MMVN),NONFOOD-MERCHANDISE,2023,"  339,746.40 ","  317,520.00 ",21320,02,20,0220
M7300744,7300744,"ENROUTE TRADING CO., LTD",OVERSEAS,2023,"  2,280,194.30 ","  2,280,194.30 ",21320,02,20,0220
M7300770,7300770,"UNION HOME CO.,LTD",OVERSEAS,2023,"  560,279.50 ","  560,279.50 ",21340,02,40,0240
M7300782,7300782,"GUANGZHOU ZHENXING IMPORT AND EXPORT CO.,LTD.",OVERSEAS,2023,"  1,097,137.85 ","  1,097,137.85 ",21310,02,10,0210
M7300791,7300791,"HANGZHOU ZHEBEN IMPORT AND EXPORT CO., LTD",OVERSEAS,2023,"  387,790.33 ","  387,790.33 ",21330,02,30,0230
M7300806,7300806,"Shenzhen Unique Scales Co.,Ltd",OVERSEAS,2023,"  257,094.50 ","  257,094.50 ",21330,02,30,0230
M7300808,7300808,"YIWU JINGTAI GARMENTS CO.,LTD",OVERSEAS,2023,"  676,108.20 ","  676,108.20 ",21220,03,20,0320
M7300814,7300814,SalMar AS,OVERSEAS,2023,"  501,338.20 ","  501,338.20 ",21720,05,20,0520
M7300827,7300827,"GuangZhou AnC Imp. And Exp. Co., ltd",OVERSEAS,2023,"  1,080,127.77 ","  1,080,127.77 ",21310,02,10,0210
M7300849,7300849,PT. Satoria Agro Industri,OVERSEAS,2023,"  482,130.63 ","  482,130.63 ",21620,04,20,0420
M7300851,7300851,"Shenzhen Baoshengfeng Import and Export Co., Ltd.",OVERSEAS,2023,"  3,291,484.39 ","  3,291,484.39 ",21310,02,10,0210
M7300858,7300858,"ZHEJIANG RAISUN IMP. & EXP. CO., LTD",OVERSEAS,2023,"  444,613.79 ","  444,613.79 ",21330,02,30,0230
M7400015,7400015,ทานตะวันอุตสาหกรรม บมจ. (M7400015),NONFOOD-HORECA/WHOLESALE,2023,"  3,353,637.13 ","  3,134,240.32 ",21310,02,10,0210
M7400203,7400203,เบสท์ เวิร์ค เบสท์ โซลูชั่น บจก. B2B,NONFOOD-HORECA/WHOLESALE,2023,"  404,524.20 ","  378,060.00 ",90039,00,0,00000
M7601040,7601040,ยูนิ-ท้อป อินเตอร์เนชั่นแนล บจก. (BCFS),NONFOOD-MERCHANDISE,2023,"  349,124.57 ","  326,284.68 ",21310,02,10,0210
M7601043,7601043,เคไอเจ มาร์เก็ตติ้ง บจก. (BCFS),NONFOOD-MERCHANDISE,2023,"  19,919.12 ","  18,616.00 ",21310,02,10,0210
M7601066,7601066,เอ็มเอ็มพี คอร์ปอเรชั่น บจก. (BCFS),NONFOOD-MERCHANDISE,2023,"  54,852.48 ","  51,264.00 ",21310,02,10,0210
M7000575,7000575,เอส.ซี.ยอห์นสัน แอนด์ ซัน  บจก.,NONFOOD-MERCHANDISE,2023,"  106,344.44 ","  1,817.42 ",21670,04,70,0470
M7000577,7000577,นีโอ คอร์ปอเรท บจก.,NONFOOD-MERCHANDISE,2023,"  36,697,681.16 ","  33,940,854.48 ",21670,04,70,0470
M7000589,7000589,สันสร้าง ฟุตแวร์ บจก.,NONFOOD-MERCHANDISE,2023,"  124,881.84 ","  116,712.00 ",21250,03,50,0350
M7000623,7000623,ศรีไทยอินเตอร์เนชั่นแนล บจก.,NONFOOD-MERCHANDISE,2023,"  562,608.01 ","  525,801.87 ",21330,02,30,0230
M7000675,7000675,ผลิตภัณฑ์กระดาษไทย บจก.,NONFOOD-MERCHANDISE,2023,"  1,393,922.12 ","  1,302,730.88 ",21310,02,10,0210
M7000703,7000703,สยามโอเคดีโช๊คอัพซอร์เบอร์ บจก.,NONFOOD-MERCHANDISE,2023,"  4,996,028.48 ","  4,669,185.50 ",21340,02,40,0240
M7000710,7000710,ศรีโรจนกิจ ฟุตแวร์  บจก.,NONFOOD-MERCHANDISE,2023,"  10,371,261.76 ","  9,692,768.00 ",21210,03,10,0310
M7000785,7000785,โกลด์สตาร์ เทรดดิ้ง บจก.,NONFOOD-MERCHANDISE,2023,"  1,445,236.16 ","  1,350,688.00 ",21210,03,10,0310
M7000800,7000800,การ์ตูน แคแร็คเตอร์ บจก.,NONFOOD-MERCHANDISE,2023,"  67,121.10 ","  4,260.00 ",21250,03,50,0350
M7000802,7000802,แสงเทียนธรรมวิทย์ หจก.,NONFOOD-MERCHANDISE,2023,"  12,656,458.19 ","  11,828,464.30 ",21310,02,10,0210
M8000808,8000808,เอฟ แอนด์ ซี เอ็นเตอร์ไพรส์ บจก.,FOOD-MERCHANDISE,2023,"  3,705,391.86 ","  2,955,807.68 ",21720,05,20,0520
M8012717,8012717,ฟูจิ ไอซ์ เมนูแฟคเจอริ่ง บจก. (Opex),NON-MERCHANDISE,2023,"  36,080.00 ","  33,719.63 ",21701,00,0,00000
M8014007,8014007,ธนิกา วราสภานนท์,NON-MERCHANDISE,2023,"  13,615.00 ","  13,615.00 ",21701,00,0,00000
M8015551,8015551,ซี.พี.อุตสาหกรรมบรรจุภัณฑ์ บจก. (Opex),NON-MERCHANDISE,2023,  -   ,  -   ,26100,00,0,00000
M8015556,8015556,สุขเสรี เอส ไอ ซี หจก. (Opex),NON-MERCHANDISE,2023,"  40,617.20 ","  37,960.00 ",21701,00,0,00000
M8015834,8015834,เพชรรัตน์ดา ปาสิงห์,NON-MERCHANDISE,2023,"  5,220.00 ","  5,220.00 ",21701,00,0,00000
M8016268,8016268,ร้านโชคเสริมวิทย์,NON-MERCHANDISE,2023,"  23,220.00 ","  23,220.00 ",21701,00,0,00000
M6300419,6300419,ผิงก้วน เน็ตเวิร์ค บจก.,FOOD-MERCHANDISE,2023,"  926,560.08 ","  865,944.00 ",21310,02,10,0210
M6300439,6300439,เอ.ที.พี.เคมีคอล บจก.,FOOD-MERCHANDISE,2023,"  19,013,746.41 ","  17,769,856.44 ",21670,04,70,0470
M6300453,6300453,จาโกต้า บราเดอร์ส เทรดดิ้ง บจก. (M6300453),FOOD-MERCHANDISE,2023,"  7,119,441.91 ","  6,653,683.89 ",21760,05,60,0560
M6300470,6300470,สุพร ศรีสืบ บจก.,FOOD-MERCHANDISE,2023,"  1,174,896.53 ","  1,135,340.86 ",21790,05,70,0570
M6300570,6300570,เคซีจี คอร์ปอเรชั่น บมจ. (PLM),FOOD-MERCHANDISE,2023,"  113,562,270.06 ","  106,132,980.80 ",21760,05,60,0560
M6300578,6300578,คนมีเส้น บจก. (PLM),FOOD-MERCHANDISE,2023,"  5,066,216.15 ","  4,767,569.23 ",21760,05,60,0560
M6300622,6300622,สามร้อยหกสิบ ดรีกรี โซลูชั่น บจก. (PLM),FOOD-MERCHANDISE,2023,"  543,121.69 ","  507,590.40 ",21610,04,10,0410
M6300622,6300622,สามร้อยหกสิบ ดรีกรี โซลูชั่น บจก. (PLM),FOOD-MERCHANDISE,2023,"  2,882,325.59 ","  2,692,723.09 ",21620,04,20,0420
M6300646,6300646,อินดิเพนเดนท์ ไวน์ แอนด์ สปิริต (ประเทศไทย) บจก.,FOOD-MERCHANDISE,2023,"  37,200,286.89 ","  34,766,623.14 ",21650,04,50,0450
M6300650,6300650,คิวท์ โปรดักส์ พลัส บจก. PLM (SME),FOOD-MERCHANDISE,2023,"  41,591.79 ","  24,717.80 ",21630,04,30,0430
M6300651,6300651,เกษมชัยฟู๊ด บจก. (แทน 6300617),FOOD-MERCHANDISE,2023,"  38,040,982.08 ","  37,549,593.00 ",21760,05,60,0560
M6300652,6300652,เอราวัณอินเตอร์ฟูด บจก. (PLM),FOOD-MERCHANDISE,2023,"  3,198,735.44 ","  2,989,472.40 ",21630,04,30,0430
M6300652,6300652,เอราวัณอินเตอร์ฟูด บจก. (PLM),FOOD-MERCHANDISE,2023,"  3,421,835.93 ","  3,197,976.09 ",21760,05,60,0560
M6300679,6300679,บลูสไปซ์ บจก. (Export),FOOD-MERCHANDISE,2023,"  280,001.88 ","  216,864.00 ",21630,04,30,0430
M6300686,6300686,ไทยอารีย์ ฟู๊ดแอนด์เฟรนด์ บจก. (Export),FOOD-MERCHANDISE,2023,"  32,100.00 ","  30,000.00 ",21630,04,30,0430
M6300687,6300687,เอเวอรี่ธิง แคน ดู บจก. (Export),FOOD-MERCHANDISE,2023,"  1,103,437.50 ","  1,031,250.00 ",21640,04,40,0440
M6300694,6300694,อุตสาหกรรมมิตรมงคล บจก. (PLM),FOOD-MERCHANDISE,2023,"  635,569.68 ","  593,990.40 ",21660,04,60,0460
M6300711,6300711,มาลี อินเตอร์เนชั่นแนล บจก. (EXPORT),FOOD-MERCHANDISE,2023,"  238,781.20 ","  223,160.00 ",21610,04,10,0410
M6300713,6300713,นครธารา (สุไหงโก-ลก) บจก. PLM (โดนใจ),FOOD-MERCHANDISE,2023,"  347,994.59 ","  325,228.50 ",21640,04,40,0440
M6300716,6300716,ไทยเทพรส บมจ. (EXPORT),FOOD-MERCHANDISE,2023,"  1,207,502.01 ","  1,128,506.55 ",21630,04,30,0430
M6300722,6300722,ดีเคเอสเอช (ประเทศไทย) บจก. IMPORT (Oatside),FOOD-MERCHANDISE,2023,"  5,884,965.97 ","  5,499,968.14 ",21640,04,40,0440
M6300725,6300725,ง่วนสูน พริกไทยและเครื่องเทศ บจก. (EXPORT),FOOD-MERCHANDISE,2023,"  73,958.40 ","  69,120.00 ",21630,04,30,0430
M6300380,6300380,พันธุระ บจก.,FOOD-MERCHANDISE,2023,"  1,674,413.04 ","  1,564,872.00 ",21640,04,40,0440
M6300419,6300419,ผิงก้วน เน็ตเวิร์ค บจก.,FOOD-MERCHANDISE,2023,"  2,462,239.57 ","  2,301,158.45 ",21660,04,60,0460
M6300420,6300420,ปฐวิน บจก. (M6300420),FOOD-MERCHANDISE,2023,"  843,921.84 ","  788,712.00 ",21850,06,30,0630
M6300422,6300422,แสงทองสหฟาร์ม บจก.,FOOD-MERCHANDISE,2023,"  5,884,680.01 ","  5,884,680.01 ",21750,05,50,0550
M6300491,6300491,ซันฟู้ด อินเตอร์เนชั่นแนล บจก. (Mini),FOOD-MERCHANDISE,2023,"  6,581,550.00 ","  6,152,427.36 ",21710,05,10,0510
M6300541,6300541,ฮูทามากิ(ประเทศไทย) บจก. (MINI),FOOD-MERCHANDISE,2023,"  82,928.21 ","  77,503.00 ",21750,05,50,0550
M6400015,6400015,บางกอกแร้นช์ บมจ.,FOOD-HORECA/WHOLESALE,2023,"  2,288,500.00 ","  2,288,500.00 ",21790,05,70,0570
M6400017,6400017,ฟู้ดโปรเจ็ค (สยาม)  บจก. (M6400017),FOOD-HORECA/WHOLESALE,2023,"  425,500.48 ","  397,633.28 ",21760,05,60,0560
M6400049,6400049,เอิร์ธ (ประเทศไทย) บจก. (M6400049),FOOD-HORECA/WHOLESALE,2023,"  964,982.78 ","  901,853.20 ",21671,04,71,0471
M6400390,6400390,อัศวินซุปเปอร์แมน หจก.,FOOD-HORECA/WHOLESALE,2023,"  939,017.06 ","  875,243.76 ",21670,04,70,0470
M6400438,6400438,น้ำมันพืชปทุม บจก.,FOOD-HORECA/WHOLESALE,2023,"  280,921,875.26 ","  262,496,501.56 ",21630,04,30,0430
M6400451,6400451,ฉั่วฮะเส็ง ฟู้ดโปรดักส์ บจก.,FOOD-HORECA/WHOLESALE,2023,"  422,095.34 ","  276,930.68 ",21631,04,31,0431
M6600005,6600005,โกลบอล ออร์แกนิคส์ ดีเวลลอปเปอร์ บจก. (BCFS),FOOD-MERCHANDISE,2023,"  231,778.00 ","  231,778.00 ",21730,05,30,0530
M6600026,6600026,อายิโนะโมะโต๊ะเซลส์ (ประเทศไทย) บจก. (BCFS),FOOD-MERCHANDISE,2023,"  44,940.00 ","  42,000.00 ",21740,05,40,0540
M6600045,6600045,สุนทรธัญทรัพย์ บจก. (BCFS),FOOD-MERCHANDISE,2023,"  567,290.37 ","  567,242.34 ",21630,04,30,0430
M6600048,6600048,วินเนอร์กรุ๊ป เอ็นเตอร์ไพรซ์ บมจ. (BCFS),FOOD-MERCHANDISE,2023,"  175,101.28 ","  82,606.82 ",21610,04,10,0410
M6600049,6600049,ไอ.พี. วัน บจก. (BCFS),FOOD-MERCHANDISE,2023,"  2,609,197.07 ","  2,372,436.80 ",21670,04,70,0470
M6600051,6600051,วาสนาเมล่อนฟาร์ม บจก. (BCFS),FOOD-MERCHANDISE,2023,"  346,359.00 ","  346,359.00 ",21730,05,30,0530
M6600059,6600059,ดัชมิลล์ บจก. (BCFS),FOOD-MERCHANDISE,2023,"  492,403.02 ","  1,167,768.76 ",21760,05,60,0560
M6300596,6300596,โรงน้ำแข็งมิตรภาพขอนแก่น 2002 หจก. (Mini),FOOD-MERCHANDISE,2023,"  1,226,775.61 ","  1,165,764.64 ",21790,05,70,0570
M6300597,6300597,สยาม เอฟ บี โปรดักส์ บจก. (PLM),FOOD-MERCHANDISE,2023,"  108,221,777.36 ","  101,141,848.00 ",21610,04,10,0410
M6300622,6300622,สามร้อยหกสิบ ดรีกรี โซลูชั่น บจก. (PLM),FOOD-MERCHANDISE,2023,"  1,517,299.99 ","  1,411,730.08 ",21630,04,30,0430
M6300625,6300625,ไดนาสตี้ ฟู๊ด โปรดักส์ บจก.,FOOD-MERCHANDISE,2023,"  1,338,609.03 ","  1,249,051.06 ",21610,04,10,0410
M6300647,6300647,สุขสมบูรณ์น้ำมันพืช บจก. (PLM),FOOD-MERCHANDISE,2023,"  117,050,406.81 ","  109,392,903.58 ",21630,04,30,0430
M6300650,6300650,คิวท์ โปรดักส์ พลัส บจก. PLM (SME),FOOD-MERCHANDISE,2023,"  720,591.31 ","  673,449.84 ",21760,05,60,0560
M6300663,6300663,คอปเปอร์เทค บจก. PLM (Dried Food),FOOD-MERCHANDISE,2023,"  1,162,753.14 ","  1,162,753.14 ",21680,04,80,0480
M6600062,6600062,เกรทเอ็มเพอร์เร่อร์ฟู้ดส์ บจก. (BCFS),FOOD-MERCHANDISE,2023,"  60,924.58 ","  56,938.86 ",21710,05,10,0510
M6600063,6600063,เฮอริเทจ มาร์เก็ตติ้ง บจก. (BCFS),FOOD-MERCHANDISE,2023,"  142,949.17 ","  63,289.90 ",21621,04,21,0421
M6600073,6600073,จาโกต้า บราเดอร์ส เทรดดิ้ง บจก. (BCFS),FOOD-MERCHANDISE,2023,"  1,450,267.53 ","  1,361,407.81 ",21790,05,70,0570
M6600088,6600088,เพียวสแควร์ บจก. (BCFS),FOOD-MERCHANDISE,2023,"  295,117.36 ","  275,810.62 ",21630,04,30,0430
M6600088,6600088,เพียวสแควร์ บจก. (BCFS),FOOD-MERCHANDISE,2023,"  77,560.78 ","  72,486.72 ",21740,05,40,0540
M6600091,6600091,ดอยคำผลิตภัณฑ์อาหาร บจก. (น้ำผลไม้) BCFS,FOOD-MERCHANDISE,2023,"  358,015.04 ","  334,593.48 ",21640,04,40,0440
M6600092,6600092,คิงส์ วิช บจก. BCFS (อาหารพร้อมทาน),FOOD-MERCHANDISE,2023,"  178,057.07 ","  167,354.37 ",21760,05,60,0560
M6600093,6600093,บิ๊กบอล ฟู้ด บจก. (BCFS),FOOD-MERCHANDISE,2023,"  114,663.91 ","  107,162.60 ",21760,05,60,0560
M6600103,6600103,ง่วนสูน (1974) (BCFS),FOOD-MERCHANDISE,2023,"  26,640.12 ","  8,550.00 ",21631,04,31,0431
M6600114,6600114,เนสท์เล่ (ไทย) บจก. (BCFS),FOOD-MERCHANDISE,2023,"  115,106,106.76 ","  107,569,558.89 ",21610,04,10,0410
M6600115,6600115,แมสมาร์เกตติ้ง บจก. (BCFS),FOOD-MERCHANDISE,2023,"  135,602.20 ","  43,414.56 ",21671,04,71,0471
M6600119,6600119,ยูนิลีเวอร์ ไทย เทรดดิ้ง บจก. (HPC+FOOD),FOOD-MERCHANDISE,2023,  896.66 ,  838.00 ,21662,04,62,0462
M6600123,6600123,เบทาโกรเกษตรอุตสาหกรรม บจก. (FROZEN) BCFS,FOOD-MERCHANDISE,2023,"  271,140.43 ","  253,402.33 ",21790,05,70,0570
M6600138,6600138,บีวายที ฟู๊ด ซัพพลาย บจก. (BCFS),FOOD-MERCHANDISE,2023,"  2,932,923.02 ","  2,938,142.77 ",21730,05,30,0530
M6300704,6300704,ไทยเนสคอร์เปอร์เรชั่น บจก. (PLM),FOOD-MERCHANDISE,2023,"  7,814,629.44 ","  7,303,392.00 ",21610,04,10,0410
M6300718,6300718,เยลโล่ ฟาร์ม บจก. Non-Vat (PLM),FOOD-MERCHANDISE,2023,"  1,710,683.28 ","  1,710,683.28 ",21610,04,10,0410
M6300729,6300729,อีสาน ควิซีน เชียงใหม่ บจก. (EXPORT),FOOD-MERCHANDISE,2023,"  184,896.00 ","  172,800.00 ",21620,04,20,0420
M6300735,6300735,บิซิเนส อัลไลแอนซ์ กรุ๊ป (ประเทศไทย) บจก. (PLM),FOOD-MERCHANDISE,2023,"  344,671.91 ","  322,123.28 ",21672,04,72,0472
M6400014,6400014,จาโกต้า บราเดอร์ส เทรดดิ้ง บจก. (M6400014),FOOD-HORECA/WHOLESALE,2023,"  88,935,680.95 ","  88,951,130.00 ",21720,05,20,0520
M6400014,6400014,จาโกต้า บราเดอร์ส เทรดดิ้ง บจก. (M6400014),FOOD-HORECA/WHOLESALE,2023,"  164,677.80 ",  -   ,21730,05,30,0530
M6400015,6400015,บางกอกแร้นช์ บมจ.,FOOD-HORECA/WHOLESALE,2023,"  45,240.00 ","  45,240.00 ",21710,05,10,0510
M6600143,6600143,ล็อกซเล่ย์ เทรดดิ้ง บจก. (BCFS),FOOD-MERCHANDISE,2023,"  23,073.92 ","  17,024.40 ",21630,04,30,0430
M6600144,6600144,ซี.พี. คอนซูเมอร์ โพรดักส์ บจก. (BCFS),FOOD-MERCHANDISE,2023,"  74,547.18 ","  37,707.65 ",21631,04,31,0431
M6600144,6600144,ซี.พี. คอนซูเมอร์ โพรดักส์ บจก. (BCFS),FOOD-MERCHANDISE,2023,"  109,920.43 ","  71,711.98 ",21671,04,71,0471
M6600145,6600145,เสถียรรุ่งเรืองมาร์เก็ตติ้ง บจก. (BCFS),FOOD-MERCHANDISE,2023,"  103,843.38 ","  97,049.88 ",21630,04,30,0430
M6600146,6600146,เคซีจี คอร์ปอเรชั่น บมจ. (BCFS),FOOD-MERCHANDISE,2023,"  7,289.90 ","  6,813.00 ",21611,04,11,0411
M6600150,6600150,อาร์ แอนด์ บี ฟู้ด ซัพพลาย บมจ. (BCFS),FOOD-MERCHANDISE,2023,"  213,611.21 ","  199,636.70 ",21610,04,10,0410
M6600156,6600156,มังคิ คิง ฟูด บจก. (BCFS),FOOD-MERCHANDISE,2023,"  71,688.97 ","  66,999.12 ",21760,05,60,0560
M6600158,6600158,ซอสพริกไทยรุ่งเรือง บจก. (BCFS),FOOD-MERCHANDISE,2023,"  107,308.63 ","  94,825.28 ",21631,04,31,0431
M6600167,6600167,เป๊ปซี่-โคล่า (ไทย) เทรดดิ้ง บจก. (BCFS),FOOD-MERCHANDISE,2023,"  197,320.53 ","  184,411.76 ",21620,04,20,0420
M6600172,6600172,เรกคิทท์ เบนคีเซอร์ (ประเทศไทย) บจก. (BCFS),FOOD-MERCHANDISE,2023,"  654,818.29 ","  595,494.03 ",21670,04,70,0470
M6600177,6600177,สหพัฒนพิบูล บมจ. (HBA) BCFS,FOOD-MERCHANDISE,2023,"  300,122.75 ","  269,266.35 ",21640,04,40,0440
M7000803,7000803,คิดส์ แอนด์ ทีนส์ บจก.,NONFOOD-MERCHANDISE,2023,"  2,823,873.46 ","  2,639,134.07 ",21330,02,30,0230
M7000849,7000849,มาราธอน (ประเทศไทย) บจก.,NONFOOD-MERCHANDISE,2023,"  989,519.64 ","  924,784.70 ",21330,02,30,0230
M7000902,7000902,อภิสิทธิ์ อินเตอร์พลาส บจก.,NONFOOD-MERCHANDISE,2023,"  97,962,257.35 ","  91,553,511.53 ",21310,02,10,0210
M7000917,7000917,คอตตอน สปอร์ต หจก.,NONFOOD-MERCHANDISE,2023,"  7,879,743.17 ","  7,364,246.00 ",21110,03,80,0380
M7000918,7000918,แคนนู  อินเตอร์เทรด บจก. (M7000918),NONFOOD-MERCHANDISE,2023,"  108,189.13 ","  101,111.32 ",21222,03,22,0322
M7000926,7000926,พี.แอล.อี.ประภา บจก. (M7000926),NONFOOD-MERCHANDISE,2023,"  18,083.00 ","  16,900.00 ",21222,03,22,0322
M7000960,7000960,ยูทีเจ บจก.,NONFOOD-MERCHANDISE,2023,"  868,919.97 ","  812,074.25 ",21240,03,40,0340
M7001049,7001049,ทีทา โซลูชั่น บจก.,NONFOOD-MERCHANDISE,2023,"  2,803,691.04 ","  2,620,272.00 ",21240,03,40,0340
M7001050,7001050,สหศิลป์ไฮเทค บจก.,NONFOOD-MERCHANDISE,2023,  -   ,  -   ,21310,02,10,0210
M7001074,7001074,ดีเคเอสเอช (ประเทศไทย) บจก. (Carglo),NONFOOD-MERCHANDISE,2023,"  5,141,880.85 ","  4,805,496.04 ",21340,02,40,0240
M6600182,6600182,เอฟบี ฟู้ด เซอร์วิส (2017) บจก. (BCFS),FOOD-MERCHANDISE,2023,"  215,280.90 ","  191,259.60 ",21630,04,30,0430
M6600183,6600183,ล่ำสูง (ประเทศไทย) บมจ. (BCFS),FOOD-MERCHANDISE,2023,"  927,438.58 ","  831,535.60 ",21630,04,30,0430
M6600183,6600183,ล่ำสูง (ประเทศไทย) บมจ. (BCFS),FOOD-MERCHANDISE,2023,"  14,186.65 ","  10,163.19 ",21641,04,41,0441
M6600193,6600193,สยาม ไวเนอรี่คอมเมอร์เชี่ยล บจก. (BCFS),FOOD-MERCHANDISE,2023,"  781,934.66 ","  705,456.93 ",21650,04,50,0450
M6600195,6600195,สุรีย์ อินเตอร์ฟู้ดส์ บจก. (BCFS),FOOD-MERCHANDISE,2023,"  2,609,843.10 ","  2,439,105.76 ",21630,04,30,0430
M6600205,6600205,ดีเคเอสเอช (ประเทศไทย) บจก. (Pichai) BCFS,FOOD-MERCHANDISE,2023,"  77,202.27 ","  64,278.14 ",21630,04,30,0430
M6600223,6600223,สุขสมบูรณ์น้ำมันพืช บจก. (BCFS),FOOD-MERCHANDISE,2023,"  5,987,711.38 ","  5,566,038.75 ",21630,04,30,0430
M6600224,6600224,กรีนสปอต บจก. (BCFS),FOOD-MERCHANDISE,2023,"  1,045,052.59 ","  976,684.67 ",21640,04,40,0440
M6600228,6600228,น้ำมันพืชไทย บมจ. (BCFS),FOOD-MERCHANDISE,2023,"  113,364.36 ","  8,863.00 ",21631,04,31,0431
M6600229,6600229,เดอเบล บจก. (BCFS),FOOD-MERCHANDISE,2023,"  36,309.46 ","  17,380.78 ",21620,04,20,0420
M6600235,6600235,ยูอาร์ซี (ประเทศไทย) บจก. (BCFS),FOOD-MERCHANDISE,2023,"  401,627.67 ","  375,352.91 ",21620,04,20,0420
M6400185,6400185,แพนฟู้ด บจก. (M6400185),FOOD-HORECA/WHOLESALE,2023,"  304,544.68 ","  284,621.20 ",21710,05,10,0510
M6400223,6400223,เนสท์เล่ (ไทย) บจก. (M6400223),FOOD-HORECA/WHOLESALE,2023,"  617,662.82 ","  577,254.94 ",21610,04,10,0410
M6400263,6400263,ดีเคเอสเอช (ประเทศไทย) บจก. (คายาริ),FOOD-HORECA/WHOLESALE,2023,"  630,158.83 ","  588,933.58 ",21671,04,71,0471
M6600001,6600001,ธาริกัน ฟู้ดส์ บจก. (BCFS),FOOD-MERCHANDISE,2023,"  104,538.83 ","  90,545.19 ",21790,05,70,0570
M6600006,6600006,อินชา บีฟ บจก. (BCFS),FOOD-MERCHANDISE,2023,"  2,888.40 ","  2,888.40 ",21710,05,10,0510
M6600027,6600027,บางกอก มีท โปรเซสซิ่ง บจก. (BCFS),FOOD-MERCHANDISE,2023,"  295,555.40 ","  276,220.00 ",21760,05,60,0560
M6600030,6600030,เอช ยู เอ ซีฟู้ด หจก. (BCFS),FOOD-MERCHANDISE,2023,"  145,028.20 ","  145,028.20 ",21720,05,20,0520
M6600037,6600037,ตะวันพืชผล บจก. FF (BCFS),FOOD-MERCHANDISE,2023,"  121,093.00 ","  118,867.00 ",21730,05,30,0530
M6600047,6600047,ดั๊กคิง บจก. (BCFS),FOOD-MERCHANDISE,2023,"  339,700.96 ","  240,744.34 ",21710,05,10,0510
M6600050,6600050,พรสยาม เทรดดิ้ง บจก. (BCFS),FOOD-MERCHANDISE,2023,"  24,516.18 ","  22,912.32 ",21760,05,60,0560
M6600053,6600053,อาซัน เซอร์วิส บจก. (BCFS),FOOD-MERCHANDISE,2023,"  203,629.56 ","  190,308.00 ",21630,04,30,0430
M6600054,6600054,ซีโน-แปซิฟิค เทรดดิ้ง (ไทยแลนด์) บจก. (BCFS),FOOD-MERCHANDISE,2023,"  705,701.65 ","  46,926.00 ",21631,04,31,0431
M6600056,6600056,อัศวิน ซุปเปอร์แมน หจก. (BCFS),FOOD-MERCHANDISE,2023,"  10,713.89 ","  6,743.78 ",21670,04,70,0470
M6600058,6600058,กู๊ดดี้ ซีฟู้ด บจก. (BCFS),FOOD-MERCHANDISE,2023,"  2,980.00 ","  2,980.00 ",21720,05,20,0520
M6600061,6600061,ซิตี้ เฟรช ฟรุ๊ต บจก. (BCFS),FOOD-MERCHANDISE,2023,"  384,788.00 ","  384,788.00 ",21730,05,30,0530
M6600063,6600063,เฮอริเทจ มาร์เก็ตติ้ง บจก. (BCFS),FOOD-MERCHANDISE,2023,"  287,875.55 ","  296,255.91 ",21640,04,40,0440
M6600066,6600066,อังคณา ซอส หจก.,FOOD-MERCHANDISE,2023,"  460,826.50 ","  430,678.96 ",21760,05,60,0560
M6600077,6600077,ผลิตภัณฑ์อาหารกว้างไพศาล บมจ. (BCFS),FOOD-MERCHANDISE,2023,"  206,345.95 ","  192,846.65 ",21630,04,30,0430
M6600081,6600081,ทูกบา แดรี่ ฟาร์ม บจก. (BCFS),FOOD-MERCHANDISE,2023,"  76,483.60 ","  56,000.00 ",21760,05,60,0560
M6600248,6600248,สยามพูลทรัพย์ อินเตอร์ เคมีคอล บจก. (BCFS),FOOD-MERCHANDISE,2023,  627.02 ,  586.00 ,21670,04,70,0470
M6600255,6600255,ดีเคเอสเอช (ประเทศไทย) บจก. (Skippy) BCFS,FOOD-MERCHANDISE,2023,"  33,318.27 ","  31,138.55 ",21610,04,10,0410
M6600258,6600258,เอ็น.ไอ.ซัพพลาย(ไทยแลนด์) บจก. (BCFS),FOOD-MERCHANDISE,2023,"  17,288.02 ","  16,157.03 ",21630,04,30,0430
M6600264,6600264,เนสท์เล่ (ไทย) บจก. (Nestle Professional) BCFS,FOOD-MERCHANDISE,2023,"  25,257.20 ","  23,604.88 ",21611,04,11,0411
M6600266,6600266,แซนนิต้า อินเตอร์เนชั่นแนล บจก. (BCFS),FOOD-MERCHANDISE,2023,"  52,962.30 ","  49,497.48 ",21672,04,72,0472
M6600305,6600305,ซีเอ็นเอฟเทรดดิ้ง บจก. (BCFS),FOOD-MERCHANDISE,2023,"  8,658,130.95 ","  8,658,130.95 ",21760,05,60,0560
M6600309,6600309,เค.อาร์.เอส.สไปร์ซี่ ฟู้ดส์ บจก. (BCFS),FOOD-MERCHANDISE,2023,"  230,716.17 ","  215,622.60 ",21630,04,30,0430
M6600313,6600313,นัชชา รักษาชาติ (BCFS),FOOD-MERCHANDISE,2023,"  53,799.00 ","  53,799.00 ",21760,05,60,0560
M6600314,6600314,เซ่งเฮง นูดเดิ้ล บจก. (BCFS),FOOD-MERCHANDISE,2023,"  45,367.85 ","  42,399.92 ",21630,04,30,0430
M6600322,6600322,เนเจอร์เบสท์ฟู้ด บจก. (BCFS),FOOD-MERCHANDISE,2023,"  164,575.30 ","  117,119.26 ",21620,04,20,0420
M6600326,6600326,มหานครไรซ์ บจก. (BCFS),FOOD-MERCHANDISE,2023,"  797,610.91 ","  797,610.91 ",21630,04,30,0430
M6600087,6600087,ต้ากี่ 1950 บจก. (BCFS),FOOD-MERCHANDISE,2023,"  32,198.44 ","  16,400.00 ",21630,04,30,0430
M6600090,6600090,ดอยคำผลิตภัณฑ์อาหาร บจก. (น้ำผึ้ง) BCFS,FOOD-MERCHANDISE,2023,"  144,582.70 ","  108,687.72 ",21610,04,10,0410
M6600097,6600097,โกเบ-ย่า โชกุฮิน โคเงียว บจก. (BCFS),FOOD-MERCHANDISE,2023,"  81,608.90 ","  73,030.00 ",21760,05,60,0560
M6600099,6600099,ไฮ คิว ผลิตภัณฑ์อาหาร บจก. (BCFS),FOOD-MERCHANDISE,2023,"  824,391.14 ","  745,597.69 ",21630,04,30,0430
M6600105,6600105,เอ็น ซี ไอ อินเตอร์มาร์ท บจก. (BCFS),FOOD-MERCHANDISE,2023,"  304,466.47 ","  255,668.87 ",21630,04,30,0430
M6600106,6600106,เล้งเฮง อกรีฟู้ดส์ บจก. (BCFS),FOOD-MERCHANDISE,2023,"  132,361.84 ","  123,702.64 ",21630,04,30,0430
M6600114,6600114,เนสท์เล่ (ไทย) บจก. (BCFS),FOOD-MERCHANDISE,2023,"  1,265,470.95 ","  1,148,577.00 ",21640,04,40,0440
M6600115,6600115,แมสมาร์เกตติ้ง บจก. (BCFS),FOOD-MERCHANDISE,2023,"  148,638.61 ","  106,027.53 ",21660,04,60,0460
M6600330,6600330,อนุชา แก้วแกมจันทร์ (BCFS),FOOD-MERCHANDISE,2023,"  12,300.00 ","  12,300.00 ",21720,05,20,0520
M6600342,6600342,คิง มารีน ฟู้ดส์ บจก. (BCFS),FOOD-MERCHANDISE,2023,"  39,000.00 ","  39,000.00 ",21790,05,70,0570
M6600348,6600348,ง่วนสูน พริกไทยและเครื่องเทศ บจก. (BCFS),FOOD-MERCHANDISE,2023,"  102,946.92 ","  63,600.00 ",21631,04,31,0431
M6600353,6600353,ยันฮี วิตามิน วอเตอร์ บจก. Pharmacy (BCFS),FOOD-MERCHANDISE,2023,"  45,758.10 ","  42,764.58 ",21850,06,30,0630
M6600356,6600356,น้ำปลาพิไชย บจก. (BCFS),FOOD-MERCHANDISE,2023,"  21,928.60 ","  20,494.00 ",21630,04,30,0430
M6600357,6600357,กรีนแพค มาร์เก็ตติ้ง บจก. (BCFS),FOOD-MERCHANDISE,2023,"  154,824.35 ","  144,695.62 ",21670,04,70,0470
M6600361,6600361,อุตสาหกรรมน้ำปลาระยอง บจก. (BCFS),FOOD-MERCHANDISE,2023,"  60,951.03 ","  56,963.61 ",21630,04,30,0430
M6600365,6600365,เดอะ วินเนอร์ เทรดดิ้ง บจก. BCFS (Seafood),FOOD-MERCHANDISE,2023,"  407,540.00 ","  235,200.00 ",21790,05,70,0570
M6600372,6600372,สยาม เอส ซี ที หจก. (BCFS),FOOD-MERCHANDISE,2023,"  21,840.00 ","  21,840.00 ",21730,05,30,0530
M6600377,6600377,วี.ซี.มีท โปรเซสซิ่ง บจก. (BCFS),FOOD-MERCHANDISE,2023,"  453,355.96 ","  464,015.96 ",21710,05,10,0510
M6600383,6600383,พิมรี่ รีเทล บจก. (BCFS),FOOD-MERCHANDISE,2023,"  4,320.09 ","  9,757.31 ",21630,04,30,0430
M6800003,6800003,แมทเซ็นเตอร์ บจก. (Siri Pharma),FOOD-MERCHANDISE,2023,"  115,055.72 ","  107,528.70 ",21840,06,20,0620
M6800014,6800014,แปซิฟิค เฮลธ์แคร์ (ไทยแลนด์) บจก. (Siri Pharma),FOOD-MERCHANDISE,2023,"  47,772.29 ","  31,424.00 ",21830,06,10,0610
M6800021,6800021,ซิลลิค ฟาร์มา บจก. (แผนกยา) Multiline1 (Siri Pharma),FOOD-MERCHANDISE,2023,"  26,530.69 ","  24,795.05 ",21830,06,10,0610
M6800022,6800022,ซิลลิค ฟาร์มา บจก. (แผนกยา) Abbott EPD (Pharma) Siri Pharma,FOOD-MERCHANDISE,2023,"  7,224.51 ","  (3,738.52)",21830,06,10,0610
M6800023,6800023,ซิลลิค ฟาร์มา บจก. (แผนกยา) GSK MED (Siri Pharma),FOOD-MERCHANDISE,2023,"  159,296.45 ","  148,875.18 ",21830,06,10,0610
M6800038,6800038,เกร๊ทเตอร์มายบาซิน บจก. (Siri Pharma),FOOD-MERCHANDISE,2023,"  78,409.81 ","  69,241.00 ",21840,06,20,0620
M6800039,6800039,ชุมชนเภสัชกรรม บมจ. (Siri Pharma),FOOD-MERCHANDISE,2023,"  20,318.98 ","  17,117.72 ",21830,06,10,0610
M6800045,6800045,เบอร์ลินฟาร์มาซูติคอลอินดัสตรี้ บจก. (Siri Pharma),FOOD-MERCHANDISE,2023,"  29,852.67 ","  27,899.69 ",21830,06,10,0610
M6800050,6800050,ดีเคเอสเอช (ประเทศไทย) บจก. SRB (Siri Pharma),FOOD-MERCHANDISE,2023,  186.18 ,  174.00 ,21860,06,40,0640
M6800061,6800061,ดีเคเอสเอช (ประเทศไทย) บจก. LOREAL (Siri Pharma),FOOD-MERCHANDISE,2023,"  116,722.96 ","  109,086.89 ",21850,06,30,0630
M6800083,6800083,ดีซีเอช ออริกา (ประเทศไทย) บจก. (Siri Pharma),FOOD-MERCHANDISE,2023,"  30,688.12 ","  28,060.08 ",21840,06,20,0620
M6800108,6800108,สาย 4 พีพีดรักส์ บจก. (Siri Pharma),FOOD-MERCHANDISE,2023,"  248,959.62 ","  137,096.00 ",21840,06,20,0620
M6810006,6810006,ทรอปิคานา ออยล์ บจก. (Siri Pharma),BAS CONSOL,2023,  280.00 ,  261.68 ,21850,06,30,0630
M6900017,6900017,ชลบุรีธารทิพย์ หจก. (BCMM),FOOD-MERCHANDISE,2023,"  91,462.08 ","  85,777.92 ",21790,05,70,0570
M7001096,7001096,แซท เทรดดิ้ง บจก.,NONFOOD-MERCHANDISE,2023,"  2,668,721.22 ","  2,494,131.99 ",21520,01,20,0120
M7001103,7001103,เอฟเวอร์ บจก.,NONFOOD-MERCHANDISE,2023,"  99,209.74 ","  95,066.46 ",21330,02,30,0230
M7001111,7001111,เจริญทรัพย์โปรดักส์ บจก. (M7001111),NONFOOD-MERCHANDISE,2023,"  58,242.24 ","  54,432.00 ",21110,03,80,0380
M7001113,7001113,พูนสุชน บจก. (Mer),NONFOOD-MERCHANDISE,2023,"  738,993.36 ","  729,113.93 ",21310,02,10,0210
M7001140,7001140,บลู สตรีม บจก.,NONFOOD-MERCHANDISE,2023,"  5,510,423.31 ","  5,149,927.85 ",21220,03,20,0320
M7001151,7001151,คิทเช่น ดีล บจก.,NONFOOD-MERCHANDISE,2023,"  20,479.80 ","  19,140.00 ",21340,02,40,0240
M7001156,7001156,มายด์แคร์ (ประเทศไทย) บจก.,NONFOOD-MERCHANDISE,2023,"  3,459,372.13 ","  3,233,058.01 ",21240,03,40,0340
M7001190,7001190,โกลพาร์คส์ บจก.,NONFOOD-MERCHANDISE,2023,"  30,053,998.71 ","  28,087,849.26 ",21330,02,30,0230
M7001204,7001204,ดีเอ็นซี อาร์ทแอนด์แอพพาเรล บจก.,NONFOOD-MERCHANDISE,2023,"  28,519,404.63 ","  26,640,980.24 ",21220,03,20,0320
M7001208,7001208,พี.ที.ที.โพรเกรส บจก.,NONFOOD-MERCHANDISE,2023,"  383,383.14 ","  358,302.00 ",21350,02,50,0250
M6600117,6600117,ไทยวา บมจ. (BCFS),FOOD-MERCHANDISE,2023,"  79,316.49 ","  74,127.51 ",21630,04,30,0430
M6600122,6600122,เบทาโกรเกษตรอุตสาหกรรม บจก. (CHILLED) BCFS,FOOD-MERCHANDISE,2023,"  13,291,504.51 ","  13,335,604.51 ",21710,05,10,0510
M6600133,6600133,ดอกบัวคู่ บจก. (BCFS),FOOD-MERCHANDISE,2023,"  22,444.83 ","  20,976.48 ",21660,04,60,0460
M6600137,6600137,ดีเคเอสเอช (ประเทศไทย) บจก. (EMBORG BRAND),FOOD-MERCHANDISE,2023,"  67,399.25 ","  62,989.95 ",21760,05,60,0560
M6600139,6600139,ซีพี-เมจิ บจก. (BCFS),FOOD-MERCHANDISE,2023,"  1,962,854.96 ","  1,908,540.12 ",21760,05,60,0560
M6600142,6600142,ไร่ธัญญะ บจก. (BCFS),FOOD-MERCHANDISE,2023,"  594,877.30 ","  565,169.71 ",21630,04,30,0430
M6600143,6600143,ล็อกซเล่ย์ เทรดดิ้ง บจก. (BCFS),FOOD-MERCHANDISE,2023,"  24,593.73 ","  16,175.04 ",21631,04,31,0431
M6600144,6600144,ซี.พี. คอนซูเมอร์ โพรดักส์ บจก. (BCFS),FOOD-MERCHANDISE,2023,"  289,826.90 ","  256,983.26 ",21630,04,30,0430
M6600144,6600144,ซี.พี. คอนซูเมอร์ โพรดักส์ บจก. (BCFS),FOOD-MERCHANDISE,2023,"  1,505.40 ","  1,406.92 ",21840,06,20,0620
M6600151,6600151,อาร์.เอส.โดเมสติกเทรดดิ้ง บจก. (BCFS),FOOD-MERCHANDISE,2023,"  104,495.88 ","  51,458.22 ",21611,04,11,0411
M6600154,6600154,หยั่น หว่อ หยุ่น คอร์ปอเรชั่น กรุ๊ป บจก. (BCFS),FOOD-MERCHANDISE,2023,"  2,772,783.41 ","  2,348,470.89 ",21630,04,30,0430
M6600163,6600163,บอนกาแฟ (ประเทศไทย) บจก. (BCFS),FOOD-MERCHANDISE,2023,"  153,666.99 ","  143,614.00 ",21610,04,10,0410
M6600164,6600164,ไพโรจน์ (ทั่งซังฮะ) บจก. (BCFS),FOOD-MERCHANDISE,2023,"  127,937.93 ","  77,431.68 ",21631,04,31,0431
M6600177,6600177,สหพัฒนพิบูล บมจ. (HBA) BCFS,FOOD-MERCHANDISE,2023,"  296,339.00 ","  263,283.26 ",21660,04,60,0460
M6600179,6600179,สหพัฒนพิบูล บมจ. (น้ำตาลมิตรผล) BCFS,FOOD-MERCHANDISE,2023,"  717,924.33 ","  545,051.88 ",21630,04,30,0430
M6600181,6600181,ศิริเรืองอำไพ บจก. (BCFS),FOOD-MERCHANDISE,2023,"  205,040.00 ","  202,100.00 ",21630,04,30,0430
M6600196,6600196,คาโอ อินดัสเตรียล (ประเทศไทย) บจก. (BCFS),FOOD-MERCHANDISE,2023,"  264,815.88 ","  70,274.89 ",21671,04,71,0471
M6600197,6600197,เค.วี.เอ็น.อิมปอร์ตเอกซ์ปอร์ต (1991) บจก. (BCFS),FOOD-MERCHANDISE,2023,"  544,452.74 ","  508,834.35 ",21610,04,10,0410
M6600200,6600200,ดิอาจิโอ โมเอ็ท เฮนเนสซี่ (ประเทศไทย) บจก. (BCFS),FOOD-MERCHANDISE,2023,"  1,021,906.84 ","  955,053.12 ",21650,04,50,0450
M6600209,6600209,สิทธินันท์ บจก. (BCFS),FOOD-MERCHANDISE,2023,"  138,548.76 ","  115,845.48 ",21630,04,30,0430
M6600211,6600211,มโนห์รา มาร์เก็ตติ้ง บจก. (BCFS),FOOD-MERCHANDISE,2023,"  70,972.79 ","  66,329.70 ",21630,04,30,0430
M6600214,6600214,พิบูลย์ชัยน้ำพริกเผาไทยแม่ประนอม บจก. (BCFS),FOOD-MERCHANDISE,2023,"  172,357.32 ","  119,328.87 ",21631,04,31,0431
M6600236,6600236,โอลีน บจก. (BCFS),FOOD-MERCHANDISE,2023,"  138,631.39 ","  123,004.14 ",21630,04,30,0430
M6600242,6600242,วาณีฟู๊ด โปรดักส์ บจก. (BCFS),FOOD-MERCHANDISE,2023,"  199,858.58 ","  168,412.72 ",21610,04,10,0410
M6600265,6600265,โรงเส้นหมี่ชอเฮง บจก. (BCFS),FOOD-MERCHANDISE,2023,"  97,270.41 ","  89,201.06 ",21610,04,10,0410
M6600269,6600269,ริเวอร์โปร อินเตอร์เทรด บจก. (BCFS),FOOD-MERCHANDISE,2023,"  4,115.22 ",  -   ,21630,04,30,0430
M6600277,6600277,วรรณวนัช เบเกอรี่ บจก. (BCFS),FOOD-MERCHANDISE,2023,"  129,270.98 ","  120,814.00 ",21750,05,50,0550
M6600283,6600283,นิว ไทย ที เบเกอรี่ หจก. (BCFS),FOOD-MERCHANDISE,2023,"  13,665.08 ","  12,771.10 ",21750,05,50,0550
M6600298,6600298,เอสพีอาร์ 2013 บจก. (BCFS),FOOD-MERCHANDISE,2023,"  4,671,728.41 ","  4,590,131.44 ",21710,05,10,0510
M6600300,6600300,ผิงก้วน เน็ตเวิร์ค บจก. (BCFS),FOOD-MERCHANDISE,2023,"  10,539.99 ","  20,407.98 ",21850,06,30,0630
M6600308,6600308,ไดโช (ประเทศไทย) บจก. (BCFS),FOOD-MERCHANDISE,2023,"  246,104.28 ","  230,004.00 ",21790,05,70,0570
M6600327,6600327,ฟู้ดส์ คลาสสิค บจก. Sea Food (BCFS),FOOD-MERCHANDISE,2023,"  33,293.20 ",  -   ,21730,05,30,0530
M6600331,6600331,ไทยน้ำทิพย์ คอร์ปอเรชั่น บจก. (BCFS),FOOD-MERCHANDISE,2023,"  863,725.14 ","  77,474.88 ",21641,04,41,0441
M6600332,6600332,ชุมพรอุตสาหกรรมน้ำมันปาล์ม บมจ. (BCFS),FOOD-MERCHANDISE,2023,"  622,085.80 ","  581,388.57 ",21630,04,30,0430
M6600333,6600333,ไทย แอ็กโกร เฟรช บจก. (BCFS),FOOD-MERCHANDISE,2023,"  8,302.00 ","  8,302.00 ",21730,05,30,0530
M6600346,6600346,พีบี เบสท์ บจก. BCFS (SME),FOOD-MERCHANDISE,2023,"  173,875.00 ","  162,500.00 ",21790,05,70,0570
M6600350,6600350,คอนเนค แอนด์ แกเธอร์ บจก. (BCFS),FOOD-MERCHANDISE,2023,"  135,718.80 ","  126,840.00 ",21610,04,10,0410
M6600351,6600351,ไทยเฟรชฟาร์ม บจก. (BCFS),FOOD-MERCHANDISE,2023,"  3,139,179.98 ","  3,128,593.69 ",21730,05,30,0530
M6600355,6600355,พี.ดี.เอ็น.คอมเมอร์เชียล บจก. (BCFS),FOOD-MERCHANDISE,2023,"  2,878,364.20 ","  2,878,364.20 ",21710,05,10,0510
M6600363,6600363,ปิยะเวท แบทเทิล บจก. (BCFS),FOOD-MERCHANDISE,2023,"  75,151.68 ","  70,235.23 ",21640,04,40,0440
M6600371,6600371,น้ำมันพืชปทุม บจก. (BCFS),FOOD-MERCHANDISE,2023,"  391,712.11 ","  347,846.08 ",21630,04,30,0430
M6600378,6600378,เอ-เบสท์ บจก. (BCSF),FOOD-MERCHANDISE,2023,"  59,344.08 ","  55,461.76 ",21630,04,30,0430
M6600381,6600381,คาร์กิลล์มีทส์ (ไทยแลนด์) บจก. FF (BCFS),FOOD-MERCHANDISE,2023,"  147,816.00 ","  147,816.00 ",21790,05,70,0570
M6600383,6600383,พิมรี่ รีเทล บจก. (BCFS),FOOD-MERCHANDISE,2023, NULL ,"  52,485.58 ",21620,04,20,0420
M6800019,6800019,ซิลลิค ฟาร์มา บจก. (แผนกยา) Multiline2 (Siri Pharma),FOOD-MERCHANDISE,2023,"  208,654.37 ","  148,585.44 ",21830,06,10,0610
M6800028,6800028,ซิลลิค ฟาร์มา บจก. (แผนกยา) PURICAS (Siri Pharma),FOOD-MERCHANDISE,2023,  58.63 ,  54.80 ,21850,06,30,0630
M6800082,6800082,ลีโอ เมดดิคอล บจก. (Siri Pharma),FOOD-MERCHANDISE,2023,"  2,714.17 ","  2,536.61 ",21840,06,20,0620
M6810005,6810005,อะกรีไลฟ์ (ประเทศไทย) บจก. (Siri Pharma),BAS CONSOL,2023,  367.25 ,  400.93 ,21850,06,30,0630
M6810007,6810007,เคเอส โกลเด้น บจก. (Siri Pharma),BAS CONSOL,2023,"  10,409.10 ","  9,728.13 ",21840,06,20,0620
M6900016,6900016,สกลวอลล์ หจก. (BCMM),FOOD-MERCHANDISE,2023,"  230,516.27 ","  215,435.73 ",21790,05,70,0570
M6900028,6900028,เกร็ดแก้ว กรีน บจก. (BCMM),FOOD-MERCHANDISE,2023,"  114,816.00 ","  107,484.56 ",21790,05,70,0570
M6900055,6900055,บีเอ็มจี ไอศครีม บจก. (BCMM),FOOD-MERCHANDISE,2023,"  45,908.22 ","  48,839.69 ",21790,05,70,0570
M6900058,6900058,เอ็นวี แฟมิลี่ บจก. (BCMM),FOOD-MERCHANDISE,2023,"  27,029.61 ","  25,261.31 ",21790,05,70,0570
M6900080,6900080,ขอนแก่นธีระเทรดดิ้ง หจก. (BCMM),FOOD-MERCHANDISE,2023,"  43,803.84 ","  40,938.16 ",21790,05,70,0570
M6900082,6900082,ฟอร์แคร์ อินโน บจก. BCMM (SME),FOOD-MERCHANDISE,2023,"  19,001.05 ","  17,757.99 ",21620,04,20,0420
M6900027,6900027,เอ็น บี ดิสทริบิวเตอร์ หจก. (BCMM),FOOD-MERCHANDISE,2023,"  26,004.67 ","  24,303.41 ",21790,05,70,0570
M6900031,6900031,แอล เอส กรุ๊ป ดิสทริบิวเตอร์ บจก. (สุราษฎร์) (BCMM),FOOD-MERCHANDISE,2023,"  163,204.04 ","  156,470.18 ",21790,05,70,0570
M6900053,6900053,ปิยธิดาฟู้ด บจก. (BCMM),FOOD-MERCHANDISE,2023,"  75,604.29 ","  70,658.24 ",21790,05,70,0570
M6900071,6900071,บ้านไอติม บจก. (BCMM),FOOD-MERCHANDISE,2023,"  29,128.15 ","  27,222.58 ",21790,05,70,0570
M6900073,6900073,เอ็น.ซี.เอส.โกลด์เบรด บจก. (BCMM),FOOD-MERCHANDISE,2023,"  1,631,121.76 ","  1,524,412.74 ",21750,05,50,0550
M6900082,6900082,ฟอร์แคร์ อินโน บจก. BCMM (SME),FOOD-MERCHANDISE,2023,"  81,638.39 ","  76,297.54 ",21630,04,30,0430
M7000020,7000020,เอ็กซ์โป การ์เมนเทกซ์ บจก.,NONFOOD-MERCHANDISE,2023,"  5,344,441.10 ","  4,995,854.67 ",21220,03,20,0320
M7000126,7000126,พาสทินา บจก.,NONFOOD-MERCHANDISE,2023,"  5,176,555.36 ","  4,837,902.24 ",21310,02,10,0210
M7000129,7000129,เฟิสท์ดรีม บจก.,NONFOOD-MERCHANDISE,2023,"  967,059.58 ","  903,794.00 ",21210,03,10,0310
M7000219,7000219,ดีเคเอสเอช (ประเทศไทย) บจก. (Scotch Brite3M),NONFOOD-MERCHANDISE,2023,"  697,700.21 ","  29,330.50 ",21670,04,70,0470
M7000246,7000246,ทอยส์ มาร์ท บจก.,NONFOOD-MERCHANDISE,2023,"  8,207,889.94 ","  7,670,925.16 ",21330,02,30,0230
M7000263,7000263,ปวีณ์มล บจก.,NONFOOD-MERCHANDISE,2023,"  5,595,652.76 ","  5,229,582.00 ",21661,04,61,0461
M7000277,7000277,วีดีเอส.ดีไซน์  บจก.,NONFOOD-MERCHANDISE,2023,"  21,250,005.26 ","  19,859,818.00 ",21110,03,80,0380
M7000350,7000350,ชาร์ป ไทย บจก.,NONFOOD-MERCHANDISE,2023,"  6,468,888.28 ","  6,043,394.98 ",21520,01,20,0120
M7000360,7000360,กรุ๊ป เอสอีบี(ประเทศไทย) บจก.,NONFOOD-MERCHANDISE,2023,"  363,089.52 ","  339,336.00 ",21512,01,12,0112
M7000368,7000368,เจ เอส มาร์เก็ตติ้ง (ประเทศไทย) บจก.,NONFOOD-MERCHANDISE,2023,"  17,422,136.09 ","  16,282,370.10 ",21350,02,50,0250
M7000020,7000020,เอ็กซ์โป การ์เมนเทกซ์ บจก.,NONFOOD-MERCHANDISE,2023,"  11,122.65 ","  10,395.00 ",21222,03,22,0322
M7000046,7000046,เจ.ซี.เจ. บจก.,NONFOOD-MERCHANDISE,2023,"  182,604.41 ","  36,395.99 ",21320,02,20,0220
M7000116,7000116,ซี.เอส.ซี.เพาเวอร์ บจก.,NONFOOD-MERCHANDISE,2023,"  4,109,681.68 ","  3,833,810.00 ",21560,01,60,0160
M7000264,7000264,เอส แอล แฟมมิลี่ หจก.,NONFOOD-MERCHANDISE,2023,"  22,839,238.00 ","  21,345,082.19 ",21310,02,10,0210
M7000291,7000291,ฟาร์เซ็นท์ เอ็นเตอร์ไพรส์ (ประเทศไทย) บจก. (7000291),NONFOOD-MERCHANDISE,2023,"  1,793,059.47 ","  1,667,504.00 ",21250,03,50,0350
M7000350,7000350,ชาร์ป ไทย บจก.,NONFOOD-MERCHANDISE,2023,"  86,926,828.89 ","  81,240,027.00 ",21512,01,12,0112
M7000437,7000437,เอสวีโอเอ บมจ. (NF),NONFOOD-MERCHANDISE,2023,"  24,857,797.02 ","  23,231,586.00 ",21560,01,60,0160
M7000533,7000533,ทรี คลาส (ประเทศไทย) บจก.,NONFOOD-MERCHANDISE,2023,"  7,636,859.64 ","  7,137,252.00 ",21250,03,50,0350
M7000547,7000547,นำง่ายฮง บจก.,NONFOOD-MERCHANDISE,2023,"  33,402.60 ",  -   ,21360,02,60,0260
M7000586,7000586,โกลด์ซิตี้ ฟุตแวร์ บจก.,NONFOOD-MERCHANDISE,2023,  (0.03),  (0.03),21250,03,50,0350
M7000426,7000426,ซี แอนด์ แอล กรุ๊ป(1993) บจก.,NONFOOD-MERCHANDISE,2023,"  6,737,490.67 ","  6,296,720.25 ",21110,03,80,0380
M7000456,7000456,ธนบุรี มาสเตอร์ กรุ๊ป หจก.,NONFOOD-MERCHANDISE,2023,"  7,629,265.90 ","  7,130,155.05 ",21110,03,80,0380
M7000554,7000554,แอลจี อีเลคทรอนิคส์ (ประเทศไทย) บจก.,NONFOOD-MERCHANDISE,2023,"  199,389,593.05 ","  186,385,777.81 ",21520,01,20,0120
M7000609,7000609,ไทยโฟม  บจก.,NONFOOD-MERCHANDISE,2023,"  862,090.45 ","  805,692.00 ",21310,02,10,0210
M7000611,7000611,โกลด์ ดรากอน อินเตอร์เนชั่นแนล บจก.,NONFOOD-MERCHANDISE,2023,"  3,902,217.36 ","  3,646,929.06 ",21560,01,60,0160
M7000611,7000611,โกลด์ ดรากอน อินเตอร์เนชั่นแนล บจก.,NONFOOD-MERCHANDISE,2023,"  30,323.80 ","  28,340.00 ",21520,01,20,0120
M7000623,7000623,ศรีไทยอินเตอร์เนชั่นแนล บจก.,NONFOOD-MERCHANDISE,2023,"  3,543,956.11 ","  3,312,109.35 ",21310,02,10,0210
M7000682,7000682,วี.อาร์.ทอยส์ บจก.,NONFOOD-MERCHANDISE,2023,"  4,067,878.76 ","  3,801,755.85 ",21330,02,30,0230
M7000698,7000698,สยามพูลทรัพย์ อินเตอร์ เคมีคอล บจก. (HOL),NONFOOD-MERCHANDISE,2023,"  1,995,653.07 ","  1,865,096.34 ",21340,02,40,0240
M7000714,7000714,อาร์ สยาม ทอยส์ หจก.,NONFOOD-MERCHANDISE,2023,"  16,072,812.04 ","  15,021,319.71 ",21330,02,30,0230
M7000747,7000747,แฟคเคลมาน ดิสทริบิวชั่น (ไทยแลนด์) บจก.,NONFOOD-MERCHANDISE,2023,"  794,966.13 ","  742,959.00 ",21310,02,10,0210
M7000765,7000765,วีแอล แอนด์ เอ็ม แอพพาเรล บจก.,NONFOOD-MERCHANDISE,2023,"  667,936.80 ","  624,240.00 ",21210,03,10,0310
M7000800,7000800,การ์ตูน แคแร็คเตอร์ บจก.,NONFOOD-MERCHANDISE,2023,"  3,412,987.78 ","  3,106,680.00 ",21330,02,30,0230
M7000674,7000674,เอเซียอุตสาหกรรมหลอดไฟ บจก.,NONFOOD-MERCHANDISE,2023,"  2,398,337.82 ","  2,241,434.27 ",21340,02,40,0240
M7000709,7000709,เค.พี.กมลกิจ อินเตอร์เทรด บจก.,NONFOOD-MERCHANDISE,2023,"  (1,180,405.00)","  2,161,504.00 ",21512,01,12,0112
M7000722,7000722,ซี เอ็น เฟอร์นิเทค บจก.,NONFOOD-MERCHANDISE,2023,"  17,995,468.65 ","  16,818,195.00 ",21320,02,20,0220
M7000748,7000748,ยูเนียนคราวน์ บจก.,NONFOOD-MERCHANDISE,2023,"  8,086,563.68 ","  7,558,716.15 ",21510,01,10,0110
M7000785,7000785,โกลด์สตาร์ เทรดดิ้ง บจก.,NONFOOD-MERCHANDISE,2023,"  371,311.40 ","  347,020.00 ",21220,03,20,0320
M7000804,7000804,ไฮเทรด บจก.,NONFOOD-MERCHANDISE,2023,"  13,964,257.80 ","  13,050,708.24 ",21320,02,20,0220
M7001251,7001251,ไทย เอชทูโอ อินเตอร์เนชั่นแนล บจก.,NONFOOD-MERCHANDISE,2023,"  14,190,768.27 ","  13,288,230.26 ",21340,02,40,0240
M7001263,7001263,คริสตัล เกสท์ บจก.,NONFOOD-MERCHANDISE,2023,"  5,014,630.97 ","  4,692,901.00 ",21330,02,30,0230
M7001353,7001353,เอ็น.ที.สแตนดาร์ด บจก. (MM),NONFOOD-MERCHANDISE,2023,"  878,160.34 ","  820,710.60 ",21340,02,40,0240
M7001369,7001369,โรงงานลักกี้สตาร์การทอ บจก.,NONFOOD-MERCHANDISE,2023,"  83,203.20 ","  77,760.00 ",21330,02,30,0230
M7000900,7000900,มัลติพาวเวอร์ เอ็นจิเนียริ่ง บจก.,NONFOOD-MERCHANDISE,2023,"  946,395.81 ","  884,482.08 ",21340,02,40,0240
M7000926,7000926,พี.แอล.อี.ประภา บจก. (M7000926),NONFOOD-MERCHANDISE,2023,"  6,658,984.47 ","  6,223,349.30 ",21220,03,20,0320
M7001057,7001057,สุวรรณสมบูรณ์ บจก.,NONFOOD-MERCHANDISE,2023,"  55,194,330.02 ","  51,583,486.00 ",21220,03,20,0320
M7001128,7001128,แอดวานซ์ ไวร์เลส เน็ทเวอร์ค  บจก.,NONFOOD-MERCHANDISE,2023,"  1,169,965.70 ","  1,093,425.88 ",21560,01,60,0160
M7001137,7001137,วาวา การ์เมนท์ บจก.,NONFOOD-MERCHANDISE,2023,"  1,046,470.70 ","  978,010.00 ",21210,03,10,0310
M7001137,7001137,วาวา การ์เมนท์ บจก.,NONFOOD-MERCHANDISE,2023,"  18,317,168.43 ","  17,118,849.00 ",21220,03,20,0320
M7001145,7001145,เอเซียคิงส์ อินเตอร์เทรด บจก.,NONFOOD-MERCHANDISE,2023,  -   ,  -   ,21570,01,70,0170
M7001151,7001151,คิทเช่น ดีล บจก.,NONFOOD-MERCHANDISE,2023,"  7,182,622.06 ","  6,712,729.71 ",21310,02,10,0210
M7001224,7001224,วายวีดี เลเธอร์ บจก.,NONFOOD-MERCHANDISE,2023,"  126,046.00 ","  117,800.00 ",21250,03,50,0350
M7001234,7001234,ดับเบิ้ลสวีท บจก.,NONFOOD-MERCHANDISE,2023,  -   ,  -   ,21610,04,10,0410
M7001241,7001241,ไทยคิดดี บจก.,NONFOOD-MERCHANDISE,2023,"  2,918,849.85 ","  2,727,897.05 ",21340,02,40,0240
M7001245,7001245,ธนบุรี มาสเตอร์ กรุ๊ป หจก. (ประมูล),NONFOOD-MERCHANDISE,2023,"  (3,060.32)","  (2,860.10)",21210,03,10,0310
M7001267,7001267,เจนเนอรัล อีควิเมนท์ บจก.,NONFOOD-MERCHANDISE,2023,"  2,181,132.94 ","  2,038,442.00 ",21340,02,40,0240
M7001271,7001271,เค.เจริญ เทรดดิ้ง บจก.,NONFOOD-MERCHANDISE,2023,"  6,548,487.74 ","  6,130,841.00 ",21210,03,10,0310
M7001404,7001404,ดีเคดับบลิว บจก.,NONFOOD-MERCHANDISE,2023,"  11,794,664.81 ","  11,023,051.24 ",21310,02,10,0210
M7001429,7001429,กิติธัญ บจก. (Promotion),NONFOOD-MERCHANDISE,2023,"  6,101,399.08 ","  5,702,242.13 ",21220,03,20,0320
M7001432,7001432,คลีโอ เนเชอรัล กรุ๊ป บจก. (แอร์เคลื่อนที่),NONFOOD-MERCHANDISE,2023,"  4,793.60 ","  4,480.00 ",21220,03,20,0320
M7001442,7001442,เคเจ.คาเรน  บจก.,NONFOOD-MERCHANDISE,2023,"  3,637,042.35 ","  3,399,105.00 ",21220,03,20,0320
M7001013,7001013,ลัคกี้ สเตรท บจก. (แก๊สกระป๋อง),NONFOOD-MERCHANDISE,2023,"  20,748,982.04 ","  19,389,142.00 ",21330,02,30,0230
M7001025,7001025,กันธารียา บจก.,NONFOOD-MERCHANDISE,2023,"  1,690,634.24 ","  1,552,270.00 ",21320,02,20,0220
M7001038,7001038,ปิยะพงศ์ จานุวงค์,NONFOOD-MERCHANDISE,2023,"  4,915,475.03 ","  5,944,408.67 ",21310,02,10,0210
M7001075,7001075,บ๊าธธิน่า บจก. (M7001075),NONFOOD-MERCHANDISE,2023,"  26,337,624.23 ","  24,657,348.75 ",21340,02,40,0240
M7001082,7001082,ซีเอสเอส พีเอ็น อินเตอร์เนชั่นแนล บจก.,NONFOOD-MERCHANDISE,2023,"  45,155.28 ","  42,201.20 ",21222,03,22,0322
M7001084,7001084,หวังเซิ่นหมิง บจก.,NONFOOD-MERCHANDISE,2023,"  4,857,363.11 ","  4,539,591.50 ",21310,02,10,0210
M7001099,7001099,มัมโมรี่ส์ บจก.,NONFOOD-MERCHANDISE,2023,"  14,927.24 ","  13,950.67 ",21240,03,40,0340
M7001155,7001155,สัมมิท คอร์ปอเรชั่น โอเวอร์ซีส์ บจก.,NONFOOD-MERCHANDISE,2023,"  6,310,127.67 ","  5,897,315.58 ",21240,03,40,0340
M7001284,7001284,บงกชแก้ว (ประเทศไทย) บจก.,NONFOOD-MERCHANDISE,2023,"  32,919,202.65 ","  30,765,172.20 ",21310,02,10,0210
M7001287,7001287,เลิศวัฒนาหิรัญ บจก.,NONFOOD-MERCHANDISE,2023,"  2,462,088.44 ","  2,301,017.17 ",21110,03,80,0380
M7001296,7001296,ซินซาโน่ บจก.,NONFOOD-MERCHANDISE,2023,"  987,624.92 ","  923,013.92 ",21340,02,40,0240
M7001362,7001362,สหภาพแรงงานตัดเย็บเสื้อผ้าเสรีนครพนม,NONFOOD-MERCHANDISE,2023,"  1,691,199.25 ","  1,580,560.00 ",21110,03,80,0380
M7001372,7001372,คาร์ชายน์ บจก.,NONFOOD-MERCHANDISE,2023,"  2,403,983.14 ","  2,246,713.20 ",21340,02,40,0240
M7001389,7001389,ไฮไฟ โอเรียนท์ ไทย บมจ. (HL),NONFOOD-MERCHANDISE,2023,"  23,941,702.04 ","  24,749,101.98 ",21512,01,12,0112
M7001418,7001418,ซูปา (ประเทศไทย) บจก.,NONFOOD-MERCHANDISE,2023,"  978,261.04 ","  914,262.70 ",21340,02,40,0240
M7001421,7001421,เคอีเอ็กซ์ เอ็กซ์เพรส (ประเทศไทย) บมจ. (HOL),NONFOOD-MERCHANDISE,2023,"  2,169,023.75 ","  2,028,091.01 ",21350,02,50,0250
M7001180,7001180,เคบีเอ็น (ประเทศไทย) บจก.,NONFOOD-MERCHANDISE,2023,"  28,945,573.66 ","  27,051,938.00 ",21110,03,80,0380
M7001205,7001205,อุตสาหกรรมคลองสวนการฝ้าย บจก.,NONFOOD-MERCHANDISE,2023,"  2,297,563.92 ","  2,147,256.00 ",21310,02,10,0210
M7001209,7001209,คริสตัลเอ็นเตอร์ไพรส์ หจก.,NONFOOD-MERCHANDISE,2023,"  2,249,770.83 ","  2,102,589.62 ",21340,02,40,0240
M7001245,7001245,ธนบุรี มาสเตอร์ กรุ๊ป หจก. (ประมูล),NONFOOD-MERCHANDISE,2023,"  (15,009.91)","  (14,027.95)",21220,03,20,0320
M7001279,7001279,เดียร์แพเรนส์ อินเตอร์เนชั่นแนล บจก. (SL),NONFOOD-MERCHANDISE,2023,"  655,150.30 ","  612,290.00 ",21320,02,20,0220
M7001478,7001478,เอเซียคิงส์ อินเตอร์เทรด บจก. (No OI),NONFOOD-MERCHANDISE,2023,"  2,189,155.80 ","  2,045,940.00 ",21210,03,10,0310
M7001496,7001496,เอส.ซี.เอส.ฟุตแวร์ บจก. (แทน 7000621),NONFOOD-MERCHANDISE,2023,  (261.75),  (244.63),21350,02,50,0250
M7001499,7001499,เดอะ คอนวีเนี่ยนซ์ กรุ๊ป บจก.,NONFOOD-MERCHANDISE,2023,"  489,614.36 ","  457,583.02 ",21340,02,40,0240
M7001511,7001511,พียูวี อินเตอร์ บจก.,NONFOOD-MERCHANDISE,2023,"  4,660.43 ","  4,355.54 ",21110,03,80,0380
M7001511,7001511,พียูวี อินเตอร์ บจก.,NONFOOD-MERCHANDISE,2023,"  29,292,430.05 ","  27,392,487.44 ",21220,03,20,0320
M7001513,7001513,กิจการดี บจก.,NONFOOD-MERCHANDISE,2023,"  5,049,728.04 ","  4,719,372.00 ",21250,03,50,0350
M7001537,7001537,เทค ทอยส์ บจก.,NONFOOD-MERCHANDISE,2023,"  31,380,266.79 ","  25,286,768.14 ",21320,02,20,0220
M7001561,7001561,เฮฟเว่น ทรี บจก.,NONFOOD-MERCHANDISE,2023,  921.27 ,  861.00 ,21212,03,12,0312
M7001568,7001568,ซี.เอส. ไทย เทรดดิ้ง บจก.,NONFOOD-MERCHANDISE,2023,"  1,040,040.00 ","  972,000.00 ",21330,02,30,0230
M7001583,7001583,กรีนแพค มาร์เก็ตติ้ง บจก. (HOL),NONFOOD-MERCHANDISE,2023,"  712,771.96 ","  666,141.98 ",21340,02,40,0240
M7001586,7001586,บีบี ทอยส์ (ไทยแลนด์) บจก.,NONFOOD-MERCHANDISE,2023,"  1,750,195.64 ","  1,635,696.92 ",21330,02,30,0230
M7001606,7001606,นารา โกลบอล บจก.,NONFOOD-MERCHANDISE,2023,"  537,514.89 ","  502,534.97 ",21330,02,30,0230
M7001611,7001611,พราว แพ็คเกจจิ้ง บจก.,NONFOOD-MERCHANDISE,2023,  469.94 ,  439.20 ,21310,02,10,0210
M7001614,7001614,แปรงไทยแห่งแรก บจก. (โดนใจ),NONFOOD-MERCHANDISE,2023,"  216,662.11 ","  202,487.98 ",21310,02,10,0210
M7001620,7001620,บิ๊ก วัน อินเตอร์ พลาสท์ บจก. (โดนใจ),NONFOOD-MERCHANDISE,2023,"  593,177.20 ","  554,371.22 ",21310,02,10,0210
M7001454,7001454,ซีเอสเอส พีเอ็น อินเตอร์เนชั่นแนล บจก. (NEW),NONFOOD-MERCHANDISE,2023,"  71,486.70 ","  66,810.00 ",21212,03,12,0312
M7001496,7001496,เอส.ซี.เอส.ฟุตแวร์ บจก. (แทน 7000621),NONFOOD-MERCHANDISE,2023,"  97,932,375.30 ","  91,525,583.83 ",21250,03,50,0350
M7001499,7001499,เดอะ คอนวีเนี่ยนซ์ กรุ๊ป บจก.,NONFOOD-MERCHANDISE,2023,"  2,150,982.70 ","  2,010,264.00 ",21330,02,30,0230
M7001505,7001505,เอ็มแอนด์จี คอมเมอร์เชียล บจก.,NONFOOD-MERCHANDISE,2023,"  7,600,483.63 ","  7,103,255.58 ",21350,02,50,0250
M7001514,7001514,ซี ทัชพ้อยท์ บจก.,NONFOOD-MERCHANDISE,2023,"  310,931.30 ","  222,700.00 ",21340,02,40,0240
M7001518,7001518,เลิศวัฒนาหิรัญ บจก. (NO OI),NONFOOD-MERCHANDISE,2023,"  30,174.00 ","  28,200.00 ",21212,03,12,0312
M7001630,7001630,เอมจิตต์ บจก.,NONFOOD-MERCHANDISE,2023,"  (8,675.56)","  (1,914.00)",21220,03,20,0320
M7001631,7001631,เค.พี.กมลกิจ อินเตอร์เทรด บจก. (Remit M7000709),NONFOOD-MERCHANDISE,2023,  -   ,"  (9,861.66)",21560,01,60,0160
M7001632,7001632,พานาโซนิค โซลูชั่นส์ (ประเทศไทย) บจก. (Remit.M1100011),NONFOOD-MERCHANDISE,2023,"  581,371.66 ","  543,338.00 ",21560,01,60,0160
M7001634,7001634,พานาโซนิค โซลูชั่นส์ (ประเทศไทย) บจก. (Lighting) Remit.M7001356,NONFOOD-MERCHANDISE,2023,"  76,491.09 ","  71,487.00 ",21350,02,50,0250
M7001644,7001644,จินตนา อินเตอร์เทรด บจก. (Credit),NONFOOD-MERCHANDISE,2023,"  527,056.56 ","  492,576.22 ",21210,03,10,0310
M7001654,7001654,อมต อินโนเวชั่น บจก. (Pharmacy),FOOD-MERCHANDISE,2023,"  1,755,903.17 ","  1,641,031.00 ",21850,06,30,0630
M7001656,7001656,เอสทูเอส เทรดดิ้ง บจก.,NONFOOD-MERCHANDISE,2023,"  2,588,290.41 ","  2,418,963.00 ",21110,03,80,0380
M7001663,7001663,สปริงไทด์ (ไทยแลนด์) บจก.,NONFOOD-MERCHANDISE,2023,"  1,372,598.29 ","  1,282,802.14 ",21330,02,30,0230
M7001676,7001676,มีบุญพานิชย์ บจก. (NO OI),NONFOOD-MERCHANDISE,2023,"  52,965.00 ","  49,500.00 ",21350,02,50,0250
M7001677,7001677,เอสพีอาร์คอร์เปอร์เรชั่น บจก. (NO OI),NONFOOD-MERCHANDISE,2023,"  422,650.00 ","  395,000.00 ",21350,02,50,0250
M7001538,7001538,ดีพลัส อินเตอร์เทรด บจก. (HL),NONFOOD-MERCHANDISE,2023,"  14,900,318.77 ","  13,925,531.55 ",21560,01,60,0160
M7001577,7001577,ธูปหอมสยาม บจก.,NONFOOD-MERCHANDISE,2023,"  605,983.20 ","  566,898.24 ",21310,02,10,0210
M7001604,7001604,โนเวล การ์เม้นท์ บจก.,NONFOOD-MERCHANDISE,2023,"  4,246,423.40 ","  3,968,620.00 ",21110,03,80,0380
M7001609,7001609,วีเจพี โกลบอล บจก.,NONFOOD-MERCHANDISE,2023,"  4,026.96 ","  3,763.50 ",21310,02,10,0210
M7001630,7001630,เอมจิตต์ บจก.,NONFOOD-MERCHANDISE,2023,"  7,882,635.43 ","  7,368,879.80 ",21210,03,10,0310
M7001637,7001637,ฟอร์ซินส์ แมเนจเมนท์ บจก. (SME),NONFOOD-MERCHANDISE,2023,"  30,533,739.36 ","  28,536,205.00 ",21310,02,10,0210
M7001642,7001642,ชัยโยฟาร์ม บจก. (SME),NONFOOD-MERCHANDISE,2023,"  242,138.71 ","  256,097.31 ",21340,02,40,0240
M7001659,7001659,ฮาตาริ คอนเน็คท์ บจก.,NONFOOD-MERCHANDISE,2023,"  933,864.28 ","  872,770.40 ",21560,01,60,0160
M7001661,7001661,ไฮชิลด์ แก๊ดเจท บจก.,NONFOOD-MERCHANDISE,2023,"  127,002.07 ","  118,693.50 ",21560,01,60,0160
M7001667,7001667,ซีเอสเค เมอร์เชินไดซ์ บจก.,NONFOOD-MERCHANDISE,2023,"  818,813.22 ","  765,246.00 ",21350,02,50,0250
M7001669,7001669,แกรนเดอร์ การ์เมนท์ บจก.,NONFOOD-MERCHANDISE,2023,"  1,312,563.65 ","  1,226,695.00 ",21110,03,80,0380
M7001671,7001671,ทรู มูฟ เอช ยูนิเวอร์แซล คอมมิวนิเคชั่น บจก. (แทนM7001425),NONFOOD-MERCHANDISE,2023,"  13,892,154.01 ","  12,983,321.53 ",21560,01,60,0160
M7001678,7001678,ดี.ดับเบิ้ลยู. อิมปอร์ต เอ็กซ์ปอร์ต บจก.,NONFOOD-MERCHANDISE,2023,"  60,290.67 ","  56,346.42 ",21310,02,10,0210
M7100044,7100044,ฟูเซ่นเอ็นเตอร์ไพรซ์ บจก.,BAS CONSOL,2023,"  436,169.03 ","  407,634.61 ",21220,03,20,0320
M7100100,7100100,พักตรกมล หจก.,BAS CONSOL,2023,"  571,246.02 ","  533,874.78 ",21210,03,10,0310
M7100137,7100137,โปร-ฮีโร่  (ประเทศไทย)  บจก.,BAS CONSOL,2023,"  2,007,876.44 ","  1,876,520.07 ",21210,03,10,0310
M7100225,7100225,ซิงโครอิเล็กทรอนิกส์ บจก.,BAS CONSOL,2023, NULL ,"  2,768.48 ",21560,01,60,0160
M7100235,7100235,นารดา  บจก.,BAS CONSOL,2023,"  12,497,160.58 ","  11,679,589.34 ",21350,02,50,0250
M7100250,7100250,เอาท์ทู บจก.,BAS CONSOL,2023,"  26,860,566.91 ","  25,103,333.49 ",21210,03,10,0310
M7100272,7100272,ลัคกี้ เบลล์ บจก. (BAS),BAS CONSOL,2023,"  1,988,566.18 ","  1,858,473.06 ",21110,03,80,0380
M7001681,7001681,โซเล็กซ์ อินเตอร์เนชั่นแนล (ประเทศไทย) บจก. (New),NONFOOD-MERCHANDISE,2023,"  3,104,441.20 ",  -   ,21360,02,60,0260
M7100044,7100044,ฟูเซ่นเอ็นเตอร์ไพรซ์ บจก.,BAS CONSOL,2023,"  687,497.10 ","  642,520.61 ",21210,03,10,0310
M7100068,7100068,อรนลิน บจก.,BAS CONSOL,2023,"  12,585.50 ","  22,093.05 ",21320,02,20,0220
M7100121,7100121,แอคชั่น อายแวร์ บจก.,BAS CONSOL,2023,"  207,910.89 ","  194,309.23 ",21110,03,80,0380
M7100233,7100233,ซาบีน่า ฟาร์อีสท์ บจก. (BAS),BAS CONSOL,2023,"  92,016,214.63 ","  85,996,462.27 ",21210,03,10,0310
M7100233,7100233,ซาบีน่า ฟาร์อีสท์ บจก. (BAS),BAS CONSOL,2023,"  4,646,320.52 ","  4,342,355.63 ",21213,03,14,0314
M7100242,7100242,จินตนา อินเตอร์เทรด บจก. BAS (สินค้าจัดรายการ),BAS CONSOL,2023,"  376,652.06 ","  352,011.27 ",21213,03,14,0314
M7100250,7100250,เอาท์ทู บจก.,BAS CONSOL,2023,"  2,190,073.71 ","  2,046,797.85 ",21212,03,12,0312
M7100250,7100250,เอาท์ทู บจก.,BAS CONSOL,2023,"  175,865.16 ","  164,359.96 ",21222,03,22,0322
M7100291,7100291,เฟเวอร์เทรด บจก.,BAS CONSOL,2023,"  714,871.15 ","  668,103.87 ",21350,02,50,0250
M7100286,7100286,ล็อก แอนด์ ล็อก (ประเทศไทย) บจก. (BAS),BAS CONSOL,2023,"  92,901.30 ","  91,665.64 ",21510,01,10,0110
M7100375,7100375,ม้าน้ำอินเตอร์กรุ๊ป หจก.,BAS CONSOL,2023,"  146,420.36 ","  136,841.46 ",21212,03,12,0312
M7100415,7100415,ที.เอส.เอ็ม.อินเตอร์เทรด บจก.,BAS CONSOL,2023, NULL ,  291.20 ,21210,03,10,0310
M7100429,7100429,กีโต้(ประเทศไทย) บจก.,BAS CONSOL,2023,"  56,589,071.19 ","  52,886,982.41 ",21250,03,50,0350
M7100431,7100431,ทีจี เซลลูล่าร์เวิลด์ บจก. (BAS),BAS CONSOL,2023,"  451,194,890.05 ","  6,865.71 ",21530,01,30,0130
M7100512,7100512,แฟคเคลมาน ดิสทริบิวชั่น (ไทยแลนด์) บจก. (BAS),BAS CONSOL,2023,"  623,077.01 ","  582,314.99 ",21310,02,10,0210
M7100528,7100528,เจทีที พลัส อินดัสเทรียล บจก.,BAS CONSOL,2023,"  1,226,470.58 ","  1,146,234.19 ",21330,02,30,0230
M7100554,7100554,แครนเบอร์รี่ ดีไซน์ บจก.,BAS CONSOL,2023,  168.00 ,  157.01 ,21350,02,50,0250
M7100556,7100556,สื่อเดินทาง บจก.,BAS CONSOL,2023,"  161,780.43 ","  210,613.34 ",21330,02,30,0230
M7100620,7100620,ทองทวี (2557) บจก.,BAS CONSOL,2023,"  3,055,194.86 ","  2,855,322.27 ",21210,03,10,0310
M7100625,7100625,กังวานสิน บจก.,BAS CONSOL,2023,"  121,629.58 ","  113,672.51 ",21222,03,22,0322
M7100641,7100641,ยงยุทธ กิจพัฒนศิลป์,BAS CONSOL,2023,"  1,316,666.84 ","  1,316,666.84 ",21350,02,50,0250
M7100686,7100686,ไทย อิเล็คทริค เทรดดิ้ง บจก.,BAS CONSOL,2023,"  62,112.04 ","  62,206.64 ",21340,02,40,0240
M7100691,7100691,เดอะพูล มาร์เก็ตติ้ง บจก.,BAS CONSOL,2023,"  3,084,112.73 ","  2,882,348.35 ",21210,03,10,0310
M7100707,7100707,สยามอินเตอร์แฟชั่น บจก.,BAS CONSOL,2023,"  1,232,251.96 ","  1,151,637.34 ",21110,03,80,0380
M7100708,7100708,เอ็มยูยู บจก.,BAS CONSOL,2023,"  19,274.18 ","  18,013.27 ",21210,03,10,0310
M7100727,7100727,วอริกซ์ สปอร์ต บมจ.,BAS CONSOL,2023,"  1,901.25 ","  1,776.85 ",21110,03,80,0380
M7100736,7100736,เอสซีเค การ์เมนท์ บจก.,BAS CONSOL,2023,"  43,262.30 ","  40,432.06 ",21210,03,10,0310
M7100762,7100762,คอร์เดียลดีไลท์ บจก. (Bas),BAS CONSOL,2023,"  3,874,042.63 ","  3,620,600.58 ",21350,02,50,0250
M7100780,7100780,โรงงานฟุตบอลล์ไทย สปอร์ตติ้ง กู๊ดส์ บจก. (SL),BAS CONSOL,2023,"  8,762,993.25 ","  8,189,713.33 ",21220,03,20,0320
M7100784,7100784,รอซโซ่ บจก. (BAS),BAS CONSOL,2023,"  41,558.99 ","  16,648.56 ",21210,03,10,0310
M7100805,7100805,เอกรัตน์อีเล็คทริค บจก.,BAS CONSOL,2023,"  91,932.06 ","  85,917.81 ",21340,02,40,0240
M7100357,7100357,บ้านไท-คริสตัล เซรามิค บจก.,BAS CONSOL,2023,"  1,168,547.91 ",  0.04 ,21360,02,60,0260
M7100392,7100392,เอ็น.เค ไทม์ บจก.,BAS CONSOL,2023,"  422,462.64 ","  687,801.57 ",21212,03,12,0312
M7100404,7100404,นิคอนไทย เซลส์แอนด์เซอร์วิส บจก.,BAS CONSOL,2023,"  29,007,962.01 ","  27,110,244.84 ",21520,01,20,0120
M7100444,7100444,วัฒนาฟุตแวร์ บจก. (BAS),BAS CONSOL,2023, NULL ,  159.21 ,21250,03,50,0350
M7100520,7100520,อินทิเมสโซ่ บจก.,BAS CONSOL,2023,"  52,898,348.81 ","  49,437,709.16 ",21320,02,20,0220
M7100544,7100544,ศุภสินธุ์ คอมเมอร์เชียล หจก. (BAS),BAS CONSOL,2023,"  72,562.10 ","  67,815.05 ",21250,03,50,0350
M7100561,7100561,เบสิคเวย์ บจก.,BAS CONSOL,2023,"  510,529.60 ","  477,130.47 ",21212,03,12,0312
M7100576,7100576,ซันสตาร์ ซัพพลาย บจก.,BAS CONSOL,2023,"  24,909.88 ","  23,280.26 ",21222,03,22,0322
M7100583,7100583,วาสิตา น้อยประดิษฐ,BAS CONSOL,2023,"  80,832.50 ","  80,832.50 ",21212,03,12,0312
M7100585,7100585,วุฒิพงศ์ รังสินธุรัตน์,BAS CONSOL,2023,"  1,556.08 ","  1,556.08 ",21210,03,10,0310
M7100591,7100591,สยามเอ็นพี อินเตอร์เทรด บจก. (BAS),BAS CONSOL,2023,"  377,328.96 ","  2,947,431.82 ",21330,02,30,0230
M7100599,7100599,เป็นต่อโฮลดิ้ง บจก.,BAS CONSOL,2023, NULL ,  156.00 ,21330,02,30,0230
M7100835,7100835,โกลด์สตาร์ เทรดดิ้ง บจก. (BAS),BAS CONSOL,2023,"  5,137,575.71 ","  4,801,472.64 ",21210,03,10,0310
M7100844,7100844,เอ็น วาย เจ กรุ๊ป บจก. (BAS),BAS CONSOL,2023,"  5,735,624.54 ","  5,360,396.78 ",21210,03,10,0310
M7100636,7100636,ที.เค. รีเทล บจก.,BAS CONSOL,2023,  178.20 ,  166.54 ,21210,03,10,0310
M7100678,7100678,คาร์ชายน์ บจก. (แทน 7100184),BAS CONSOL,2023, NULL ,  788.10 ,21340,02,40,0240
M7100706,7100706,กลุ่มเกษตรกรทำสวนยางและผลิตภัณฑ์ยางตาชี,BAS CONSOL,2023, NULL ,  138.85 ,21350,02,50,0250
M7100707,7100707,สยามอินเตอร์แฟชั่น บจก.,BAS CONSOL,2023,"  4,973,673.35 ","  4,648,292.81 ",21210,03,10,0310
M7300194,7300194,ไทยเวลล์เท็กซ์ อินเตอร์โปรดักส์   บจก.,NONFOOD-MERCHANDISE,2023,"  55,519.85 ","  51,887.70 ",21320,02,20,0220
M7300226,7300226,ที.เอ็ม รุ่งเรืองทรัพย์ มาร์เก็ตติ้ง หจก. (LP),NONFOOD-MERCHANDISE,2023,"  227,473.44 ","  212,592.00 ",21310,02,10,0210
M7300253,7300253,เอ.เอ็ม.จี.มาร์เก็ตติ้ง กรุ๊ป หจก.,NONFOOD-MERCHANDISE,2023,"  7,460,602.44 ","  6,972,525.60 ",21310,02,10,0210
M7300258,7300258,พี.เค.ภัทรกิจ  หจก.,NONFOOD-MERCHANDISE,2023,"  567,655.94 ","  530,519.60 ",21350,02,50,0250
M7300356,7300356,SOCIETE INDUSTRIELLE LAITIERE DU LEON,OVERSEAS,2023,"  16,658,790.00 ","  16,658,790.00 ",21750,05,50,0550
M7300384,7300384,EMC Distribution Limited,OVERSEAS,2023,"  4,318,017.54 ","  4,318,017.54 ",21310,02,10,0210
M7300456,7300456,มูลนิธิแม่ฟ้าหลวง ในพระบรมราชูปถัมภ์ (M7300456),NONFOOD-MERCHANDISE,2023,"  41,522.53 ","  41,522.53 ",21210,03,10,0310
M7300614,7300614,HONGCHANG FOODS LIMITED,OVERSEAS,2023,"  27,530,958.78 ","  27,530,958.78 ",21720,05,20,0520
M7300651,7300651,White Stripe Foods Pty Ltd,OVERSEAS,2023,"  37,711,845.78 ","  37,711,845.78 ",21720,05,20,0520
M7300695,7300695,"ANT FARM CO.,LTD.",OVERSEAS,2023,"  639,235.08 ","  639,235.08 ",21730,05,30,0530
M7300696,7300696,"UNIQUE OCEAN CO.,LTD.",OVERSEAS,2023,"  8,887,320.44 ","  7,890,144.18 ",21720,05,20,0520
M7300713,7300713,CHINA LIGHT (GUANGZHOU) HOMETREND TRADING COMPANY LTD,OVERSEAS,2023,"  563,962.80 ","  563,962.80 ",21310,02,10,0210
M7300718,7300718,"Ningbo Kaili Outdoor Products Manufacture Co.,Ltd.",OVERSEAS,2023,"  1,552,710.48 ","  1,552,710.48 ",21210,03,10,0310
M7300725,7300725,Natures Partner Agro Produce,OVERSEAS,2023,"  9,445,460.04 ","  9,445,460.04 ",21730,05,30,0530
M7300751,7300751,EXTENC (DF),OVERSEAS,2023,"  3,501,771.18 ","  3,501,771.18 ",21790,05,70,0570
M7300793,7300793,EXTENC (FF),OVERSEAS,2023,"  15,342,626.21 ","  148,094.51 ",21750,05,50,0550
M7300820,7300820,BRITISH CORNER SHOP LTD,OVERSEAS,2023,"  1,443,552.82 ","  1,246,215.54 ",21610,04,10,0410
M7300833,7300833,คิงส์แพ็ค อินดัสเตรียล บจก. PLM (New),NONFOOD-MERCHANDISE,2023,"  20,504,384.33 ","  19,092,541.70 ",21310,02,10,0210
M7300835,7300835,Juta Food Industries (Melaka) Sdn. Bhd.,OVERSEAS,2023,"  1,101,819.66 ","  1,101,819.66 ",21620,04,20,0420
M7300840,7300840,INI FARMS PRIVATE LIMITED,OVERSEAS,2023,"  2,459,330.28 ","  2,459,330.28 ",21730,05,30,0530
M7300852,7300852,LILING JINGTAO CERAMIC CORPORATION LTD,OVERSEAS,2023,"  1,514,466.67 ","  1,514,466.67 ",21310,02,10,0210
M7300857,7300857,"ZHEJIANG LIFAN FURNITURE CO,LTD.",OVERSEAS,2023,"  404,654.65 ","  404,654.65 ",21320,02,20,0220
M7300862,7300862,WHITE STRIPE FOODS PTY LTD (BUTCHERY),OVERSEAS,2023,"  3,672,992.69 ","  3,672,992.69 ",21710,05,10,0510
M7100735,7100735,เดอะวัน โคลธธิง บจก.,BAS CONSOL,2023,"  137,346.11 ","  126,342.16 ",21210,03,10,0310
M7100740,7100740,แมพ แอคทีฟ อาดิเพอคาซา บจก.,BAS CONSOL,2023,"  5,541.90 ","  5,179.35 ",21210,03,10,0310
M7100740,7100740,แมพ แอคทีฟ อาดิเพอคาซา บจก.,BAS CONSOL,2023,  (594.00),  (555.14),21220,03,20,0320
M7100771,7100771,ลิม ไลน์ แอพพาเรล บจก.,BAS CONSOL,2023,"  651,125.35 ","  608,528.36 ",21110,03,80,0380
M7100808,7100808,โมด้า ยูโรปา บจก.,BAS CONSOL,2023,"  89,282.16 ","  10,954.20 ",21222,03,22,0322
M7100821,7100821,โซว กรุ๊ป อินเตอร์เนชั่นแนล บจก. (BAS),BAS CONSOL,2023,"  1,975,819.70 ","  1,846,560.47 ",21250,03,50,0350
M7100831,7100831,โลตัส แมทเทรส บจก. (BAS),BAS CONSOL,2023,"  127,374,828.18 ","  119,041,895.54 ",21320,02,20,0220
M7400177,7400177,เอสไอเอสดิสทริบิวชั่น (ประเทศไทย) บมจ. B2B,NONFOOD-HORECA/WHOLESALE,2023,"  5,136.00 ","  4,800.00 ",90039,00,0,00000
M7400187,7400187,เค.พี.กมลกิจ อินเตอร์เทรด บจก. (B2B),NONFOOD-HORECA/WHOLESALE,2023,"  3,045,225.35 ","  2,846,005.00 ",21510,01,10,0110
M7400204,7400204,เทอร์มีเดซ บจก. B2B (โดนใจ),NONFOOD-HORECA/WHOLESALE,2023,"  36,112.50 ","  2,752.22 ",90039,00,0,00000
M7601050,7601050,ไทยอุตสาหกรรมพลาสติก (1994) บมจ. (BCFS),NONFOOD-MERCHANDISE,2023,"  188,985.71 ",  1.94 ,21360,02,60,0260
M7601055,7601055,ดีเคเอสเอช (ประเทศไทย) บจก. (SCOTH BRITE) BCFS,NONFOOD-MERCHANDISE,2023,"  80,854.42 ","  75,564.90 ",21310,02,10,0210
M7601063,7601063,โครโนเบลซ บจก. BCFS (SME),NONFOOD-MERCHANDISE,2023,"  42,817.54 ","  78,198.00 ",21310,02,10,0210
M7601064,7601064,บีดี สตรอว์ บจก. (BCFS),NONFOOD-MERCHANDISE,2023,"  44,507.72 ","  41,596.00 ",21310,02,10,0210
M7601065,7601065,ฟรอยด์เดนเบิร์ก โฮม แอนด์ คลีนนิ่ง โซลูชั่นส์ (ไทยแลนด์) บจก. BCFS (SME),NONFOOD-MERCHANDISE,2023,"  88,812.74 ","  83,002.56 ",21310,02,10,0210
M7100873,7100873,จีเอ็มเอ็ม มิวสิค บจก. (แทนM7100772),BAS CONSOL,2023,"  511,314.72 ","  477,864.23 ",21350,02,50,0250
M7300021,7300021,ยูนิ-ท้อป อินเตอร์เนชั่นแนล บจก. (LP),NONFOOD-MERCHANDISE,2023,"  6,962,295.23 ","  6,438,372.91 ",21310,02,10,0210
M7300129,7300129,ออร์ก้า (ประเทศไทย) บจก. (LP),NONFOOD-MERCHANDISE,2023,"  962,864.33 ","  899,873.02 ",21350,02,50,0250
M7300187,7300187,แพน อะเพซ บจก.,NONFOOD-MERCHANDISE,2023,"  7,197,031.86 ","  6,726,198.00 ",21240,03,40,0340
M7300188,7300188,แคบริค (ไทยแลนด์) บจก.,NONFOOD-MERCHANDISE,2023,"  12,341,803.91 ","  11,534,396.16 ",21350,02,50,0250
M7300256,7300256,รอยัลอินดัสตรีส์ (ไทยแลนด์) บมจ.,NONFOOD-MERCHANDISE,2023,"  2,706,023.58 ","  2,528,994.00 ",21240,03,40,0340
M7300304,7300304,บิ๊ก วัน อินเตอร์ พลาสท์ บจก. (M7300304),NONFOOD-MERCHANDISE,2023,"  296,054.45 ","  276,686.40 ",21240,03,40,0340
M7300593,7300593,ปกรณ์เกียรติการพิมพ์ บจก. (PLM),NONFOOD-MERCHANDISE,2023,"  702,530.99 ","  656,571.02 ",21350,02,50,0250
M7300652,7300652,SMYLIE LIMITED,OVERSEAS,2023,"  993,185.38 ","  888,763.89 ",21610,04,10,0410
M7300709,7300709,"QUANZHOU ZIYAN LIGHT INDUSTRY CO.,LTD.",OVERSEAS,2023,"  806,697.00 ","  806,697.00 ",21330,02,30,0230
M7300715,7300715,"HIRIDE ENTERPRISE CO.,LIMITED",OVERSEAS,2023,"  132,157,729.55 ","  132,157,729.55 ",21330,02,30,0230
M7300741,7300741,เจ.ซี.เจ.บจก. (Export MMVN),NONFOOD-MERCHANDISE,2023,"  9,495,029.97 ","  8,873,859.78 ",21310,02,10,0210
M7300751,7300751,EXTENC (DF),OVERSEAS,2023,"  26,197,457.57 ","  16,258,117.69 ",21620,04,20,0420
M7300768,7300768,"YANGJIANG YIPFUNG INDUSTRIAL AND TRADING CO.,LTD",OVERSEAS,2023,"  1,485,349.22 ","  1,485,349.22 ",21310,02,10,0210
M7300770,7300770,"UNION HOME CO.,LTD",OVERSEAS,2023,"  2,370,116.63 ","  2,370,116.63 ",21320,02,20,0220
M7300793,7300793,EXTENC (FF),OVERSEAS,2023,"  19,565,500.76 ","  706,775.32 ",21620,04,20,0420
M7300833,7300833,คิงส์แพ็ค อินดัสเตรียล บจก. PLM (New),NONFOOD-MERCHANDISE,2023,"  7,444,355.94 ","  6,898,878.00 ",21410,02,90,0290
M7300848,7300848,คิงสเตลล่า กรุ๊ป บจก.,NONFOOD-MERCHANDISE,2023,"  714,055.00 ","  667,341.12 ",21340,02,40,0240
M7400205,7400205,บีเอช โปร อินเตอร์เนชั่นเนล บจก. B2B (โดนใจ),NONFOOD-HORECA/WHOLESALE,2023,"  12,813.25 ","  11,975.00 ",21320,02,20,0220
M7400207,7400207,พัฒนาอินเตอร์คูล บจก. B2B (โดนใจ),NONFOOD-HORECA/WHOLESALE,2023,"  144,450.00 ","  135,000.00 ",21510,01,10,0110
M7601042,7601042,สยามอุตสาหกรรมไผ่ บจก. (BCFS),NONFOOD-MERCHANDISE,2023,"  135,891.53 ","  127,001.48 ",21310,02,10,0210
M7001285,7001285,ธนพล เมอร์แชนไดซ์ หจก.,NONFOOD-MERCHANDISE,2023,"  181,437.62 ","  109,260.00 ",21310,02,10,0210
M7001359,7001359,สมาร์ท ไอดี กรุ๊ป บจก. (ปลั๊กไฟ),NONFOOD-MERCHANDISE,2023,"  4,844,401.72 ","  4,485,645.85 ",21340,02,40,0240
M7001359,7001359,สมาร์ท ไอดี กรุ๊ป บจก. (ปลั๊กไฟ),NONFOOD-MERCHANDISE,2023,  -   ,  -   ,21560,01,60,0160
M7001370,7001370,เอสดีที บิสซิเนส คอนเน็คชั่น บจก.,NONFOOD-MERCHANDISE,2023,"  329,945.20 ","  308,360.00 ",21320,02,20,0220
M7001407,7001407,อาร์เอชเอ็ม อินเตอร์กรุ๊ป บจก.,NONFOOD-MERCHANDISE,2023,  (415.70),  (388.50),21530,01,30,0130
M7001437,7001437,ริชเฮ้าส์ เอซ  บจก.,NONFOOD-MERCHANDISE,2023,"  347,921.20 ","  325,160.00 ",21220,03,20,0320
M7601062,7601062,แพน ยูเนียน บจก. (BCFS),NONFOOD-MERCHANDISE,2023,"  21,728.49 ","  20,307.00 ",21310,02,10,0210
M7601067,7601067,เจริญภัณฑ์อินเตอร์กรุ๊ป บจก. (BCFS),NONFOOD-MERCHANDISE,2023,"  65,725.39 ","  61,425.60 ",21310,02,10,0210
M8000769,8000769,พี.พี.แพค เกจจิ้ง บจก.,FOOD-MERCHANDISE,2023,"  6,323,644.31 ","  5,909,947.50 ",21740,05,40,0540
M8000808,8000808,เอฟ แอนด์ ซี เอ็นเตอร์ไพรส์ บจก.,FOOD-MERCHANDISE,2023,"  5,511,845.54 ","  4,728,353.70 ",21730,05,30,0530
M8001600,8001600,ฮูทามากิ (ประเทศไทย) บจก.,NON-MERCHANDISE,2023,"  (89,880.00)","  (84,000.00)",26100,00,0,00000
M8008341,8008341,น้ำแข็ง-น้ำดื่ม สากล (1980) บจก.,NON-MERCHANDISE,2023,"  27,585.00 ","  25,780.39 ",21701,00,0,00000
M8009130,8009130,อำนาจ ชัยวงศ์เวช,NON-MERCHANDISE,2023,"  2,475.00 ","  2,475.00 ",26100,00,0,00000
M8014127,8014127,สุนีย์ เจริญรอด,NON-MERCHANDISE,2023,"  15,400.00 ","  15,400.00 ",21701,00,0,00000
M7001445,7001445,สยามแมสเสส แอนด์ เทรด  บจก.,NONFOOD-MERCHANDISE,2023,"  2,509,909.70 ","  2,345,710.00 ",21220,03,20,0320
M7001454,7001454,ซีเอสเอส พีเอ็น อินเตอร์เนชั่นแนล บจก. (NEW),NONFOOD-MERCHANDISE,2023,"  14,840,708.47 ","  13,869,821.00 ",21210,03,10,0310
M7001454,7001454,ซีเอสเอส พีเอ็น อินเตอร์เนชั่นแนล บจก. (NEW),NONFOOD-MERCHANDISE,2023,"  2,056,170.16 ","  1,921,654.25 ",21270,03,70,0370
M7001461,7001461,สแกนเนอร์ อิเลคทริค อินเตอร์เนชั่นแนล บจก. (EXPO),NONFOOD-MERCHANDISE,2023,"  188,963.02 ",  -   ,21530,01,30,0130
M7001466,7001466,ซุปเปอร์ โกรว์ ซัพพลาย บจก.,NONFOOD-MERCHANDISE,2023,  (449.40),  (420.00),21330,02,30,0230
M7001474,7001474,ซีเอสเอส พีเอ็น อินเตอร์เนชั่นแนล บจก. (NO_OI),NONFOOD-MERCHANDISE,2023,"  712,610.37 ","  665,991.00 ",21270,03,70,0370
M7001499,7001499,เดอะ คอนวีเนี่ยนซ์ กรุ๊ป บจก.,NONFOOD-MERCHANDISE,2023,"  644,214.93 ","  602,070.03 ",21310,02,10,0210
M7001529,7001529,เทล-แดน บจก.,NONFOOD-MERCHANDISE,2023,"  8,279,425.67 ","  7,737,781.00 ",21320,02,20,0220
M7001532,7001532,ลักกี้กลาส บจก.,NONFOOD-MERCHANDISE,2023,"  696,794.70 ","  651,210.00 ",21310,02,10,0210
M7001537,7001537,เทค ทอยส์ บจก.,NONFOOD-MERCHANDISE,2023,  (406.60),  (380.00),21310,02,10,0210
M7001550,7001550,กิจไกร อิมปอร์ต-เอ็กซ์ปอร์ต หจก. (ย้าย OI เป็น HoB),NONFOOD-MERCHANDISE,2023,"  2,071,653.75 ","  1,936,125.00 ",21110,03,80,0380
M7001565,7001565,ดีเคเอสเอช (ประเทศไทย) บจก. (Aluminum Foil&Daimond),NONFOOD-MERCHANDISE,2023,"  2,232,631.53 ","  2,086,571.52 ",21310,02,10,0210
M7001578,7001578,ซีเอ็มเจ อินเตอร์เทรด บจก.,NONFOOD-MERCHANDISE,2023,"  616,077.98 ","  584,640.71 ",21350,02,50,0250
M7001581,7001581,ไฮเออร์ อีเลคทริคอล แอพพลายแอนซ์ (ประเทศไทย) บจก.,NONFOOD-MERCHANDISE,2023,"  18,585,742.96 ","  17,415,942.43 ",21510,01,10,0110
M7001595,7001595,เฮลท์เวย์ ซัพพลาย บจก.,NONFOOD-MERCHANDISE,2023,"  3,793,364.00 ","  3,545,200.00 ",21340,02,40,0240
M7001601,7001601,ธัญญวรรณ์ เทรดดิ้ง บจก.,NONFOOD-MERCHANDISE,2023,"  15,581,502.64 ","  14,562,152.00 ",21220,03,20,0320
M7001605,7001605,วินเนอร์แวร์ บจก. (Children),NONFOOD-MERCHANDISE,2023,"  23,364,385.61 ","  21,835,874.40 ",21110,03,80,0380
M7001607,7001607,ซี ทัชพ้อยท์ บจก. (HL),NONFOOD-MERCHANDISE,2023,"  20,616.76 ","  19,268.00 ",21210,03,10,0310
M7001615,7001615,ซินเน็ค (ประเทศไทย) บมจ. (Brand Apple),NONFOOD-MERCHANDISE,2023,"  37,856,677.26 ","  35,380,072.20 ",21560,01,60,0160
M7001618,7001618,เทพวรรณ สปอร์ตกรุ๊ป  บจก. (SL),NONFOOD-MERCHANDISE,2023,"  4,529,588.20 ","  4,241,225.00 ",21220,03,20,0320
M7001623,7001623,เค.โอ.เค.คิทเช่นแวร์ บจก. (โดนใจ),NONFOOD-MERCHANDISE,2023,"  466,162.62 ","  435,666.00 ",21310,02,10,0210
M7001628,7001628,พาลาดิน เวิร์คแวร์ บจก. (SL),NONFOOD-MERCHANDISE,2023,"  3,319,336.95 ","  3,279,736.02 ",21220,03,20,0320
M7001629,7001629,ทริปเปิล พี แอพพาเรล บจก.,NONFOOD-MERCHANDISE,2023,"  25,842,017.88 ","  24,151,418.57 ",21220,03,20,0320
M7001639,7001639,ไอนาโน๊ส (ประเทศไทย) บจก. (Credit),NONFOOD-MERCHANDISE,2023,"  99,360,591.66 ","  92,871,253.69 ",21520,01,20,0120
M7001639,7001639,ไอนาโน๊ส (ประเทศไทย) บจก. (Credit),NONFOOD-MERCHANDISE,2023,"  67,553.00 ",  -   ,21530,01,30,0130
M7001646,7001646,มาเจซทิค เอ บจก. (Credit),NONFOOD-MERCHANDISE,2023,"  7,093,025.72 ","  6,628,996.00 ",21220,03,20,0320
M7001647,7001647,พีที.อินเตอร์เพ็ท บจก.,NONFOOD-MERCHANDISE,2023,"  26,694.66 ","  24,948.28 ",21680,04,80,0480
M7001650,7001650,เอเชีย เฮลเมท อินดัสตรี้ บจก. (SME),NONFOOD-MERCHANDISE,2023,"  668,766.05 ","  625,015.00 ",21340,02,40,0240
M7001668,7001668,ดีฟายน์ คอร์ปอเรชั่น บจก.,NONFOOD-MERCHANDISE,2023,"  47,661.03 ","  44,543.02 ",21560,01,60,0160
M7001681,7001681,โซเล็กซ์ อินเตอร์เนชั่นแนล (ประเทศไทย) บจก. (New),NONFOOD-MERCHANDISE,2023,"  1,733,106.79 ","  3,389,917.44 ",21340,02,40,0240
M7100100,7100100,พักตรกมล หจก.,BAS CONSOL,2023,"  13,729.80 ","  12,831.60 ",21110,03,80,0380
M7100109,7100109,ธนาธรพัฒนาอุตสาหกรรม บจก.,BAS CONSOL,2023,"  8,618,442.77 ","  8,054,619.43 ",21250,03,50,0350
M7100121,7100121,แอคชั่น อายแวร์ บจก.,BAS CONSOL,2023,"  1,729,445.18 ","  1,616,303.91 ",21212,03,12,0312
M7100196,7100196,คอมโปร โปรเกรส บจก.,BAS CONSOL,2023,"  26,041,500.35 ","  24,337,850.73 ",21520,01,20,0120
M7100220,7100220,ไอนาโน๊ส (ประเทศไทย) บจก.,BAS CONSOL,2023,"  31,624,875.07 ","  29,555,958.04 ",21520,01,20,0120
M7100250,7100250,เอาท์ทู บจก.,BAS CONSOL,2023,"  1,948,400.95 ","  1,820,935.48 ",21220,03,20,0320
M7100274,7100274,ดีวีดี เวิลด์ บจก.,BAS CONSOL,2023,"  3,070,313.16 ","  2,869,451.55 ",21350,02,50,0250
M7100284,7100284,ตรีอมร พลัส บจก.,BAS CONSOL,2023,"  138,572.30 ","  129,506.82 ",21350,02,50,0250
M7100286,7100286,ล็อก แอนด์ ล็อก (ประเทศไทย) บจก. (BAS),BAS CONSOL,2023,"  289,218.17 ","  271,175.75 ",21310,02,10,0210
M7100375,7100375,ม้าน้ำอินเตอร์กรุ๊ป หจก.,BAS CONSOL,2023,"  1,742,882.30 ","  1,628,861.97 ",21320,02,20,0220
M7100379,7100379,ไดอาน่า มาร์เก็ตติ้ง บจก.,BAS CONSOL,2023,"  1,036,049.93 ","  968,270.94 ",21220,03,20,0320
M7100392,7100392,เอ็น.เค ไทม์ บจก.,BAS CONSOL,2023,"  7,456,480.65 ","  6,968,673.49 ",21210,03,10,0310
M7100416,7100416,พี.แอล.อี.ประภา บจก.,BAS CONSOL,2023,"  439,548.12 ","  410,792.63 ",21220,03,20,0320
M7100497,7100497,ไอ มิวสิค เอ็กซ์ตร้า บจก.,BAS CONSOL,2023,"  3,233,688.45 ","  3,022,138.74 ",21330,02,30,0230
M8016129,8016129,ทวีคูณ ไอซ์ บจก.,NON-MERCHANDISE,2023,"  35,750.00 ","  33,411.38 ",21701,00,0,00000
M8000808,8000808,เอฟ แอนด์ ซี เอ็นเตอร์ไพรส์ บจก.,FOOD-MERCHANDISE,2023,"  193,610.28 ","  180,944.19 ",21750,05,50,0550
M8013810,8013810,วิษณุพงศ์ นิ่มจันทร์,NON-MERCHANDISE,2023,"  16,125.00 ","  16,125.00 ",21701,00,0,00000
M8013811,8013811,สุภรณ์ โสภณพงษ์,NON-MERCHANDISE,2023,"  58,870.00 ","  58,870.00 ",21701,00,0,00000
M8015627,8015627,วรรณชาติ ลีโภคานนท์,NON-MERCHANDISE,2023,"  13,530.00 ","  12,644.85 ",21701,00,0,00000
M8016240,8016240,สุริยา กล้าหาญ,NON-MERCHANDISE,2023,"  7,430.00 ","  7,430.00 ",21701,00,0,00000
M7100536,7100536,ร้านเซโกเวียน (BAS),BAS CONSOL,2023,"  37,884.53 ","  35,406.10 ",21220,03,20,0320
M7100548,7100548,เฟรชแก็ตเจ็ต บจก.,BAS CONSOL,2023, NULL ,"  1,701.00 ",21560,01,60,0160
M7100583,7100583,วาสิตา น้อยประดิษฐ,BAS CONSOL,2023,"  1,383,045.29 ","  1,383,045.29 ",21210,03,10,0310
M7100606,7100606,เบบี้ ออลล์ บจก.,BAS CONSOL,2023,"  619,012.19 ","  619,012.19 ",21240,03,40,0340
M7100613,7100613,ดี.เอส.อุตสาหกรรม หจก.,BAS CONSOL,2023, NULL ,  839.52 ,21210,03,10,0310
M7100623,7100623,โบแกท บจก.,BAS CONSOL,2023, NULL ,"  51,575.96 ",21320,02,20,0220
M7100625,7100625,กังวานสิน บจก.,BAS CONSOL,2023,"  34,527.09 ","  32,268.28 ",21110,03,80,0380
M7100630,7100630,นารา อีโค่ ลาเท็กซ์ บจก.,BAS CONSOL,2023,"  12,943.01 ","  12,096.26 ",21350,02,50,0250
M7100635,7100635,เทรดวินเนอร์ บจก.,BAS CONSOL,2023,"  3,182,193.39 ","  2,974,012.52 ",21340,02,40,0240
M7100636,7100636,ที.เค. รีเทล บจก.,BAS CONSOL,2023,"  127,557.09 ","  119,212.23 ",21222,03,22,0322
M7100645,7100645,ไอนาโน๊ส (ประเทศไทย) บจก. (Home Theater),BAS CONSOL,2023,"  64,250,878.59 ","  60,047,550.09 ",21520,01,20,0120
M7100681,7100681,ชู ขันทอง 1957 บจก.,BAS CONSOL,2023,"  51,452.84 ","  48,086.76 ",21220,03,20,0320
M7100691,7100691,เดอะพูล มาร์เก็ตติ้ง บจก.,BAS CONSOL,2023,"  1,572,041.98 ","  1,469,198.12 ",21220,03,20,0320
M7100693,7100693,ซุปเปอร์ โกลเด็น เวิลด์ บจก.,BAS CONSOL,2023,"  6,267,641.08 ","  5,924,222.28 ",21210,03,10,0310
M7100708,7100708,เอ็มยูยู บจก.,BAS CONSOL,2023,"  1,146,060.27 ","  1,071,084.39 ",21220,03,20,0320
M7100713,7100713,อามามี่ อินเตอร์เนชั่นแนล เทรดดิ้ง บจก.,BAS CONSOL,2023, NULL ,"  5,104.41 ",21210,03,10,0310
M7100715,7100715,ศรันย์ โสภากุล,BAS CONSOL,2023,"  4,120,728.90 ","  4,120,728.90 ",21350,02,50,0250
M7100722,7100722,บิ๊กสตาร์ บจก. (BAS),BAS CONSOL,2023,"  15,128,501.58 ","  14,138,786.53 ",21250,03,50,0350
M7100727,7100727,วอริกซ์ สปอร์ต บมจ.,BAS CONSOL,2023,"  2,389.51 ","  2,233.20 ",21210,03,10,0310
M7100736,7100736,เอสซีเค การ์เมนท์ บจก.,BAS CONSOL,2023,"  1,798,141.59 ","  1,680,506.16 ",21220,03,20,0320
M7100760,7100760,หลงไทย อินเตอร์เนชั่นแนล กรุ๊ป บจก. (Bas),BAS CONSOL,2023,"  3,371,720.63 ","  3,205,946.46 ",21250,03,50,0350
M7100766,7100766,โกลด์ซิตี้ฟุตเทค บจก. (Remit 7100600),BAS CONSOL,2023,"  13,709,275.47 ","  12,812,406.98 ",21250,03,50,0350
M7100798,7100798,เอช.เอช.เค.อินเตอร์เทรด บจก.,BAS CONSOL,2023,"  2,332,033.44 ","  2,179,470.48 ",21350,02,50,0250
M7100800,7100800,โกเรีย พาวเวอร์โปรดักส์ (ประเทศไทย) บจก. (BAS),BAS CONSOL,2023,"  7,533.01 ","  7,040.20 ",21340,02,40,0240
M7100822,7100822,ราชาอูชิโน บจก.,BAS CONSOL,2023,"  2,768,601.78 ","  2,587,478.30 ",21320,02,20,0220
M7100833,7100833,พีเอ็มอาร์ (ประเทศไทย) บจก. (BAS),BAS CONSOL,2023,"  2,078,314.71 ","  1,942,350.18 ",21110,03,80,0380
M7300021,7300021,ยูนิ-ท้อป อินเตอร์เนชั่นแนล บจก. (LP),NONFOOD-MERCHANDISE,2023,"  5,306,334.82 ","  4,913,363.40 ",21270,03,70,0370
M7300407,7300407,"TSUJINO AND CO.,LTD.",OVERSEAS,2023,"  4,121,016.15 ","  4,121,016.15 ",21740,05,40,0540
M7300507,7300507,ก๊วยควงเซ้ง (2555) บจก.,NONFOOD-MERCHANDISE,2023,"  2,077,186.27 ","  1,941,295.48 ",21650,04,50,0450
M7300659,7300659,"COSMIC OCEAN CO.,LTD.",OVERSEAS,2023,"  20,912,040.68 ","  20,912,040.68 ",21720,05,20,0520
M7300696,7300696,"UNIQUE OCEAN CO.,LTD.",OVERSEAS,2023,"  14,754,287.69 ","  13,754,188.38 ",21740,05,40,0540
M7300705,7300705,DONGGUAN LOVEHOME FURNITURE LIMITED,OVERSEAS,2023,"  8,040,512.91 ","  8,040,512.91 ",21320,02,20,0220
M7300724,7300724,"NANTONG WELFOAM TEXTILE CO.,LTD",OVERSEAS,2023,"  8,936,534.60 ","  8,936,534.60 ",21320,02,20,0220
M7300735,7300735,NINGBO HOME-DOLLAR IMP.& EXP.CORP.,OVERSEAS,2023,"  479,285.74 ","  479,285.74 ",21330,02,30,0230
M7300752,7300752,"SHIJIAZHUANG FAR EAST IMPORT & EXPORT TRADING CO.,LTD.",OVERSEAS,2023,"  227,501.86 ","  227,501.86 ",21310,02,10,0210
M7300770,7300770,"UNION HOME CO.,LTD",OVERSEAS,2023,"  9,265,330.30 ","  9,265,330.30 ",21330,02,30,0230
M7300773,7300773,YANGJIANG HAIJIE HOUSEWARE LTD,OVERSEAS,2023,"  10,131,009.51 ","  10,131,009.51 ",21310,02,10,0210
M7300805,7300805,"ANQIU PACIFIC FOOD CO.,LTD",OVERSEAS,2023,"  6,898,407.80 ","  6,898,407.80 ",21730,05,30,0530
M7300855,7300855,"Ningbo kingworth global imp & exp co.,ltd",OVERSEAS,2023,"  1,384,418.18 ","  1,384,418.18 ",21320,02,20,0220
M7300863,7300863,SEABORN AS,OVERSEAS,2023,"  875,295.39 ","  875,295.39 ",21720,05,20,0520
M7400114,7400114,พี แอนด์ แอล อแด็ปเตอร์ หจก.,NONFOOD-HORECA/WHOLESALE,2023,"  534,704.63 ","  499,724.10 ",21340,02,40,0240
M7400210,7400210,ซันเด้น เอ็นจิเนียริ่ง ซิสเต็ม (ประเทศไทย) บจก. B2B (โดนใจ),NONFOOD-HORECA/WHOLESALE,2023,"  45,207.50 ","  42,250.00 ",21510,01,10,0110
M7601041,7601041,เอ็น.ไอ.วี.เครื่องครัว บจก. (BCFS),NONFOOD-MERCHANDISE,2023,"  473,507.10 ","  442,530.00 ",21310,02,10,0210
M7601044,7601044,อีสเทิร์น โพลีแพค บจก. (BCFS),NONFOOD-MERCHANDISE,2023,"  342,245.92 ","  398,784.00 ",21310,02,10,0210
M7601045,7601045,ผลิตภัณฑ์กระดาษไทย บจก. (BCFS),NONFOOD-MERCHANDISE,2023,"  525,399.27 ","  491,027.34 ",21310,02,10,0210
M8000769,8000769,พี.พี.แพค เกจจิ้ง บจก.,FOOD-MERCHANDISE,2023,"  12,408,000.00 ","  12,408,000.00 ",21720,05,20,0520
M8013808,8013808,เอเซียบางนา บจก. (Opex),NON-MERCHANDISE,2023,"  179,901.55 ","  167,665.00 ",21701,00,0,00000
M8014276,8014276,ชิดาวุฒิ ไตรสุวรรณสิริ,NON-MERCHANDISE,2023,"  3,135.00 ","  3,135.00 ",21701,00,0,00000
M8014367,8014367,ประเสริฐ ทรัพย์พนาวรรณ,NON-MERCHANDISE,2023,"  32,220.00 ","  32,220.00 ",21701,00,0,00000
M8015891,8015891,วารีน้ำแข็ง บจก.,NON-MERCHANDISE,2023,  630.00 ,  588.78 ,21701,00,0,00000
M9930005,9930005,เซ็นทรัลเทรดดิ้ง บจก.,NONFOOD-MERCHANDISE,2023,"  1,033,198.12 ","  965,605.76 ",21330,02,30,0230